{"type":"footer","name":"Footer","sections":{"form-email-signup":{"type":"form-email-signup","custom_css":[".container.section__wrapper--background {max-width: 100% !important;}"],"settings":{"html_ctm":"<div class=\"klaviyo-form-VGTcdB\"><\/div>","icon":"","caption":"","heading":"Sign Up for Promos & Sales","heading_type":"h2","subheading":"","color_icon":"#ffffff","color_text":"#ffffff","color_subheading":"#ffffff","color_background":"#7392c9","color_background_gradient":"","padding_top_desktop":0,"padding_bottom_desktop":0,"padding_top_mobile":0,"padding_bottom_mobile":0,"style_line_top":"none","style_line_bottom":"none","color_line":"","display_visibility":"hide-no"}},"navigation-footer":{"type":"navigation-footer","blocks":{"logo":{"type":"logo","settings":{"alignment_horizontal":"left","display_fill_available":false,"display_column":false,"display_row":false,"logo":"shopify:\/\/shop_images\/LATHENE_2024-full-white-small.png","width_logo":160}},"rich_text_basic":{"type":"rich_text_basic","settings":{"alignment_horizontal":"left","display_fill_available":false,"display_column":false,"display_row":false,"content":"<p>Our mission is to improve the health and wellbeing of consumers and to provide them with solutions they can understand and trust. <\/p>","size_text":"md","color_text":""}},"button":{"type":"button","disabled":true,"settings":{"alignment_horizontal":"left","display_fill_available":false,"display_column":false,"display_row":false,"text":"Learn more","link":"\/pages\/magazines","style_button":"plain"}},"follow_on_shop_button":{"type":"follow_on_shop_button","disabled":true,"settings":{"display_fill_available":false,"alignment_horizontal":"left","display_column":false,"display_row":false}},"social_media_icons":{"type":"social_media_icons","settings":{"display_fill_available":false,"alignment_horizontal":"left","display_column":false,"display_row":false}},"footer_menu_UQV8km":{"type":"footer_menu","settings":{"alignment_horizontal":"left","display_fill_available":true,"display_column":true,"display_row":false,"heading":"Shop Skincare","menu":"shop-skincare"}},"footer_menu_7NKUGJ":{"type":"footer_menu","settings":{"alignment_horizontal":"left","display_fill_available":true,"display_column":true,"display_row":false,"heading":"Company","menu":"company"}},"footer_menu":{"type":"footer_menu","settings":{"alignment_horizontal":"left","display_fill_available":true,"display_column":true,"display_row":false,"heading":"Legal","menu":"footer"}}},"block_order":["logo","rich_text_basic","button","follow_on_shop_button","social_media_icons","footer_menu_UQV8km","footer_menu_7NKUGJ","footer_menu"],"custom_css":["svg path {fill: white;}","svg rect {fill: #3347aa;}","ul {list-style-type: none;}"],"settings":{"column_count_desktop":3,"column_count_tablet":0,"column_count_mobile":1,"display_country_selector":true,"display_language_selector":true,"display_payment_icons":false,"display_powered_by_shopify":false,"text_copyright":"All rights reserved.","color_icon":"#ffffff","color_text":"#ffffff","color_background":"#7392c9","color_background_gradient":"","padding_top_desktop":32,"padding_bottom_desktop":0,"padding_top_mobile":16,"padding_bottom_mobile":16}},"custom-code":{"type":"custom-code","blocks":{"custom_css":{"type":"custom_css","settings":{"code":""}},"custom_javascript":{"type":"custom_javascript","settings":{"code":""}},"custom_asset_d6TXMT":{"type":"custom_asset","settings":{"code":""}},"414a1a39-df65-499b-bdd0-b9350923f279":{"type":"custom_asset","settings":{"code":""}}},"block_order":["custom_css","custom_javascript","custom_asset_d6TXMT","414a1a39-df65-499b-bdd0-b9350923f279"],"custom_css":[],"settings":{}}},"order":["form-email-signup","navigation-footer","custom-code"]}