{"type":"header","name":"Sitewide header","sections":{"features-bar":{"type":"features-bar","blocks":{"feature_BiyNea":{"type":"feature","settings":{"icon":"local_shipping","title":"FREE U.S. Shipping over $65!","subheading":"Fast and free to your door","link":""}},"feature_MtrXqH":{"type":"feature","settings":{"icon":"auto_awesome","title":"Created by Nurses","subheading":"With effective natural ingredients","link":""}},"feature_L6t9iM":{"type":"feature","settings":{"icon":"settings_phone","title":"800-272-5502","subheading":"Contact Us","link":""}}},"block_order":["feature_BiyNea","feature_MtrXqH","feature_L6t9iM"],"disabled":true,"settings":{"display_border_icon":true,"color_icon":"#191415","color_text":"#191415","color_background":"","color_background_gradient":"","padding_top_desktop":0,"padding_bottom_desktop":0,"padding_top_mobile":0,"padding_bottom_mobile":0,"style_line_top":"none","style_line_bottom":"none","color_line":"","display_visibility":"hide-no"}}},"order":["features-bar"]}