{"sections":{"main":{"type":"main-register","settings":{"icon":"","heading":"Create account","subheading":"<p>Please enter your details below to create an account.<br\/><br\/>We hope you like our new website. We're sorry we could not move your existing account. Please create a new account. We apologize for the inconvenience.<\/p>","color_icon":"","color_text":"","color_subheading":"","color_background":"","color_background_gradient":"","padding_top_desktop":32,"padding_bottom_desktop":32,"padding_top_mobile":16,"padding_bottom_mobile":16,"style_line_top":"none","style_line_bottom":"none","color_line":""}}},"order":["main"]}