[
  {
    "name": "theme_info",
    "theme_name": "Align",
    "theme_version": "1.5.2",
    "theme_author": "Company XYZ",
    "theme_documentation_url": "https://companyxyz.io/documentation",
    "theme_support_url": "https://companyxyz.io/support"
  },
  {
    "name": "t:name.card_settings",
    "settings": [
      {
        "type": "paragraph",
        "content": "t:info.intro_settings_cards"
      },
      {
        "type": "checkbox",
        "id": "display_shadow_card",
        "label": "t:label.show_box_shadow",
        "default": true
      },
      {
        "type": "checkbox",
        "id": "ux_filter_card",
        "label": "t:label.show_image_filter_on_hover",
        "default": true
      },
      {
        "type": "checkbox",
        "id": "ux_scale_card",
        "label": "t:label.scale_on_hover",
        "default": true
      },
      {
        "type": "image_picker",
        "id": "image_default",
        "label": "t:label.default_image",
        "info": "t:info.default_image"
      },
      {
        "type": "header",
        "content": "t:info.header_settings_product_cards"
      },
      {
        "type": "select",
        "id": "card_ratio_image_product",
        "label": "t:label.image_aspect_ratio_settings_product",
        "options": [
          {
            "value": "landscape",
            "label": "t:label.option.landscape"
          },
          {
            "value": "portrait",
            "label": "t:label.option.portrait"
          },
          {
            "value": "square",
            "label": "t:label.option.square"
          },
          {
            "value": "widescreen",
            "label": "t:label.option.widescreen"
          }
        ],
        "default": "square"
      },
      {
        "type": "select",
        "id": "card_style_product",
        "label": "t:label.card_style_settings_product",
        "options": [
          {
            "value": "no_image",
            "label": "t:label.option.no_image"
          },
          {
            "value": "no_padding",
            "label": "t:label.option.no_padding"
          },
          {
            "value": "padding",
            "label": "t:label.option.padding"
          }
        ],
        "default": "padding"
      },
      {
        "type": "select",
        "id": "card_display_text_product",
        "label": "t:label.card_text_settings_product",
        "options": [
          {
            "value": "title_and_excerpt",
            "label": "t:label.option.title_and_excerpt"
          },
          {
            "value": "text",
            "label": "t:label.option.excerpt_only"
          },
          {
            "value": "title",
            "label": "t:label.option.title_only"
          },
          {
            "value": "no_text",
            "label": "t:label.option.no_text"
          }
        ],
        "default": "title_and_excerpt"
      },
      {
        "type": "select",
        "id": "card_style_cta_product",
        "label": "t:label.card_button_style_settings_product",
        "options": [
          {
            "value": "hide",
            "label": "t:label.option.hide"
          },
          {
            "value": "icon",
            "label": "t:label.option.icon_only"
          },
          {
            "value": "text",
            "label": "t:label.option.text_only"
          },
          {
            "value": "text-icon",
            "label": "t:label.option.text_with_icon"
          }
        ],
        "default": "text-icon"
      },
      {
        "type": "checkbox",
        "id": "display_price_card",
        "label": "t:label.show_price",
        "default": true
      },
      {
        "type": "checkbox",
        "id": "display_vendor",
        "label": "t:label.show_vendor"
      },
      {
        "type": "checkbox",
        "id": "card_cta_product",
        "label": "t:label.card_button_type_settings_product",
        "info": "t:info.card_button_type_settings_product",
        "default": true
      },
      {
        "type": "header",
        "content": "t:info.header_settings_article_cards"
      },
      {
        "type": "select",
        "id": "card_ratio_image_article",
        "label": "t:label.image_aspect_ratio_settings_article",
        "options": [
          {
            "value": "landscape",
            "label": "t:label.option.landscape"
          },
          {
            "value": "portrait",
            "label": "t:label.option.portrait"
          },
          {
            "value": "square",
            "label": "t:label.option.square"
          },
          {
            "value": "widescreen",
            "label": "t:label.option.widescreen"
          }
        ],
        "default": "landscape"
      },
      {
        "type": "select",
        "id": "card_style_article",
        "label": "t:label.card_style_settings_article",
        "options": [
          {
            "value": "no_image",
            "label": "t:label.option.no_image"
          },
          {
            "value": "no_padding",
            "label": "t:label.option.no_padding"
          },
          {
            "value": "padding",
            "label": "t:label.option.padding"
          }
        ],
        "default": "padding"
      },
      {
        "type": "select",
        "id": "card_display_text_article",
        "label": "t:label.card_text_settings_article",
        "options": [
          {
            "value": "title_and_excerpt",
            "label": "t:label.option.title_and_excerpt"
          },
          {
            "value": "text",
            "label": "t:label.option.excerpt_only"
          },
          {
            "value": "title",
            "label": "t:label.option.title_only"
          },
          {
            "value": "no_text",
            "label": "t:label.option.no_text"
          }
        ],
        "default": "title_and_excerpt"
      },
      {
        "type": "select",
        "id": "card_style_cta_article",
        "label": "t:label.card_button_style_settings_article",
        "options": [
          {
            "value": "primary",
            "label": "t:label.option.primary"
          },
          {
            "value": "secondary",
            "label": "t:label.option.secondary"
          },
          {
            "value": "xl",
            "label": "t:label.option.extra_large"
          },
          {
            "value": "plain",
            "label": "t:label.option.plain"
          },
          {
            "value": "sm",
            "label": "t:label.option.small"
          },
          {
            "value": "sm-secondary",
            "label": "t:label.option.small_secondary"
          }
        ],
        "default": "plain"
      },
      {
        "type": "select",
        "id": "card_caption_article",
        "label": "t:label.card_caption_settings_article",
        "options": [
          {
            "value": "author",
            "label": "t:label.option.author"
          },
          {
            "value": "date",
            "label": "t:label.option.date"
          },
          {
            "value": "author_and_date",
            "label": "t:label.option.author_and_date"
          },
          {
            "value": "none",
            "label": "t:label.option.none"
          }
        ],
        "default": "author"
      },
      {
        "type": "text",
        "id": "card_badges_tag",
        "label": "t:label.tag_badges",
        "info": "t:info.tag_badges"
      },
      {
        "type": "header",
        "content": "t:info.header_settings_collection_cards"
      },
      {
        "type": "select",
        "id": "card_ratio_image_collection",
        "label": "t:label.image_aspect_ratio_settings_collection",
        "options": [
          {
            "value": "landscape",
            "label": "t:label.option.landscape"
          },
          {
            "value": "portrait",
            "label": "t:label.option.portrait"
          },
          {
            "value": "square",
            "label": "t:label.option.square"
          },
          {
            "value": "widescreen",
            "label": "t:label.option.widescreen"
          }
        ],
        "default": "landscape"
      },
      {
        "type": "select",
        "id": "card_style_collection",
        "label": "t:label.card_style_settings_collection",
        "options": [
          {
            "value": "no_image",
            "label": "t:label.option.no_image"
          },
          {
            "value": "no_padding",
            "label": "t:label.option.no_padding"
          },
          {
            "value": "padding",
            "label": "t:label.option.padding"
          }
        ],
        "default": "padding"
      },
      {
        "type": "select",
        "id": "card_display_text_collection",
        "label": "t:label.card_text_settings_collection",
        "options": [
          {
            "value": "title_and_excerpt",
            "label": "t:label.option.title_and_excerpt"
          },
          {
            "value": "text",
            "label": "t:label.option.excerpt_only"
          },
          {
            "value": "title",
            "label": "t:label.option.title_only"
          },
          {
            "value": "no_text",
            "label": "t:label.option.no_text"
          }
        ],
        "default": "title_and_excerpt"
      },
      {
        "type": "select",
        "id": "card_style_cta_collection",
        "label": "t:label.card_button_style_settings_collection",
        "options": [
          {
            "value": "primary",
            "label": "t:label.option.primary"
          },
          {
            "value": "secondary",
            "label": "t:label.option.secondary"
          },
          {
            "value": "xl",
            "label": "t:label.option.extra_large"
          },
          {
            "value": "plain",
            "label": "t:label.option.plain"
          },
          {
            "value": "sm",
            "label": "t:label.option.small"
          },
          {
            "value": "sm-secondary",
            "label": "t:label.option.small_secondary"
          }
        ],
        "default": "plain"
      },
      {
        "type": "collection_list",
        "id": "card_badges_collection",
        "label": "t:label.collection_badges",
        "info": "t:info.collection_badges"
      }
    ]
  },
  {
    "name": "t:name.cart_settings",
    "settings": [
      {
        "type": "paragraph",
        "content": "t:info.intro_settings_cart"
      },
      {
        "type": "select",
        "id": "ux_cart",
        "label": "t:label.add_to_cart_style",
        "options": [
          {
            "value": "cart",
            "label": "t:label.option.redirect_to_cart"
          },
          {
            "value": "mini-cart",
            "label": "t:label.option.show_mini_cart"
          },
          {
            "value": "icon",
            "label": "t:label.option.update_icon_only"
          }
        ],
        "default": "mini-cart"
      },
      {
        "type": "checkbox",
        "id": "display_dynamic_checkout",
        "label": "t:label.show_dynamic_checkout_buttons",
        "info": "t:info.show_dynamic_checkout_buttons",
        "default": true
      },
      {
        "type": "checkbox",
        "id": "display_note",
        "label": "t:label.show_order_notes",
        "default": true
      },
      {
        "type": "header",
        "content": "t:info.header_mini_cart_settings"
      },
      {
        "type": "radio",
        "id": "cta_cart",
        "label": "t:label.mini_cart_buttons",
        "info": "t:info.mini_cart_buttons",
        "options": [
          {
            "value": "checkout",
            "label": "t:label.option.checkout"
          },
          {
            "value": "cart",
            "label": "t:label.option.view_cart"
          },
          {
            "value": "both",
            "label": "t:label.option.both"
          }
        ],
        "default": "checkout"
      },
      {
        "type": "header",
        "content": "t:info.header_empty_cart_settings"
      },
      {
        "type": "paragraph",
        "content": "t:info.intro_empty_cart_settings"
      },
      {
        "type": "text",
        "id": "heading",
        "label": "t:label.heading"
      },
      {
        "type": "richtext",
        "id": "subheading",
        "label": "t:label.subheading"
      },
      {
        "type": "url",
        "id": "button_url",
        "label": "t:label.button_link"
      },
      {
        "type": "text",
        "id": "button_text",
        "label": "t:label.button_text_empty",
        "info": "t:info.button_text_empty"
      },
      {
        "type": "header",
        "content": "t:info.header_cart_announcement"
      },
      {
        "type": "paragraph",
        "content": "t:info.intro_cart_announcement"
      },
      {
      "type": "text",
      "id": "announcement_header",
      "label": "Announcement Header",
      "default": "Announcement",
      "info": "This will be the title of your announcement accordion section"
    },
      {
        "type": "text",
        "id": "icon_announcement",
        "label": "t:label.announcement_icon",
        "info": "t:info.announcement_icon",
        "default": "info"
      },
      {
        "type": "text",
        "id": "text_announcement",
        "label": "t:label.announcement_text",
        "default": "Secured checkout"
      },
      {
        "type": "color",
        "id": "color_icon_cart",
        "label": "t:label.icon_color_cart"
      },
      {
        "type": "color",
        "id": "color_text_cart",
        "label": "t:label.text_color_cart"
      },
      {
        "type": "header",
        "content": "t:info.header_free_shipping_information"
      },
      {
        "type": "paragraph",
        "content": "t:info.intro_settings_free_shipping_threshold"
      },
      {
        "type": "checkbox",
        "id": "display_free_shipping",
        "label": "t:label.show_free_shipping_information",
        "default": true
      },
      {
        "type": "number",
        "id": "threshold_free_shipping",
        "label": "t:label.threshold",
        "info": "t:info.threshold",
        "default": 40
      }
    ]
  },
  {
    "name": "t:name.color_settings",
    "settings": [
      {
        "type": "paragraph",
        "content": "t:info.intro_settings_colors"
      },
      {
        "type": "header",
        "content": "t:info.header_settings_backgrounds"
      },
      {
        "type": "color",
        "id": "color_background_body",
        "label": "t:label.body_background"
      },
      {
        "type": "color",
        "id": "color_background_alt",
        "label": "t:label.alt_background"
      },
      {
        "type": "header",
        "content": "t:info.header_settings_text"
      },
      {
        "type": "color",
        "id": "color_heading",
        "label": "t:label.heading_text"
      },
      {
        "type": "color",
        "id": "color_text",
        "label": "t:label.body_text"
      },
      {
        "type": "color",
        "id": "color_text_links",
        "label": "t:label.body_links"
      },
      {
        "type": "color",
        "id": "color_text_links_hover",
        "label": "t:label.body_links_hover"
      },
      {
        "type": "header",
        "content": "t:info.header_settings_primary_buttons"
      },
      {
        "type": "color",
        "id": "color_background_button_primary",
        "label": "t:label.button_background"
      },
      {
        "type": "color",
        "id": "color_border_button_primary",
        "label": "t:label.button_border"
      },
      {
        "type": "color",
        "id": "color_text_button_primary",
        "label": "t:label.button_text_color"
      },
      {
        "type": "paragraph",
        "content": "t:info.intro_settings_hover_primary"
      },
      {
        "type": "color",
        "id": "color_background_button_primary_hover",
        "label": "t:label.button_background_hover"
      },
      {
        "type": "color",
        "id": "color_border_button_primary_hover",
        "label": "t:label.button_border_hover"
      },
      {
        "type": "color",
        "id": "color_text_button_primary_hover",
        "label": "t:label.button_text_color_hover"
      },
      {
        "type": "header",
        "content": "t:info.header_settings_secondary_buttons"
      },
      {
        "type": "color",
        "id": "color_background_button_secondary",
        "label": "t:label.button_background_secondary"
      },
      {
        "type": "color",
        "id": "color_border_button_secondary",
        "label": "t:label.button_border_secondary"
      },
      {
        "type": "color",
        "id": "color_text_button_secondary",
        "label": "t:label.button_text_color_secondary"
      },
      {
        "type": "paragraph",
        "content": "t:info.intro_settings_hover"
      },
      {
        "type": "color",
        "id": "color_background_button_secondary_hover",
        "label": "t:label.button_background_hover"
      },
      {
        "type": "color",
        "id": "color_border_button_secondary_hover",
        "label": "t:label.button_border_hover"
      },
      {
        "type": "color",
        "id": "color_text_button_secondary_hover",
        "label": "t:label.button_text_color_secondary_hover"
      },
      {
        "type": "header",
        "content": "t:info.header_settings_cards"
      },
      {
        "type": "color",
        "id": "color_background_card",
        "label": "t:label.card_background"
      },
      {
        "type": "color",
        "id": "color_border_card",
        "label": "t:label.card_border"
      },
      {
        "type": "color",
        "id": "color_heading_card",
        "label": "t:label.card_heading"
      },
      {
        "type": "color",
        "id": "color_text_card",
        "label": "t:label.card_text"
      },
      {
        "type": "header",
        "content": "t:info.header_settings_icons"
      },
      {
        "type": "color",
        "id": "color_icon",
        "label": "t:label.icons"
      },
      {
        "type": "color",
        "id": "color_icon_hover",
        "label": "t:label.icons_hover"
      },
      {
        "type": "header",
        "content": "t:info.header_settings_inputs"
      },
      {
        "type": "color",
        "id": "color_input_placeholder",
        "label": "t:label.input_placeholder_text"
      },
      {
        "type": "color",
        "id": "color_input_text",
        "label": "t:label.input_text"
      },
      {
        "type": "color",
        "id": "color_input_background",
        "label": "t:label.input_background"
      },
      {
        "type": "color",
        "id": "color_input_border",
        "label": "t:label.input_border"
      },
      {
        "type": "header",
        "content": "t:info.header_settings_miscellaneous"
      },
      {
        "type": "color",
        "id": "color_border",
        "label": "t:label.borders"
      },
      {
        "type": "color",
        "id": "color_sale",
        "label": "t:label.sale_price"
      },
      {
        "type": "color",
        "id": "color_overlay",
        "label": "t:label.overlays"
      },
      {
        "type": "range",
        "id": "opacity_overlay",
        "label": "t:label.overlay_opacity",
        "min": 0,
        "max": 100,
        "step": 4,
        "unit": "%",
        "default": 80
      },
      {
        "type": "checkbox",
        "id": "ux_blur_overlay",
        "label": "t:label.enable_overlay_blur_effect"
      }
    ]
  },
  {
    "name": "t:name.currency_settings",
    "settings": [
      {
        "type": "checkbox",
        "id": "display_currency",
        "label": "t:label.show_currency_codes",
        "info": "t:info.show_currency_codes"
      }
    ]
  },
  {
    "name": "t:name.favicon_settings",
    "settings": [
      {
        "type": "paragraph",
        "content": "t:info.intro_settings_favicon"
      },
      {
        "type": "image_picker",
        "id": "favicon",
        "label": "t:label.favicon"
      }
    ]
  },
  {
    "name": "t:name.features_bar_settings",
    "settings": [
      {
        "type": "paragraph",
        "content": "t:info.intro_settings_features_bar"
      },
      {
        "type": "paragraph",
        "content": "t:info.intro_settings_features_bar_theme_settings"
      },
      {
        "type": "header",
        "content": "t:info.header_settings_item_1"
      },
      {
        "type": "text",
        "id": "icon_1",
        "label": "t:label.icon_1_features_bar",
        "info": "t:info.icon_1_features_bar",
        "default": "verified"
      },
      {
        "type": "text",
        "id": "heading_1",
        "label": "t:label.heading_1_features_bar",
        "default": "Feature"
      },
      {
        "type": "text",
        "id": "subheading_1",
        "label": "t:label.subheading_1_features_bar",
        "default": "Subheading"
      },
      {
        "type": "url",
        "id": "link_1",
        "label": "t:label.link_1_features_bar"
      },
      {
        "type": "header",
        "content": "t:info.header_settings_item_2"
      },
      {
        "type": "text",
        "id": "icon_2",
        "label": "t:label.icon_2_features_bar",
        "info": "t:info.icon_2_features_bar",
        "default": "verified"
      },
      {
        "type": "text",
        "id": "heading_2",
        "label": "t:label.heading_2_features_bar",
        "default": "Feature"
      },
      {
        "type": "text",
        "id": "subheading_2",
        "label": "t:label.subheading_2_features_bar",
        "default": "Subheading"
      },
      {
        "type": "url",
        "id": "link_2",
        "label": "t:label.link_2_features_bar"
      },
      {
        "type": "header",
        "content": "t:info.header_settings_item_3"
      },
      {
        "type": "text",
        "id": "icon_3",
        "label": "t:label.icon_3_features_bar",
        "info": "t:info.icon_3_features_bar",
        "default": "verified"
      },
      {
        "type": "text",
        "id": "heading_3",
        "label": "t:label.heading_3_features_bar",
        "default": "Feature"
      },
      {
        "type": "text",
        "id": "subheading_3",
        "label": "t:label.subheading_3_features_bar",
        "default": "Subheading"
      },
      {
        "type": "url",
        "id": "link_3",
        "label": "t:label.link_3_features_bar"
      },
      {
        "type": "header",
        "content": "t:info.header_settings_item_4"
      },
      {
        "type": "text",
        "id": "icon_4",
        "label": "t:label.icon_4_features_bar",
        "info": "t:info.icon_4_features_bar"
      },
      {
        "type": "text",
        "id": "heading_4",
        "label": "t:label.heading_4_features_bar"
      },
      {
        "type": "text",
        "id": "subheading_4",
        "label": "t:label.subheading_4_features_bar"
      },
      {
        "type": "url",
        "id": "link_4",
        "label": "t:label.link_4_features_bar"
      },
      {
        "type": "header",
        "content": "t:info.header_color_settings"
      },
      {
        "type": "paragraph",
        "content": "t:info.intro_color_settings"
      },
      {
        "type": "color",
        "id": "color_icon_features",
        "label": "t:label.icon_color_features_bar"
      },
      {
        "type": "color",
        "id": "color_text_features",
        "label": "t:label.text_color_features_bar"
      },
      {
        "type": "color",
        "id": "color_background_features",
        "label": "t:label.background_color_features_bar"
      },
      {
        "type": "color_background",
        "id": "color_background_gradient_features",
        "label": "t:label.background_gradient_features_bar"
      }
    ]
  },
  {
    "name": "t:name.font_settings",
    "settings": [
      {
        "type": "paragraph",
        "content": "t:info.intro_settings_fonts"
      },
      {
        "type": "font_picker",
        "id": "font_body",
        "label": "t:label.body_font",
        "info": "t:info.body_font",
        "default": "sans-serif"
      },
      {
        "type": "font_picker",
        "id": "font_button",
        "label": "t:label.button_font",
        "info": "t:info.button_font",
        "default": "sans-serif"
      },
      {
        "type": "font_picker",
        "id": "font_caption",
        "label": "t:label.caption_font",
        "info": "t:info.caption_font",
        "default": "mono"
      },
      {
        "type": "header",
        "content": "t:info.header_settings_heading_fonts"
      },
      {
        "type": "font_picker",
        "id": "font_card_heading",
        "label": "t:label.card_heading_font",
        "info": "t:info.card_heading_font",
        "default": "sans-serif"
      },
      {
        "type": "font_picker",
        "id": "font_h1",
        "label": "t:label.heading_1_font",
        "info": "t:info.heading_1_font",
        "default": "sans-serif"
      },
      {
        "type": "font_picker",
        "id": "font_h2",
        "label": "t:label.heading_2_font",
        "info": "t:info.heading_2_font",
        "default": "sans-serif"
      },
      {
        "type": "font_picker",
        "id": "font_h3",
        "label": "t:label.heading_3_font",
        "default": "sans-serif"
      },
      {
        "type": "font_picker",
        "id": "font_h4",
        "label": "t:label.heading_4_font",
        "default": "sans-serif"
      },
      {
        "type": "font_picker",
        "id": "font_h5",
        "label": "t:label.heading_5_font",
        "default": "sans-serif"
      },
      {
        "type": "font_picker",
        "id": "font_h6",
        "label": "t:label.heading_6_font",
        "default": "sans-serif"
      },
      {
        "type": "header",
        "content": "t:info.header_settings_custom_fonts"
      },
      {
        "type": "paragraph",
        "content": "t:info.intro_settings_custom_fonts"
      },
      {
        "type": "textarea",
        "id": "font_custom_service",
        "label": "t:label.custom_font_service",
        "info": "t:info.custom_font_service"
      },
      {
        "type": "paragraph",
        "content": "t:info.intro_settings_custom_hosted"
      },
      {
        "type": "text",
        "id": "font_custom_hosted_name",
        "label": "t:label.custom_font_hosted_family_name",
        "info": "t:info.custom_font_hosted_family_name"
      },
      {
        "type": "text",
        "id": "font_custom_hosted_woff",
        "label": "t:label.custom_font_hosted_woff",
        "info": "t:info.custom_font_hosted_woff"
      },
      {
        "type": "text",
        "id": "font_custom_hosted_woff2",
        "label": "t:label.custom_font_hosted_woff2",
        "info": "t:info.custom_font_hosted_woff2"
      },
      {
        "type": "header",
        "content": "t:info.header_settings_custom_fonts_body"
      },
      {
        "type": "text",
        "id": "font_body_custom_family",
        "label": "t:label.custom_font_family_body",
        "info": "t:info.custom_font_family_body"
      },
      {
        "type": "range",
        "id": "font_body_custom_weight",
        "label": "t:label.custom_font_weight_body",
        "info": "t:info.custom_font_weight_body",
        "min": 100,
        "max": 800,
        "step": 100,
        "default": 400
      },
      {
        "type": "select",
        "id": "font_body_custom_style",
        "label": "t:label.custom_font_style_body",
        "info": "t:info.custom_font_style_body",
        "options": [
          {
            "value": "regular",
            "label": "t:label.option.regular"
          },
          {
            "value": "italic",
            "label": "t:label.option.italic"
          }
        ]
      },
      {
        "type": "header",
        "content": "t:info.header_settings_custom_fonts_button"
      },
      {
        "type": "text",
        "id": "font_button_custom_family",
        "label": "t:label.custom_font_family_button",
        "info": "t:info.custom_font_family_button"
      },
      {
        "type": "range",
        "id": "font_button_custom_weight",
        "label": "t:label.custom_font_weight_button",
        "info": "t:info.custom_font_weight_button",
        "min": 100,
        "max": 800,
        "step": 100,
        "default": 400
      },
      {
        "type": "select",
        "id": "font_button_custom_style",
        "label": "t:label.custom_font_style_button",
        "info": "t:info.custom_font_style_button",
        "options": [
          {
            "value": "regular",
            "label": "t:label.option.regular"
          },
          {
            "value": "italic",
            "label": "t:label.option.italic"
          }
        ]
      },
      {
        "type": "header",
        "content": "t:info.header_settings_custom_fonts_captions"
      },
      {
        "type": "text",
        "id": "font_caption_custom_family",
        "label": "t:label.custom_font_family_caption",
        "info": "t:info.custom_font_family_caption"
      },
      {
        "type": "range",
        "id": "font_caption_custom_weight",
        "label": "t:label.custom_font_weight_caption",
        "info": "t:info.custom_font_weight_caption",
        "min": 100,
        "max": 800,
        "step": 100,
        "default": 400
      },
      {
        "type": "select",
        "id": "font_caption_custom_style",
        "label": "t:label.custom_font_style_caption",
        "info": "t:info.custom_font_style_caption",
        "options": [
          {
            "value": "regular",
            "label": "t:label.option.regular"
          },
          {
            "value": "italic",
            "label": "t:label.option.italic"
          }
        ]
      },
      {
        "type": "header",
        "content": "t:info.header_settings_custom_fonts_card"
      },
      {
        "type": "text",
        "id": "font_card_heading_custom_family",
        "label": "t:label.custom_font_family_card",
        "info": "t:info.custom_font_family_card"
      },
      {
        "type": "range",
        "id": "font_card_heading_custom_weight",
        "label": "t:label.custom_font_weight_card",
        "info": "t:info.custom_font_weight_card",
        "min": 100,
        "max": 800,
        "step": 100,
        "default": 400
      },
      {
        "type": "select",
        "id": "font_card_heading_custom_style",
        "label": "t:label.custom_font_style_card",
        "info": "t:info.custom_font_style_card",
        "options": [
          {
            "value": "regular",
            "label": "t:label.option.regular"
          },
          {
            "value": "italic",
            "label": "t:label.option.italic"
          }
        ]
      },
      {
        "type": "header",
        "content": "t:info.header_settings_custom_fonts_h1"
      },
      {
        "type": "text",
        "id": "font_h1_custom_family",
        "label": "t:label.custom_font_family_h1",
        "info": "t:info.custom_font_family_h1"
      },
      {
        "type": "range",
        "id": "font_h1_custom_weight",
        "label": "t:label.custom_font_weight_h1",
        "info": "t:info.custom_font_weight_h1",
        "min": 100,
        "max": 800,
        "step": 100,
        "default": 400
      },
      {
        "type": "select",
        "id": "font_h1_custom_style",
        "label": "t:label.custom_font_style_h1",
        "info": "t:info.custom_font_style_h1",
        "options": [
          {
            "value": "regular",
            "label": "t:label.option.regular"
          },
          {
            "value": "italic",
            "label": "t:label.option.italic"
          }
        ]
      },
      {
        "type": "header",
        "content": "t:info.header_settings_custom_fonts_h2"
      },
      {
        "type": "text",
        "id": "font_h2_custom_family",
        "label": "t:label.custom_font_family_h2",
        "info": "t:info.custom_font_family_h2"
      },
      {
        "type": "range",
        "id": "font_h2_custom_weight",
        "label": "t:label.custom_font_weight_h2",
        "info": "t:info.custom_font_weight_h2",
        "min": 100,
        "max": 800,
        "step": 100,
        "default": 400
      },
      {
        "type": "select",
        "id": "font_h2_custom_style",
        "label": "t:label.custom_font_style_h2",
        "info": "t:info.custom_font_style_h2",
        "options": [
          {
            "value": "regular",
            "label": "t:label.option.regular"
          },
          {
            "value": "italic",
            "label": "t:label.option.italic"
          }
        ]
      },
      {
        "type": "header",
        "content": "t:info.header_settings_custom_fonts_h3"
      },
      {
        "type": "text",
        "id": "font_h3_custom_family",
        "label": "t:label.custom_font_family_h3",
        "info": "t:info.custom_font_family_h3"
      },
      {
        "type": "range",
        "id": "font_h3_custom_weight",
        "label": "t:label.custom_font_weight_h3",
        "info": "t:info.custom_font_weight_h3",
        "min": 100,
        "max": 800,
        "step": 100,
        "default": 400
      },
      {
        "type": "select",
        "id": "font_h3_custom_style",
        "label": "t:label.custom_font_style_h3",
        "info": "t:info.custom_font_style_h3",
        "options": [
          {
            "value": "regular",
            "label": "t:label.option.regular"
          },
          {
            "value": "italic",
            "label": "t:label.option.italic"
          }
        ]
      },
      {
        "type": "header",
        "content": "t:info.header_settings_custom_fonts_h4"
      },
      {
        "type": "text",
        "id": "font_h4_custom_family",
        "label": "t:label.custom_font_family_h4",
        "info": "t:info.custom_font_family_h4"
      },
      {
        "type": "range",
        "id": "font_h4_custom_weight",
        "label": "t:label.custom_font_weight_h4",
        "info": "t:info.custom_font_weight_h4",
        "min": 100,
        "max": 800,
        "step": 100,
        "default": 400
      },
      {
        "type": "select",
        "id": "font_h4_custom_style",
        "label": "t:label.custom_font_style_h4",
        "info": "t:info.custom_font_style_h4",
        "options": [
          {
            "value": "regular",
            "label": "t:label.option.regular"
          },
          {
            "value": "italic",
            "label": "t:label.option.italic"
          }
        ]
      },
      {
        "type": "header",
        "content": "t:info.header_settings_custom_fonts_h5"
      },
      {
        "type": "text",
        "id": "font_h5_custom_family",
        "label": "t:label.custom_font_family_h5",
        "info": "t:info.custom_font_family_h5"
      },
      {
        "type": "range",
        "id": "font_h5_custom_weight",
        "label": "t:label.custom_font_weight_h5",
        "info": "t:info.custom_font_weight_h5",
        "min": 100,
        "max": 800,
        "step": 100,
        "default": 400
      },
      {
        "type": "select",
        "id": "font_h5_custom_style",
        "label": "t:label.custom_font_style_h5",
        "info": "t:info.custom_font_style_h5",
        "options": [
          {
            "value": "regular",
            "label": "t:label.option.regular"
          },
          {
            "value": "italic",
            "label": "t:label.option.italic"
          }
        ]
      },
      {
        "type": "header",
        "content": "t:info.header_settings_custom_fonts_h6"
      },
      {
        "type": "text",
        "id": "font_h6_custom_family",
        "label": "t:label.custom_font_family_h6",
        "info": "t:info.custom_font_family_h6"
      },
      {
        "type": "range",
        "id": "font_h6_custom_weight",
        "label": "t:label.custom_font_weight_h6",
        "info": "t:info.custom_font_weight_h6",
        "min": 100,
        "max": 800,
        "step": 100,
        "default": 400
      },
      {
        "type": "select",
        "id": "font_h6_custom_style",
        "label": "t:label.custom_font_style_h6",
        "info": "t:info.custom_font_style_h6",
        "options": [
          {
            "value": "regular",
            "label": "t:label.option.regular"
          },
          {
            "value": "italic",
            "label": "t:label.option.italic"
          }
        ]
      }
    ]
  },
  {
    "name": "t:name.page_width_settings",
    "settings": [
      {
        "type": "select",
        "id": "width_container",
        "label": "t:label.maximum_page_width",
        "options": [
          {
            "value": "1240",
            "label": "t:label.option.1240px"
          },
          {
            "value": "1440",
            "label": "t:label.option.1440px"
          },
          {
            "value": "1600",
            "label": "t:label.option.1600px"
          },
          {
            "value": "none",
            "label": "t:label.option.no_maximum_width"
          }
        ],
        "default": "1600"
      }
    ]
  },
  {
    "name": "t:name.social_media_settings",
    "settings": [
      {
        "type": "text",
        "id": "social_facebook_link",
        "label": "t:label.facebook",
        "info": "t:info.facebook"
      },
      {
        "type": "text",
        "id": "social_instagram_link",
        "label": "t:label.instagram",
        "info": "t:info.instagram"
      },
      {
        "type": "text",
        "id": "social_linkedin_link",
        "label": "t:label.linkedin",
        "info": "t:info.linkedin"
      },
      {
        "type": "text",
        "id": "social_pinterest_link",
        "label": "t:label.pinterest",
        "info": "t:info.pinterest"
      },
      {
        "type": "text",
        "id": "social_snapchat_link",
        "label": "t:label.snapchat",
        "info": "t:info.snapchat"
      },
      {
        "type": "text",
        "id": "social_tiktok_link",
        "label": "t:label.tiktok",
        "info": "t:info.tiktok"
      },
      {
        "type": "text",
        "id": "social_tumblr_link",
        "label": "t:label.tumblr",
        "info": "t:info.tumblr"
      },
      {
        "type": "text",
        "id": "social_vimeo_link",
        "label": "t:label.vimeo",
        "info": "t:info.vimeo"
      },
      {
        "type": "text",
        "id": "social_twitter_link",
        "label": "t:label.twitter",
        "info": "t:info.twitter"
      },
      {
        "type": "text",
        "id": "social_youtube_link",
        "label": "t:label.youtube",
        "info": "t:info.youtube"
      }
    ]
  }
]
