{"current":{"display_shadow_card":false,"image_default":"","card_ratio_image_product":"square","card_style_product":"padding","card_display_text_product":"title","card_style_cta_product":"text","card_cta_product":true,"card_ratio_image_article":"landscape","card_style_article":"padding","card_display_text_article":"title_and_excerpt","card_caption_article":"author","display_dynamic_checkout":false,"cta_cart":"checkout","announcement_header":"Announcement","icon_announcement":"info","text_announcement":"Starting April 1, we’re changing our fulfillment center. USPS will no longer be our standard shipping carrier due to rising costs. Orders will ship via the most cost-effective method with delivery in 5 to 7 business days. Enjoy free shipping on orders over $65 in a recyclable box. Expedited options available at checkout.","color_icon_cart":"rgba(0,0,0,0)","color_text_cart":"rgba(0,0,0,0)","display_free_shipping":false,"threshold_free_shipping":65,"color_background_body":"#ffffff","color_background_alt":"#e6ebfc","color_heading":"#150e59","color_text":"#000000","color_text_links":"#150e59","color_text_links_hover":"#3347aa","color_background_button_primary":"rgba(0,0,0,0)","color_border_button_primary":"#b8cd96","color_text_button_primary":"#150e59","color_background_button_primary_hover":"#b8cd96","color_border_button_primary_hover":"#ffffff","color_text_button_primary_hover":"#ffffff","color_background_button_secondary":"#3347aa","color_border_button_secondary":"#7392c9","color_text_button_secondary":"#ffffff","color_background_button_secondary_hover":"#7392c9","color_border_button_secondary_hover":"#7392c9","color_text_button_secondary_hover":"#ffffff","color_background_card":"#ffffff","color_border_card":"#e6ebfc","color_heading_card":"#7392c9","color_text_card":"#3347aa","color_icon":"#7392c9","color_icon_hover":"#c6daf7","color_input_placeholder":"#565656","color_input_text":"#000000","color_input_background":"#ffffff","color_input_border":"#d1d1d1","color_border":"#ffffff","color_sale":"#be8868","color_overlay":"#191415","opacity_overlay":80,"ux_blur_overlay":false,"display_currency":true,"favicon":"shopify:\/\/shop_images\/LATHENE_2024-favicon.png","icon_1":"Local Shipping","heading_1":"FREE U.S. Shipping over $65!","subheading_1":"Fast and free to your door","icon_2":"cruelty free","heading_2":"Vegan and cruelty-free","subheading_2":"","heading_3":"Tried & true guarantee","subheading_3":"Free returns","color_icon_features":"#ffffff","color_text_features":"#ffffff","color_background_features":"#3347aa","color_background_gradient_features":"linear-gradient(105deg, rgba(154, 148, 115, 0) 50%, rgba(96, 95, 71, 0) 100%)","font_body":"open_sans_n4","font_button":"itc_novarese_n4","font_caption":"open_sans_n4","font_card_heading":"open_sans_n4","font_h1":"itc_novarese_n4","font_h2":"itc_novarese_n5","font_h3":"open_sans_n7","font_h4":"open_sans_n4","font_h5":"open_sans_n4","font_h6":"open_sans_n4","font_custom_service":"<link rel=\"preconnect\" href=\"https:\/\/fonts.googleapis.com\">\n<link rel=\"preconnect\" href=\"https:\/\/fonts.gstatic.com\" crossorigin>\n<link href=\"https:\/\/fonts.googleapis.com\/css2?family=Frank+Ruhl+Libre:wght@300..900&family=Manrope:wght@200..800&display=swap\" rel=\"stylesheet\">","font_custom_hosted_name":"Frank Ruhl Libre","font_body_custom_family":"font-family: \"Manrope\", sans-serif;","font_button_custom_family":"font-family: \"Frank Ruhl Libre\", serif;","font_button_custom_weight":500,"font_caption_custom_family":"font-family: \"Frank Ruhl Libre\", serif;","font_card_heading_custom_family":"font-family: \"Frank Ruhl Libre\", serif;","font_h1_custom_family":"font-family: \"Frank Ruhl Libre\", serif;","font_h2_custom_family":"font-family: 'Frank Ruhl Libre', serif;","font_h3_custom_family":"font-family: \"Frank Ruhl Libre\", serif;","font_h4_custom_family":"font-family: \"Frank Ruhl Libre\", serif;","width_container":"1600","social_facebook_link":"https:\/\/www.facebook.com\/LATHENENaturals\/","social_instagram_link":"https:\/\/www.instagram.com\/lathene.skincare\/","card_ratio_image":"square","color_background_announcement":"#ffffff","color_background_gradient_announcement":"linear-gradient(133deg, rgba(200, 135, 98, 1), rgba(156, 151, 113, 1) 49%, rgba(87, 87, 61, 1) 100%)","color_icon_announcement":"#ffffff","color_text_announcement":"#fff","display_announcement_bar":true,"display_announcement_bar_home":true,"display_text_card":"title_and_excerpt","style_card":"padding","sections":{"custom-code":{"type":"custom-code","blocks":{"custom_css":{"type":"custom_css","settings":{"code":""}},"custom_javascript":{"type":"custom_javascript","settings":{"code":""}}},"block_order":["custom_css","custom_javascript"],"settings":{}},"main-announcement-bar":{"type":"main-announcement-bar","custom_css":[],"settings":{"default_text":"Free Shipping On All Orders Over $65","scheduled_text":"Free CLARIFIQUE Sample with March purchases! • Free Shipping On All Orders Over $65","schedule_start":"2025-03-01","schedule_end":"2025-03-31","background_color":"#150e59","text_color":"#ffffff","link":"","menu":"","display_visibility":"all"}},"navigation-main":{"type":"navigation-main","blocks":{"logo":{"type":"logo","settings":{"logo":"shopify:\/\/shop_images\/LATHENE_2024-full-dark-small.png","width_logo":192,"display_fill_available":false,"display_centered":false}},"mega_menu":{"type":"mega_menu","settings":{"title":"Shop","menu":"shop-by-product","display_centered":false,"display_features_bar":true,"display_view_all":false,"display_fill_available":true,"display_banner":false,"alignment_vertical":"top","alignment_horizontal":"left","icon":"","caption":"","headline":"Banner headline","subheading":"","button_url":"","button_text":"Button text","style_button":"primary","style_link":"link-button","color_icon":"","color_text":"#ffffff","color_subheading":"#ffffff","color_background":"","color_background_gradient":"","color_overlay":"#000000","color_overlay_gradient":"","opacity_overlay":40}},"main_menu":{"type":"main_menu","settings":{"menu":"main-menu","display_centered":false,"display_features_bar":false,"display_fill_available":false,"display_banner":false,"alignment_vertical":"bottom","alignment_horizontal":"left","icon":"","caption":"","headline":"Banner headline","subheading":"","button_url":"","button_text":"Button text","style_button":"primary","style_link":"link-button","color_icon":"","color_text":"#ffffff","color_subheading":"#ffffff","color_background":"","color_background_gradient":"","color_overlay":"#000000","color_overlay_gradient":"","opacity_overlay":40,"title":"Main menu"}},"predictive_search":{"type":"predictive_search","settings":{"placeholder":"Search...","button_text_search":"Search","layout_search":"small","display_fill_available":false,"display_centered":false,"ux_predictive":false,"display_features_bar":false,"title_default_results":"Trending Searches","results_default":"main-menu","results_secondary":"main-menu","display_banner":false,"alignment_vertical":"bottom","alignment_horizontal":"left","icon":"","caption":"","headline":"Banner headline","subheading":"","button_url":"","button_text":"Button text","style_button":"primary","style_link":"link-button","color_icon":"","color_text":"#ffffff","color_subheading":"#ffffff","color_background":"","color_background_gradient":"","color_overlay":"#000000","color_overlay_gradient":"","opacity_overlay":40,"title":"Predictive search"}},"account_icon":{"type":"account_icon","settings":{"display_fill_available":false,"display_centered":false}},"cart":{"type":"cart","settings":{"display_fill_available":false,"display_centered":false}}},"block_order":["logo","mega_menu","main_menu","predictive_search","account_icon","cart"],"settings":{"ux_action":"click","display_menus_full_width":false,"ux_sticky":"hide","color_icon":"","color_text":"","color_background_gradient":"","color_background":"","padding_top_desktop":20,"padding_bottom_desktop":16,"padding_top_mobile":16,"padding_bottom_mobile":16}},"main-register":{"type":"main-register","settings":{"icon":"","heading":"Create account","subheading":"<p>Please enter your details below to create an account.<\/p>","color_icon":"","color_text":"","color_subheading":"","color_background":"","color_background_gradient":"","padding_top_desktop":32,"padding_bottom_desktop":32,"padding_top_mobile":16,"padding_bottom_mobile":16,"style_line_top":"none","style_line_bottom":"none","color_line":""}},"main-login":{"type":"main-login","settings":{"icon":"","heading":"Log in","subheading":"<p>Welcome back! Please enter your login details below to view your account.<\/p>","color_icon":"","color_text":"","color_subheading":"","color_background":"","color_background_gradient":"","padding_top_desktop":32,"padding_bottom_desktop":32,"padding_top_mobile":16,"padding_bottom_mobile":16,"style_line_top":"none","style_line_bottom":"none","color_line":""}}},"content_for_index":[],"blocks":{"5946647744298494267":{"type":"shopify:\/\/apps\/wishlist-plus\/blocks\/wishlist-app-embed\/80c3b1fc-3a8f-407e-8367-ffdeebb8b612","disabled":false,"settings":{}},"15885745614559378752":{"type":"shopify:\/\/apps\/accessibly\/blocks\/app-embed\/4b59303e-1141-4c8a-945f-bf4adb516864","disabled":false,"settings":{"themeColor":"#574CD5","iconColor":"#574CD5","showLogo":true,"topBottomPosition":10,"rightLeftPosition":10,"iconSize":"small","iconCustomSize":64,"position":"middle-right"}},"855628211100114053":{"type":"shopify:\/\/apps\/klaviyo-email-marketing-sms\/blocks\/klaviyo-onsite-embed\/2632fe16-c075-4321-a88b-50b567f42507","disabled":false,"settings":{}},"16881471024131275657":{"type":"shopify:\/\/apps\/searchanise-search-filter\/blocks\/app-embed\/d8f24ada-02b1-458a-bbeb-5bf16d5c921e","disabled":true,"settings":{}},"6174324309569838175":{"type":"shopify:\/\/apps\/smile-io\/blocks\/smile-shopify-app\/2fae4e25-1841-4ea2-bc02-bd548478c4f6","disabled":false,"settings":{}},"7397712880091056704":{"type":"shopify:\/\/apps\/tapita-theme-sections\/blocks\/app-embed\/41bcf4f8-7f08-4608-9fa1-10d4516bdebf","disabled":false,"settings":{}},"13768625480086291342":{"type":"shopify:\/\/apps\/forms\/blocks\/forms\/8744a304-fcb1-4347-b211-bb6b4759a76a","disabled":false,"settings":{}},"5419952609722095102":{"type":"shopify:\/\/apps\/gift-box\/blocks\/head\/f53ea332-e066-453a-9116-800349284dfb","disabled":false,"settings":{"script_load_mode":"sync"}}}},"presets":{"Clean":{"card_display_text_product":"title","card_ratio_image":"square","card_ratio_image_article":"landscape","card_ratio_image_product":"square","card_style_article":"padding","color_background_alt":"#f7f7f6","color_background_announcement":"#ffffff","color_background_body":"#ffffff","color_background_button_primary":"#fff","color_background_button_primary_hover":"#57573d","color_background_button_secondary":"#57573d","color_background_button_secondary_hover":"#fff","color_background_card":"#fff","color_background_features":"rgba(0,0,0,0)","color_background_gradient_announcement":"linear-gradient(133deg, rgba(200, 135, 98, 1), rgba(156, 151, 113, 1) 49%, rgba(87, 87, 61, 1) 100%)","color_background_gradient_features":"linear-gradient(278deg, rgba(190, 136, 104, 1) 4%, rgba(154, 148, 115, 1) 50%, rgba(96, 95, 71, 1) 100%)","color_border":"#e7e5dc","color_border_button_primary":"#57573d","color_border_button_primary_hover":"#57573d","color_border_button_secondary":"#57573d","color_border_button_secondary_hover":"#57573d","color_border_card":"#e7e5dc","color_heading":"#191415","color_heading_card":"#191415","color_icon":"#191415","color_icon_announcement":"#ffffff","color_icon_features":"#ffffff","color_icon_hover":"#48491e","color_input_background":"#ffffff","color_input_border":"#d1d1d1","color_input_placeholder":"#565656","color_input_text":"#000000","color_overlay":"#191415","color_sale":"#BE8868","color_text":"#191415","color_text_announcement":"#fff","color_text_button_primary":"#191415","color_text_button_primary_hover":"#fff","color_text_button_secondary":"#fff","color_text_button_secondary_hover":"#57573d","color_text_features":"#ffffff","color_text_card":"#191415","color_text_links":"#191415","color_text_links_hover":"#3e3e3e","display_announcement_bar":true,"display_announcement_bar_home":true,"display_currency":true,"display_free_shipping":true,"display_text_card":"title_and_excerpt","font_body":"inconsolata_n4","font_caption":"inconsolata_n4","font_button":"inter_n5","font_h1":"inter_n5","font_h2":"inter_n5","font_h3":"inter_n5","font_h4":"inter_n4","font_h5":"inter_n4","font_h6":"inter_n4","opacity_overlay":80,"style_card":"padding","width_container":"1600"},"Dark":{"card_display_text_article":"title_and_excerpt","card_display_text_product":"title","card_ratio_image":"square","card_ratio_image_article":"landscape","card_ratio_image_product":"portrait","card_style_article":"padding","card_style_product":"padding","color_background_alt":"#333333","color_background_announcement":"","color_background_body":"#000000","color_background_button_primary":"#ffffff","color_background_button_primary_hover":"#000000","color_background_button_secondary":"#000000","color_background_button_secondary_hover":"#ffffff","color_background_card":"#000000","color_background_features":"#313131","color_background_gradient_features":"","color_background_gradient_announcement":"linear-gradient(133deg, rgba(200, 135, 98, 1), rgba(156, 151, 113, 1) 49%, rgba(87, 87, 61, 1) 100%)","color_border":"#333333","color_border_button_primary":"#ffffff","color_border_button_primary_hover":"#a7a7a7","color_border_button_secondary":"#a7a7a7","color_border_button_secondary_hover":"#a7a7a7","color_border_card":"#333333","color_heading":"#ffffff","color_heading_card":"#ffffff","color_icon":"#a7a7a7","color_icon_announcement":"#ffffff","color_icon_features":"#bcbcbc","color_icon_hover":"#d3d3d3","color_input_background":"#1a1a1a","color_input_border":"#333333","color_input_placeholder":"#a7a7a7","color_input_text":"#d3d3d3","color_overlay":"#000000","color_sale":"#df3649","color_text":"#a7a7a7","color_text_announcement":"#fff","color_text_button_primary":"#000000","color_text_button_primary_hover":"#ffffff","color_text_button_secondary":"#ffffff","color_text_button_secondary_hover":"#000000","color_text_card":"#a7a7a7","color_text_features":"#bcbcbc","color_text_links":"#a7a7a7","color_text_links_hover":"#d3d3d3","display_announcement_bar":true,"display_announcement_bar_home":true,"display_currency":true,"display_free_shipping":true,"display_text_card":"title_and_excerpt","font_body":"inter_n5","font_button":"inter_n6","font_caption":"inter_n4","font_h1":"inter_n7","font_h2":"inter_n5","font_h3":"inter_n5","font_h4":"inter_n4","font_h5":"inter_n4","font_h6":"inter_n4","opacity_overlay":80,"style_card":"padding","ux_blur_overlay":true,"width_container":"none"},"Minimal":{"card_display_text_product":"title_and_excerpt","card_ratio_image_article":"landscape","card_ratio_image_product":"square","card_style_article":"padding","color_background_alt":"#f1f1f1","color_background_body":"#ffffff","color_background_button_primary":"#000000","color_background_button_primary_hover":"#551a8b","color_background_button_secondary":"#d1d1d1","color_background_button_secondary_hover":"#000000","color_background_card":"#ffffff","color_background_features":"rgba(0,0,0,0)","color_background_gradient_features":"","color_border":"#d1d1d1","color_border_button_primary":"#000000","color_border_button_primary_hover":"#000000","color_border_button_secondary":"#e7e7e7","color_border_button_secondary_hover":"#000000","color_border_card":"#d1d1d1","color_heading":"#000000","color_heading_card":"#000000","color_icon":"#000000","color_icon_hover":"#551a8b","color_input_background":"#ffffff","color_input_border":"#d1d1d1","color_input_placeholder":"#565656","color_input_text":"#000000","color_overlay":"#ffffff","color_sale":"#fc7053","color_text":"#000000","color_text_button_primary":"#ffffff","color_text_button_primary_hover":"#ffffff","color_text_button_secondary":"#000000","color_text_button_secondary_hover":"#ffffff","color_text_card":"#404040","color_text_links":"#000000","color_text_links_hover":"#551a8b","cta_cart":"checkout","font_body":"sans-serif","font_button":"sans-serif","font_h1":"sans-serif","font_h2":"sans-serif","font_h3":"sans-serif","font_h4":"sans-serif","font_h5":"sans-serif","font_h6":"sans-serif","opacity_overlay":80,"width_container":"1600"},"Natural":{"display_shadow_card":false,"card_ratio_image_product":"square","card_style_product":"no_padding","card_display_text_product":"title_and_excerpt","card_style_cta_product":"icon","card_cta_product":true,"card_ratio_image_article":"square","card_style_article":"no_padding","card_display_text_article":"title","card_caption_article":"none","cta_cart":"checkout","color_background_body":"#f5f4f2","color_background_alt":"#eae8e4","color_heading":"#2a472b","color_text":"#504545","color_text_links":"#2a472b","color_text_links_hover":"#5d8b16","color_background_button_primary":"#2a472b","color_border_button_primary":"#2a472b","color_text_button_primary":"#ffffff","color_background_button_primary_hover":"#f5f4f2","color_border_button_primary_hover":"#dadada","color_text_button_primary_hover":"#5d8b16","color_background_button_secondary":"#f5f4f2","color_border_button_secondary":"#dadada","color_text_button_secondary":"#2a472b","color_background_button_secondary_hover":"#5d8b16","color_border_button_secondary_hover":"#77b11e","color_text_button_secondary_hover":"#ffffff","color_background_card":"#eae8e4","color_border_card":"#dadada","color_heading_card":"#2a472b","color_text_card":"#504545","color_icon":"#2a472b","color_icon_hover":"#5d8b16","color_input_placeholder":"#565656","color_input_text":"#2a472b","color_input_background":"#ffffff","color_input_border":"#dadada","color_border":"#dadada","color_sale":"#5d8b16","color_overlay":"#ffffff","opacity_overlay":80,"ux_blur_overlay":false,"color_background_features":"rgba(0,0,0,0)","font_body":"cabin_n4","font_button":"cabin_n5","font_caption":"pt_mono_n4","font_h1":"cooper_bt_n5","font_h2":"cooper_bt_n5","font_h3":"cooper_bt_n5","font_h4":"cabin_n5","font_h5":"cabin_n5","font_h6":"cabin_n5"}},"platform_customizations":{"custom_css":[".inner_content_main h2 {font-size: 60px;}",".inner_content_main h3 {font-size: 75px;}","@media only screen and (max-width: 600px) {.inner_content_main h2 {font-size: 30px; } .inner_content_main h3 {font-size: 40px; }}",".inner_content_main div {padding: 0px !important;}","@media screen and (max-width: 768px) {.banner__wrapper::before {background: none !important; }}","p.shower_text {display: none;}"]}}