{"sections":{"main":{"type":"main-404","settings":{"color_text":"","color_subheading":"","color_background":"","color_background_gradient":"","padding_top_desktop":120,"padding_bottom_desktop":120,"padding_top_mobile":32,"padding_bottom_mobile":32,"style_line_top":"none","style_line_bottom":"none","color_line":""}},"featured_collection":{"type":"featured-collection","settings":{"collection":"","count_items":0,"column_count_desktop":3,"column_count_mobile":2,"layout_desktop":"slider","layout_mobile":"grid","display_navigation":true,"display_pagination":false,"icon":"","caption":"","heading":"Most popular ✨","heading_type":"h2","subheading":"<p>Folks seem to like these!<\/p>","button_url":"","button_text":"Shop all","style_button":"plain","ratio_image":"default","style_card":"default","display_text_card":"default","color_icon":"","color_text":"","color_subheading":"","color_background":"","color_background_gradient":"","padding_top_desktop":32,"padding_bottom_desktop":32,"padding_top_mobile":16,"padding_bottom_mobile":16,"style_line_top":"none","style_line_bottom":"none","color_line":"","display_visibility":"hide-no"}}},"order":["main","featured_collection"]}