{"sections":{"hero_basic_no_image":{"type":"hero-basic","settings":{"alignment_text":"left","style_hero":"no_image","display_breadcrumbs":true,"display_author":false,"display_date":false,"display_excerpt":false,"display_ui_print":true,"display_ui_share":true,"display_tags":true,"color_icon":"","color_text":"","color_background":"","color_background_gradient":"","color_overlay":"#000000","color_overlay_gradient":"","opacity_overlay":40,"padding_top_desktop":64,"padding_bottom_desktop":32,"padding_top_mobile":32,"padding_bottom_mobile":16,"style_line_top":"none","style_line_bottom":"none","color_line":"","display_visibility":"hide-no"}},"main":{"type":"main-article","settings":{"display_related_products":false,"heading_sidebar":"Products from the article","padding_top_desktop":32,"padding_bottom_desktop":32,"padding_top_mobile":16,"padding_bottom_mobile":16,"style_line_top":"none","style_line_bottom":"none","color_line":""}},"accordion_support_orders":{"type":"accordion","blocks":{"accordion_support_orders_row_01":{"type":"row","settings":{"display_open":false,"article":"","page":"","title":"How do I make a purchase?","content":"<p>Note that this text is a demonstration example of a response you would add to answer a relevant question.<\/p><p><strong>Tip:<\/strong> Increase trust by being <em>clear<\/em>, <em>informative<\/em> and <em>transparent<\/em> with your customers.<\/p><p>Have further questions? <a href=\"\/pages\/contact\" title=\"Contact\">Contact us<\/a><\/p>","button_url":"","button_text":"","style_button":"primary","display_imagery":"bottom","url_video":"","video_autoplay":false,"video_loop":false,"video_mute":true}},"accordion_support_orders_row_02":{"type":"row","settings":{"display_open":false,"article":"","page":"","title":"How can I check my order status?","content":"<p>Note that this text is a demonstration example of a response you would add to answer a relevant question.<\/p><p><strong>Tip:<\/strong> Increase trust by being <em>clear<\/em>, <em>informative<\/em> and <em>transparent<\/em> with your customers.<\/p><p>Have further questions? <a href=\"\/pages\/contact\" title=\"Contact\">Contact us<\/a><\/p>","button_url":"","button_text":"","style_button":"primary","display_imagery":"bottom","url_video":"","video_autoplay":false,"video_loop":false,"video_mute":true}},"accordion_support_orders_row_03":{"type":"row","settings":{"display_open":false,"article":"","page":"","title":"How do I cancel my order?","content":"<p>Note that this text is a demonstration example of a response you would add to answer a relevant question.<\/p><p><strong>Tip:<\/strong> Increase trust by being <em>clear<\/em>, <em>informative<\/em> and <em>transparent<\/em> with your customers.<\/p><p>Have further questions? <a href=\"\/pages\/contact\" title=\"Contact\">Contact us<\/a><\/p>","button_url":"","button_text":"","style_button":"primary","display_imagery":"bottom","url_video":"","video_autoplay":false,"video_loop":false,"video_mute":true}},"accordion_support_orders_row_04":{"type":"row","settings":{"display_open":false,"article":"","page":"","title":"How do I know if my order is confirmed?","content":"<p>Note that this text is a demonstration example of a response you would add to answer a relevant question.<\/p><p><strong>Tip:<\/strong> Increase trust by being <em>clear<\/em>, <em>informative<\/em> and <em>transparent<\/em> with your customers.<\/p><p>Have further questions? <a href=\"\/pages\/contact\" title=\"Contact\">Contact us<\/a><\/p>","button_url":"","button_text":"","style_button":"primary","display_imagery":"bottom","url_video":"","video_autoplay":false,"video_loop":false,"video_mute":true}},"accordion_support_orders_row_05":{"type":"row","settings":{"display_open":true,"article":"","page":"","title":"What payment methods do you accept?","content":"<p><em>You can start any accordion row open by default — check out the \"show open by default\" block settings. <\/em><\/p><p>Note that this text is a demonstration example of a response you would add to answer a relevant question.<strong>Tip:<\/strong> Increase trust by being <em>clear<\/em>, <em>informative<\/em> and <em>transparent<\/em> with your customers.<\/p><p>Have further questions? <a href=\"\/pages\/contact\" title=\"Contact\">Contact us<\/a><\/p>","button_url":"","button_text":"","style_button":"primary","display_imagery":"bottom","url_video":"","video_autoplay":false,"video_loop":false,"video_mute":true}}},"block_order":["accordion_support_orders_row_01","accordion_support_orders_row_02","accordion_support_orders_row_03","accordion_support_orders_row_04","accordion_support_orders_row_05"],"settings":{"blog":"","tag":"","count_items":0,"display_sort_by":"title","display_sort_order":"ascending","display_full_width":false,"sticky_header":true,"icon":"","caption":"We have answers!","heading":"Orders & support","heading_type":"h2","subheading":"<p><strong>You can create full Accordion sections automatically by using dynamic content <\/strong>(i.e. you can automatically use the title and content from articles within a blog or blog tag, or from specific articles or pages).<br\/><br\/>Check out the \"blog\" setting at the top of the section settings to learn more; or you can add a Row block and check out the block settings for Blog posts and\/or Pages.<\/p><p>This can be a powerful way to build a library of FAQs or related content, and can be great for SEO.<\/p>","button_url":"https:\/\/companyxyz.io\/blogs\/sections\/accordion","button_text":"Learn more →","style_button":"plain","color_icon":"","color_text":"","color_subheading":"","color_background":"rgba(0,0,0,0)","color_background_gradient":"","padding_top_desktop":32,"padding_bottom_desktop":32,"padding_top_mobile":16,"padding_bottom_mobile":16,"style_line_top":"none","style_line_bottom":"none","color_line":"","display_visibility":"hide-no"}},"footer_article":{"type":"footer-article","settings":{"display_author":false,"display_date":false,"display_ui_print":true,"display_ui_share":true,"display_tags":true,"color_icon":"","color_text":"","color_background":"","color_background_gradient":"","padding_top_desktop":32,"padding_bottom_desktop":32,"padding_top_mobile":16,"padding_bottom_mobile":16,"style_line_top":"none","style_line_bottom":"none","color_line":"","display_visibility":"hide-no"}},"comments":{"type":"main-comments","settings":{"color_background":"","color_background_gradient":"","padding_top_desktop":32,"padding_bottom_desktop":32,"padding_top_mobile":16,"padding_bottom_mobile":16,"style_line_top":"none","style_line_bottom":"none","color_line":"","display_visibility":"hide-no"}},"related_posts":{"type":"related-posts","settings":{"layout_desktop":"slider","layout_mobile":"slider","count_items":0,"column_count_desktop":3,"column_count_mobile":1,"display_navigation":true,"display_pagination":false,"ratio_image":"default","style_card":"default","display_text_card":"default","settings_style_cta_card":"default","card_caption_article":"default","icon":"","caption":"","heading":"Related posts","heading_type":"h2","subheading":"","color_icon":"","color_text":"","color_subheading":"","color_background":"","color_background_gradient":"","padding_top_desktop":32,"padding_bottom_desktop":32,"padding_top_mobile":16,"padding_bottom_mobile":16,"style_line_top":"none","style_line_bottom":"none","color_line":"","display_visibility":"hide-no"}}},"order":["hero_basic_no_image","main","accordion_support_orders","footer_article","comments","related_posts"]}