{"sections":{"hero_basic_image_right":{"type":"hero-basic","settings":{"alignment_text":"left","style_hero":"right","display_breadcrumbs":true,"display_author":true,"display_date":true,"display_excerpt":false,"display_ui_print":false,"display_ui_share":true,"display_tags":true,"color_icon":"","color_text":"","color_background":"","color_background_gradient":"","color_overlay":"rgba(0,0,0,0)","color_overlay_gradient":"","opacity_overlay":40,"padding_top_desktop":32,"padding_bottom_desktop":32,"padding_top_mobile":16,"padding_bottom_mobile":16,"style_line_top":"none","style_line_bottom":"none","color_line":"","display_visibility":"hide-no"}},"main":{"type":"main-article","settings":{"display_related_products":true,"heading_sidebar":"Products from the article","padding_top_desktop":32,"padding_bottom_desktop":32,"padding_top_mobile":16,"padding_bottom_mobile":16,"style_line_top":"none","style_line_bottom":"none","color_line":""}},"footer_article":{"type":"footer-article","settings":{"display_author":true,"display_date":true,"display_ui_print":true,"display_ui_share":true,"display_tags":true,"color_icon":"","color_text":"","color_background":"rgba(0,0,0,0)","color_background_gradient":"","padding_top_desktop":32,"padding_bottom_desktop":32,"padding_top_mobile":16,"padding_bottom_mobile":16,"style_line_top":"none","style_line_bottom":"none","color_line":"","display_visibility":"hide-no"}},"comments":{"type":"main-comments","settings":{"color_background":"","color_background_gradient":"","padding_top_desktop":32,"padding_bottom_desktop":32,"padding_top_mobile":16,"padding_bottom_mobile":16,"style_line_top":"none","style_line_bottom":"none","color_line":"","display_visibility":"hide-no"}},"related_posts":{"type":"related-posts","settings":{"layout_desktop":"slider","layout_mobile":"slider","count_items":0,"column_count_desktop":3,"column_count_mobile":1,"display_navigation":true,"display_pagination":false,"ratio_image":"default","style_card":"default","display_text_card":"default","settings_style_cta_card":"default","card_caption_article":"default","icon":"","caption":"","heading":"Related posts","heading_type":"h2","subheading":"","color_icon":"","color_text":"","color_subheading":"","color_background":"","color_background_gradient":"","padding_top_desktop":32,"padding_bottom_desktop":32,"padding_top_mobile":16,"padding_bottom_mobile":16,"style_line_top":"none","style_line_bottom":"none","color_line":"","display_visibility":"hide-no"}}},"order":["hero_basic_image_right","main","footer_article","comments","related_posts"]}