{"sections":{"hero_basic_no_image":{"type":"hero-basic","settings":{"alignment_text":"left","style_hero":"no_image","display_breadcrumbs":true,"display_author":false,"display_date":false,"display_excerpt":false,"display_ui_print":false,"display_ui_share":true,"display_tags":true,"color_icon":"","color_text":"","color_background":"","color_background_gradient":"","color_overlay":"#000000","color_overlay_gradient":"","opacity_overlay":40,"padding_top_desktop":64,"padding_bottom_desktop":32,"padding_top_mobile":32,"padding_bottom_mobile":16,"style_line_top":"none","style_line_bottom":"none","color_line":"","display_visibility":"hide-no"}},"main":{"type":"main-blog","settings":{"posts_per_page":24,"display_filters":false,"display_grid_size":true,"display_sort_by":"title","display_sort_order":"ascending","ratio_image":"default","style_card":"default","display_text_card":"default","settings_style_cta_card":"default","card_caption_article":"default","icon":"","caption":"","heading":"","heading_type":"h2","subheading":"","button_url":"","button_text":"","style_button":"primary","color_icon":"","color_subheading":"","color_text":"","color_background":"","color_background_gradient":"","padding_top_desktop":0,"padding_bottom_desktop":0,"padding_top_mobile":16,"padding_bottom_mobile":16,"style_line_top":"none","style_line_bottom":"none","color_line":""}}},"order":["hero_basic_no_image","main"]}