{"sections":{"slideshow_featured_content":{"type":"slideshow","blocks":{"banner_featured_content_01":{"type":"banner","settings":{"ratio_block":"landscape","ratio_block_mobile":"default","alignment_vertical":"bottom","alignment_horizontal":"left","icon":"","caption":"Our brand values","heading":"Discover what we stand for","heading_type":"h2","subheading":"","button_url":"","button_text":"About Us","style_button":"primary","style_link":"link-full-button","width_image":400,"fit_object":"cover","color_background":"","color_background_gradient":"","color_icon":"","color_text":"#ffffff","color_subheading":"","color_overlay":"#000000","color_overlay_gradient":"","opacity_overlay":24,"title":""}},"banner_featured_content_02":{"type":"banner","settings":{"ratio_block":"landscape","ratio_block_mobile":"default","alignment_vertical":"bottom","alignment_horizontal":"left","icon":"","caption":"Clarity is important","heading":"Get answers you are looking for","heading_type":"h2","subheading":"","button_url":"","button_text":"Read FAQs","style_button":"primary","style_link":"link-full-button","width_image":400,"fit_object":"cover","color_background":"","color_background_gradient":"","color_icon":"","color_text":"#ffffff","color_subheading":"","color_overlay":"#000000","color_overlay_gradient":"","opacity_overlay":24,"title":""}},"banner_featured_content_03":{"type":"banner","settings":{"ratio_block":"landscape","ratio_block_mobile":"default","alignment_vertical":"bottom","alignment_horizontal":"left","icon":"","caption":"New and great","heading":"More of what you love","heading_type":"h2","subheading":"","button_url":"","button_text":"Check it out","style_button":"primary","style_link":"link-full-button","width_image":400,"fit_object":"cover","color_background":"","color_background_gradient":"","color_icon":"","color_text":"#ffffff","color_subheading":"","color_overlay":"#000000","color_overlay_gradient":"","opacity_overlay":24,"title":""}}},"block_order":["banner_featured_content_01","banner_featured_content_02","banner_featured_content_03"],"settings":{"display_navigation":false,"display_pagination":false,"column_count_desktop":1,"column_count_tablet":0,"column_count_mobile":1,"layout_mobile_stack":false,"stretch_content":false,"icon":"","caption":"","heading":"","heading_type":"h2","subheading":"","button_url":"","button_text":"","style_button":"primary","color_icon":"","color_text":"","color_subheading":"","color_background":"","color_background_gradient":"","padding_top_desktop":32,"padding_bottom_desktop":32,"padding_top_mobile":16,"padding_bottom_mobile":16,"style_line_top":"none","style_line_bottom":"none","color_line":"","display_visibility":"hide-no"}},"featured_blog":{"type":"featured-blog","settings":{"blog":"news","tag":"","count_items":0,"display_sort_by":"title","display_sort_order":"ascending","layout_desktop":"slider","layout_mobile":"slider","column_count_desktop":3,"column_count_mobile":1,"display_navigation":true,"display_pagination":false,"ratio_image":"default","style_card":"default","display_text_card":"default","settings_style_cta_card":"default","card_caption_article":"none","icon":"","caption":"New & featured","heading":"From the blog","heading_type":"h2","subheading":"","button_url":"","button_text":"Read all","style_button":"plain","color_icon":"","color_text":"","color_subheading":"","color_background":"","color_background_gradient":"","padding_top_desktop":32,"padding_bottom_desktop":32,"padding_top_mobile":16,"padding_bottom_mobile":16,"style_line_top":"none","style_line_bottom":"none","color_line":"","display_visibility":"hide-no"}},"collage":{"type":"collage","blocks":{"banner_collage_01":{"type":"banner","settings":{"ratio_block":"portrait","ratio_block_mobile":"square","alignment_vertical":"top","alignment_horizontal":"left","icon":"","caption":"Don't tell anyone 🤐","heading":"Exclusives","heading_type":"h2","subheading":"","button_url":"","button_text":"Shop now","style_button":"primary","style_link":"link-button","width_image":400,"fit_object":"cover","color_background":"","color_background_gradient":"","color_icon":"","color_text":"#ffffff","color_subheading":"","color_overlay":"#000000","color_overlay_gradient":"","opacity_overlay":16,"title":""}},"banner_collage_02":{"type":"banner","settings":{"ratio_block":"landscape","ratio_block_mobile":"landscape","alignment_vertical":"top","alignment_horizontal":"left","icon":"","caption":"Still hot 🔥","heading":"Discover your new favorite","heading_type":"h2","subheading":"","button_url":"","button_text":"Shop classics","style_button":"primary","style_link":"link-full-button","width_image":400,"fit_object":"cover","color_background":"","color_background_gradient":"","color_icon":"","color_text":"#ffffff","color_subheading":"","color_overlay":"#000000","color_overlay_gradient":"","opacity_overlay":32,"title":""}},"banner_collage_03":{"type":"banner","settings":{"ratio_block":"square","ratio_block_mobile":"square","alignment_vertical":"center","alignment_horizontal":"left","icon":"","caption":"Too good to last","heading":"Crowd favorites  👀","heading_type":"h2","subheading":"","button_url":"shopify:\/\/collections\/highly-rated","button_text":"Shop now","style_button":"primary","style_link":"link-button","width_image":400,"fit_object":"cover","color_background":"","color_background_gradient":"","color_icon":"","color_text":"#ffffff","color_subheading":"","color_overlay":"#000000","color_overlay_gradient":"","opacity_overlay":24,"title":""}}},"block_order":["banner_collage_01","banner_collage_02","banner_collage_03"],"settings":{"style_collage":"large_left","icon":"","caption":"","heading":"","heading_type":"h2","subheading":"","button_url":"","button_text":"","style_button":"plain","color_icon":"","color_text":"","color_subheading":"","color_background":"","color_background_gradient":"","padding_top_desktop":32,"padding_bottom_desktop":32,"padding_top_mobile":16,"padding_bottom_mobile":16,"style_line_top":"none","style_line_bottom":"none","color_line":"","display_visibility":"hide-no"}},"main":{"type":"main-blog","settings":{"posts_per_page":24,"display_filters":false,"display_grid_size":true,"display_sort_by":"title","display_sort_order":"ascending","ratio_image":"default","style_card":"default","display_text_card":"default","settings_style_cta_card":"default","card_caption_article":"default","icon":"","caption":"","heading":"View all posts","heading_type":"h2","subheading":"","button_url":"","button_text":"","style_button":"plain","color_icon":"","color_subheading":"","color_text":"","color_background":"","color_background_gradient":"","padding_top_desktop":32,"padding_bottom_desktop":32,"padding_top_mobile":16,"padding_bottom_mobile":16,"style_line_top":"none","style_line_bottom":"none","color_line":""}}},"order":["slideshow_featured_content","featured_blog","collage","main"]}