{"sections":{"hero_search":{"type":"hero","blocks":{"heading":{"type":"heading","settings":{"heading":"Find your new favorite","heading_type":"h2","color_text":""}},"separator":{"type":"separator","settings":{"height_desktop":32,"height_mobile":32,"style_line":"none","color_line":""}},"icon_with_text":{"type":"icon_with_text","settings":{"icon":"help","text":"Looking for something?","color_text":"","color_icon":""}},"predictive_search":{"type":"predictive_search","settings":{"placeholder":"Enter your search terms","button_text_search":"Search","layout_search":"fill","display_fill_available":false,"display_centered":false,"ux_predictive":true,"display_features_bar":true,"title_default_results":"Trending Searches","results_default":"main-menu","results_secondary":"main-menu","display_banner":false,"alignment_vertical":"bottom","alignment_horizontal":"left","icon":"","caption":"","headline":"Banner headline","subheading":"","button_url":"","button_text":"Button text","style_button":"primary","style_link":"link-button","color_icon":"","color_text":"","color_subheading":"","color_background":"","color_background_gradient":"","color_overlay":"","color_overlay_gradient":"","opacity_overlay":40,"title":"Predictive search"}}},"block_order":["heading","separator","icon_with_text","predictive_search"],"settings":{"alignment_text":"center","style_hero":"background","color_icon":"#ffffff","color_text":"#ffffff","color_background":"","color_background_gradient":"","color_overlay":"#000000","color_overlay_gradient":"","opacity_overlay":40,"padding_top_desktop":64,"padding_bottom_desktop":16,"padding_top_mobile":16,"padding_bottom_mobile":16,"style_line_top":"none","style_line_bottom":"none","color_line":"","display_visibility":"hide-no","alignment_horizontal":"left"}},"featured_blog":{"type":"featured-blog","settings":{"blog":"news","tag":"","count_items":0,"display_sort_by":"title","display_sort_order":"ascending","layout_desktop":"slider","layout_mobile":"slider","column_count_desktop":3,"column_count_mobile":1,"display_navigation":true,"display_pagination":false,"ratio_image":"default","style_card":"default","display_text_card":"default","settings_style_cta_card":"default","card_caption_article":"none","icon":"","caption":"New & featured","heading":"From the blog","heading_type":"h2","subheading":"","button_url":"","button_text":"Read all","style_button":"plain","color_icon":"","color_text":"","color_subheading":"","color_background":"","color_background_gradient":"","padding_top_desktop":32,"padding_bottom_desktop":32,"padding_top_mobile":16,"padding_bottom_mobile":16,"style_line_top":"none","style_line_bottom":"none","color_line":"","display_visibility":"hide-no"}},"slideshow_featured_content":{"type":"slideshow","blocks":{"banner_featured_content_01":{"type":"banner","settings":{"ratio_block":"landscape","ratio_block_mobile":"default","alignment_vertical":"bottom","alignment_horizontal":"left","icon":"","caption":"Our brand values","heading":"Discover what we stand for","heading_type":"h2","subheading":"","button_url":"","button_text":"About Us","style_button":"primary","style_link":"link-full-button","width_image":400,"fit_object":"cover","color_background":"","color_background_gradient":"","color_icon":"","color_text":"#ffffff","color_subheading":"","color_overlay":"#000000","color_overlay_gradient":"","opacity_overlay":24,"title":""}},"banner_featured_content_02":{"type":"banner","settings":{"ratio_block":"landscape","ratio_block_mobile":"default","alignment_vertical":"bottom","alignment_horizontal":"left","icon":"","caption":"Clarity is important","heading":"Get answers you are looking for","heading_type":"h2","subheading":"","button_url":"","button_text":"Read FAQs","style_button":"primary","style_link":"link-full-button","width_image":400,"fit_object":"cover","color_background":"","color_background_gradient":"","color_icon":"","color_text":"#ffffff","color_subheading":"","color_overlay":"#000000","color_overlay_gradient":"","opacity_overlay":24,"title":""}},"banner_featured_content_03":{"type":"banner","settings":{"ratio_block":"landscape","ratio_block_mobile":"default","alignment_vertical":"bottom","alignment_horizontal":"left","icon":"","caption":"New and great","heading":"More of what you love","heading_type":"h2","subheading":"","button_url":"","button_text":"Check it out","style_button":"primary","style_link":"link-full-button","width_image":400,"fit_object":"cover","color_background":"","color_background_gradient":"","color_icon":"","color_text":"#ffffff","color_subheading":"","color_overlay":"#000000","color_overlay_gradient":"","opacity_overlay":24,"title":""}}},"block_order":["banner_featured_content_01","banner_featured_content_02","banner_featured_content_03"],"settings":{"display_navigation":false,"display_pagination":false,"column_count_desktop":1,"column_count_tablet":0,"column_count_mobile":1,"layout_mobile_stack":false,"stretch_content":false,"icon":"","caption":"","heading":"","heading_type":"h2","subheading":"","button_url":"","button_text":"","style_button":"primary","color_icon":"","color_text":"","color_subheading":"","color_background":"","color_background_gradient":"","padding_top_desktop":32,"padding_bottom_desktop":32,"padding_top_mobile":16,"padding_bottom_mobile":16,"style_line_top":"none","style_line_bottom":"none","color_line":"","display_visibility":"hide-no"}},"main":{"type":"main-blog","settings":{"posts_per_page":24,"display_filters":false,"display_grid_size":true,"display_sort_by":"title","display_sort_order":"ascending","ratio_image":"default","style_card":"default","display_text_card":"default","settings_style_cta_card":"default","card_caption_article":"default","icon":"","caption":"","heading":"View all posts","heading_type":"h2","subheading":"","button_url":"","button_text":"","style_button":"plain","color_icon":"","color_subheading":"","color_text":"","color_background":"","color_background_gradient":"","padding_top_desktop":32,"padding_bottom_desktop":32,"padding_top_mobile":16,"padding_bottom_mobile":16,"style_line_top":"none","style_line_bottom":"none","color_line":""}},"collage":{"type":"collage","blocks":{"banner_collage_01":{"type":"banner","settings":{"ratio_block":"portrait","ratio_block_mobile":"square","alignment_vertical":"top","alignment_horizontal":"left","icon":"","caption":"Don't tell anyone 🤐","heading":"Exclusives","heading_type":"h2","subheading":"","button_url":"","button_text":"Shop now","style_button":"primary","style_link":"link-button","width_image":400,"fit_object":"cover","color_background":"","color_background_gradient":"","color_icon":"","color_text":"#ffffff","color_subheading":"","color_overlay":"#000000","color_overlay_gradient":"","opacity_overlay":16,"title":""}},"banner_collage_02":{"type":"banner","settings":{"ratio_block":"landscape","ratio_block_mobile":"landscape","alignment_vertical":"top","alignment_horizontal":"left","icon":"","caption":"Still hot 🔥","heading":"Discover your new favorite","heading_type":"h2","subheading":"","button_url":"","button_text":"Shop classics","style_button":"primary","style_link":"link-full-button","width_image":400,"fit_object":"cover","color_background":"","color_background_gradient":"","color_icon":"","color_text":"#ffffff","color_subheading":"","color_overlay":"#000000","color_overlay_gradient":"","opacity_overlay":32,"title":""}},"banner_collage_03":{"type":"banner","settings":{"ratio_block":"square","ratio_block_mobile":"square","alignment_vertical":"center","alignment_horizontal":"left","icon":"","caption":"Too good to last","heading":"Crowd favorites  👀","heading_type":"h2","subheading":"","button_url":"shopify:\/\/collections\/highly-rated","button_text":"Shop now","style_button":"primary","style_link":"link-button","width_image":400,"fit_object":"cover","color_background":"","color_background_gradient":"","color_icon":"","color_text":"#ffffff","color_subheading":"","color_overlay":"#000000","color_overlay_gradient":"","opacity_overlay":24,"title":""}}},"block_order":["banner_collage_01","banner_collage_02","banner_collage_03"],"settings":{"style_collage":"large_left","icon":"","caption":"","heading":"","heading_type":"h2","subheading":"","button_url":"","button_text":"","style_button":"plain","color_icon":"","color_text":"","color_subheading":"","color_background":"","color_background_gradient":"","padding_top_desktop":32,"padding_bottom_desktop":32,"padding_top_mobile":16,"padding_bottom_mobile":16,"style_line_top":"none","style_line_bottom":"none","color_line":"","display_visibility":"hide-no"}}},"order":["hero_search","featured_blog","slideshow_featured_content","main","collage"]}