{"sections":{"breadcrumbs":{"type":"breadcrumbs","blocks":{"breadcrumb":{"type":"breadcrumb","settings":{"text":"Shop","link":"shopify:\/\/collections"}}},"block_order":["breadcrumb"],"settings":{"icon_home":"home","icon_arrow":"chevron_right","color_icon":"","color_text":"","color_background":"","color_background_gradient":"","padding_top_desktop":16,"padding_bottom_desktop":16,"padding_top_mobile":16,"padding_bottom_mobile":16,"style_line_top":"none","style_line_bottom":"none","color_line":"","display_visibility":"hide-no"}},"cart_items":{"type":"main-cart","settings":{"padding_top_desktop":0,"padding_bottom_desktop":0,"padding_top_mobile":0,"padding_bottom_mobile":0,"style_line_top":"none","style_line_bottom":"none","color_line":""}},"rich_text_qdzdKB":{"type":"rich-text","settings":{"icon":"info","position_icon":"center","caption":"","heading":"Shipping Announcement","heading_type":"h2","content":"<p>Starting April 1, we’re transitioning to a new fulfillment center and will no longer use USPS as our standard shipping carrier due to rising costs. Our goal is to keep shipping affordable while continuing to offer <strong>free shipping on orders over $65<\/strong>.<\/p><p>Orders will now ship via the most cost-effective method, with an estimated delivery time of <strong>5 to 7 business days<\/strong>. Your order will arrive in a <strong>brown recyclable box<\/strong> as part of our commitment to sustainability.<\/p><p>Need your order faster? <strong>Expedited shipping options<\/strong> will be available at checkout for an additional charge.<\/p><p>Thank you for your support—we appreciate you!<\/p>","alignment_text":"center","size_text":"md","color_icon":"rgba(0,0,0,0)","color_border_icon":"","color_text":"rgba(0,0,0,0)","color_border":"","color_background":"#ececec","color_background_gradient":"","padding_top_desktop":32,"padding_bottom_desktop":32,"padding_top_mobile":16,"padding_bottom_mobile":16,"style_line_top":"none","style_line_bottom":"none","color_line":"rgba(0,0,0,0)","display_visibility":"hide-no"}},"featured_products":{"type":"featured-products","settings":{"products":["vitapure-ultra-antioxidant-nutrient-serum","extract-dry-skin-hydrating-plant-oil","restore-balancing-skin-moisturizer","nutriage-total-eye-repair-creme"],"count_items":0,"column_count_desktop":3,"column_count_mobile":2,"layout_desktop":"slider","layout_mobile":"slider","display_navigation":true,"display_pagination":false,"icon":"","caption":"","heading":"You might also like","heading_type":"h2","subheading":"","button_url":"","button_text":"","style_button":"plain","ratio_image":"default","style_card":"default","display_text_card":"default","color_icon":"","color_text":"","color_subheading":"","color_background":"","color_background_gradient":"","padding_top_desktop":32,"padding_bottom_desktop":32,"padding_top_mobile":16,"padding_bottom_mobile":16,"style_line_top":"none","style_line_bottom":"none","color_line":"","display_visibility":"hide-no"}}},"order":["breadcrumbs","cart_items","rich_text_qdzdKB","featured_products"]}