{"sections":{"hero_basic_collection_no_image":{"type":"hero-basic-collection","settings":{"alignment_text":"left","style_hero":"no_image","display_breadcrumbs":true,"display_excerpt":true,"display_ui_print":false,"display_ui_share":true,"color_icon":"","color_text":"","color_background":"","color_background_gradient":"","color_overlay":"#000000","color_overlay_gradient":"","opacity_overlay":40,"padding_top_desktop":64,"padding_bottom_desktop":64,"padding_top_mobile":32,"padding_bottom_mobile":32,"style_line_top":"none","style_line_bottom":"none","color_line":"","display_visibility":"hide-no"}},"main":{"type":"main-collection","settings":{"display_filters":true,"display_in_stock":true,"display_grid_size":true,"display_sort":true,"ratio_image":"default","style_card":"default","display_text_card":"default","icon":"","caption":"","heading":"","heading_type":"h2","subheading":"","button_url":"","button_text":"","color_icon":"","color_subheading":"","color_text":"","color_background":"","color_background_gradient":"","padding_top_desktop":0,"padding_bottom_desktop":0,"padding_top_mobile":0,"padding_bottom_mobile":0,"style_line_top":"none","style_line_bottom":"none","color_line":""}}},"order":["hero_basic_collection_no_image","main"]}