{"sections":{"hero_basic_collection":{"type":"hero-basic-collection","settings":{"alignment_text":"left","style_hero":"background","display_breadcrumbs":true,"display_excerpt":true,"display_ui_print":false,"display_ui_share":true,"color_icon":"#ffffff","color_text":"#ffffff","color_background":"","color_background_gradient":"","color_overlay":"#000000","color_overlay_gradient":"","opacity_overlay":40,"padding_top_desktop":64,"padding_bottom_desktop":64,"padding_top_mobile":32,"padding_bottom_mobile":16,"style_line_top":"none","style_line_bottom":"none","color_line":"","display_visibility":"hide-no"}},"main":{"type":"main-collection","blocks":{"banner_sale":{"type":"collection_banner","settings":{"size_banner":"sm","alignment_vertical":"bottom","alignment_horizontal":"left","icon":"","caption":"✨","heading":"Enjoy exclusive savings","heading_type":"h2","subheading":"","button_url":"","button_text":"Shop the sale","style_button":"primary","style_link":"link-button","fit_object":"cover","color_icon":"","color_text":"#ffffff","color_subheading":"","color_overlay":"#000000","color_overlay_gradient":"","opacity_overlay":40,"color_background":"","color_background_gradient":""}},"banner_best_sellers":{"type":"collection_banner","settings":{"size_banner":"lg","alignment_vertical":"bottom","alignment_horizontal":"left","icon":"","caption":"You'll love these 🥰","heading":"Our best sellers","heading_type":"h2","subheading":"","button_url":"","button_text":"Shop now","style_button":"primary","style_link":"link-button","fit_object":"cover","color_icon":"","color_text":"#ffffff","color_subheading":"","color_overlay":"#000000","color_overlay_gradient":"","opacity_overlay":40,"color_background":"","color_background_gradient":""}}},"block_order":["banner_sale","banner_best_sellers"],"settings":{"display_filters":true,"display_in_stock":true,"display_grid_size":true,"display_sort":true,"ratio_image":"default","style_card":"default","display_text_card":"default","icon":"","caption":"","heading":"","heading_type":"h2","subheading":"","button_url":"","button_text":"","color_icon":"","color_subheading":"","color_text":"","color_background":"","color_background_gradient":"","padding_top_desktop":0,"padding_bottom_desktop":32,"padding_top_mobile":0,"padding_bottom_mobile":16,"style_line_top":"none","style_line_bottom":"none","color_line":""}}},"order":["hero_basic_collection","main"]}