{"sections":{"hero_basic_collection_no_image":{"type":"hero-basic-collection","custom_css":[],"settings":{"alignment_text":"center","collection-image":"shopify:\/\/shop_images\/ultra_antioxidant_nutrient_serum.jpg","style_hero":"background","display_breadcrumbs":false,"display_excerpt":false,"display_ui_print":false,"display_ui_share":false,"color_icon":"","color_text":"#ffffff","color_background":"","color_background_gradient":"","color_overlay":"#ffffff","color_overlay_gradient":"","opacity_overlay":0,"padding_top_desktop":64,"padding_bottom_desktop":64,"padding_top_mobile":32,"padding_bottom_mobile":32,"style_line_top":"none","style_line_bottom":"none","color_line":"","display_visibility":"hide-no"}},"hero_basic_collection_dAUhnm":{"type":"hero-basic-collection","custom_css":["h1 {display: none;}","* {padding-left: 8px; padding-right: 8px; font-size: 15px; line-height: 1.4; margin-top: 0; margin-bottom: 0;}"],"settings":{"alignment_text":"center","style_hero":"no_image","display_breadcrumbs":false,"display_excerpt":true,"display_ui_print":false,"display_ui_share":false,"color_icon":"","color_text":"#150e59","color_background":"","color_background_gradient":"","color_overlay":"#150e59","color_overlay_gradient":"","opacity_overlay":48,"padding_top_desktop":32,"padding_bottom_desktop":32,"padding_top_mobile":16,"padding_bottom_mobile":16,"style_line_top":"none","style_line_bottom":"none","color_line":"","display_visibility":"hide-no"}},"rich_text_NmipTK":{"type":"rich-text","blocks":{"button_6Wf4qz":{"type":"button","settings":{"text":"Visit our Education Hub","link":"shopify:\/\/pages\/shop-by-concern","style_button":"primary"}}},"block_order":["button_6Wf4qz"],"custom_css":["* {margin: 10;}"],"settings":{"icon":"","position_icon":"top","caption":"","heading":"","heading_type":"h2","content":"","alignment_text":"center","size_text":"md","color_icon":"","color_border_icon":"","color_text":"","color_border":"","color_background":"","color_background_gradient":"","padding_top_desktop":0,"padding_bottom_desktop":16,"padding_top_mobile":0,"padding_bottom_mobile":16,"style_line_top":"none","style_line_bottom":"none","color_line":"","display_visibility":"hide-no"}},"main":{"type":"main-collection","blocks":{"banner_sale":{"type":"collection_banner","disabled":true,"settings":{"size_banner":"sm","alignment_vertical":"bottom","alignment_horizontal":"left","icon":"","caption":"✨","heading":"Enjoy exclusive savings","heading_type":"h2","subheading":"","button_url":"shopify:\/\/products\/on-sale-neroli-hand-and-body-nutrient-creme","button_text":"Shop the sale","style_button":"primary","style_link":"link-button","image_background":"shopify:\/\/shop_images\/Neroli_side_of_carton.1_8bf9274f-6ffd-4457-ae35-866e36d0da80.jpg","fit_object":"cover","color_icon":"","color_text":"#ffffff","color_subheading":"","color_overlay":"#000000","color_overlay_gradient":"","opacity_overlay":40,"color_background":"","color_background_gradient":""}},"banner_best_sellers":{"type":"collection_banner","disabled":true,"settings":{"size_banner":"lg","alignment_vertical":"bottom","alignment_horizontal":"left","icon":"","caption":"You'll love these 🥰","heading":"Our best sellers","heading_type":"h2","subheading":"","button_url":"shopify:\/\/products\/sr-3-daily-skin-rejuvenation-starter-kit-restore","button_text":"Shop now","style_button":"primary","style_link":"link-button","image_background":"shopify:\/\/shop_images\/SR3_Ultra_1122.1.jpg","fit_object":"cover","color_icon":"","color_text":"#ffffff","color_subheading":"","color_overlay":"#000000","color_overlay_gradient":"","opacity_overlay":40,"color_background":"","color_background_gradient":""}}},"block_order":["banner_sale","banner_best_sellers"],"settings":{"display_filters":true,"display_in_stock":true,"display_grid_size":true,"display_sort":true,"ratio_image":"default","style_card":"default","display_text_card":"default","icon":"","caption":"","heading":"","heading_type":"h2","subheading":"","button_url":"","button_text":"","color_icon":"","color_subheading":"","color_text":"","color_background":"","color_background_gradient":"","padding_top_desktop":0,"padding_bottom_desktop":32,"padding_top_mobile":0,"padding_bottom_mobile":16,"style_line_top":"none","style_line_bottom":"none","color_line":""}}},"order":["hero_basic_collection_no_image","hero_basic_collection_dAUhnm","rich_text_NmipTK","main"]}