{"sections":{"hero_search":{"type":"hero","blocks":{"heading":{"type":"heading","settings":{"heading":"Find your new favorite","heading_type":"h2","color_text":""}},"separator":{"type":"separator","settings":{"height_desktop":32,"height_mobile":32,"style_line":"none","color_line":""}},"icon_with_text":{"type":"icon_with_text","settings":{"icon":"help","text":"Looking for something?","color_text":"","color_icon":""}},"predictive_search":{"type":"predictive_search","settings":{"placeholder":"Enter your search terms","button_text_search":"Search","layout_search":"fill","display_fill_available":false,"display_centered":false,"ux_predictive":true,"display_features_bar":true,"title_default_results":"Trending Searches","results_default":"main-menu","results_secondary":"main-menu","display_banner":false,"alignment_vertical":"bottom","alignment_horizontal":"left","icon":"","caption":"","headline":"Banner headline","subheading":"","button_url":"","button_text":"Button text","style_button":"primary","style_link":"link-button","color_icon":"","color_text":"","color_subheading":"","color_background":"","color_background_gradient":"","color_overlay":"","color_overlay_gradient":"","opacity_overlay":40,"title":"Predictive search"}}},"block_order":["heading","separator","icon_with_text","predictive_search"],"settings":{"alignment_text":"center","style_hero":"background","color_icon":"#ffffff","color_text":"#ffffff","color_background":"","color_background_gradient":"","color_overlay":"#000000","color_overlay_gradient":"","opacity_overlay":40,"padding_top_desktop":64,"padding_bottom_desktop":16,"padding_top_mobile":16,"padding_bottom_mobile":16,"style_line_top":"none","style_line_bottom":"none","color_line":"","display_visibility":"hide-no","alignment_horizontal":"left"}},"multicolumn_usp":{"type":"multicolumn","blocks":{"multicolumn_rich_text_usp_01":{"type":"rich_text","settings":{"display_fill_available":false,"position_icon":"top","alignment_text":"center","size_text":"md","icon":"electric_rickshaw","caption":"","heading":"Free delivery","heading_type":"h3","content":"<p>Get it free and fast to your door<\/p>","button_url":"","button_text":"","style_button":"primary","color_border":"","color_icon":"","color_border_icon":"","color_text":"","color_background":"","color_background_gradient":""}},"multicolumn_rich_text_usp_02":{"type":"rich_text","settings":{"display_fill_available":false,"position_icon":"top","alignment_text":"center","size_text":"md","icon":"hotel_class","caption":"","heading":"Customer reviews","heading_type":"h3","content":"<p>Real people, real feelings<\/p>","button_url":"","button_text":"","style_button":"primary","color_border":"","color_icon":"","color_border_icon":"","color_text":"","color_background":"","color_background_gradient":""}},"multicolumn_rich_text_usp_03":{"type":"rich_text","settings":{"display_fill_available":false,"position_icon":"top","alignment_text":"center","size_text":"md","icon":"new_releases","caption":"","heading":"Guaranteed","heading_type":"h3","content":"<p>Buy with confidence<\/p>","button_url":"","button_text":"","style_button":"primary","color_border":"","color_icon":"","color_border_icon":"","color_text":"","color_background":"","color_background_gradient":""}}},"block_order":["multicolumn_rich_text_usp_01","multicolumn_rich_text_usp_02","multicolumn_rich_text_usp_03"],"settings":{"column_count_desktop":3,"column_count_tablet":3,"column_count_mobile":1,"content_alignment":"top","stretch_content":false,"layout_mobile_swipe":false,"icon":"","caption":"","heading":"","heading_type":"h2","subheading":"","button_url":"","button_text":"","style_button":"primary","color_icon":"","color_text":"","color_subheading":"","color_background":"","color_background_gradient":"","padding_top_desktop":80,"padding_bottom_desktop":96,"padding_top_mobile":40,"padding_bottom_mobile":52,"style_line_top":"none","style_line_bottom":"none","color_line":"","display_visibility":"hide-no"}},"collage":{"type":"collage","blocks":{"banner_collage_01":{"type":"banner","settings":{"ratio_block":"portrait","ratio_block_mobile":"square","alignment_vertical":"top","alignment_horizontal":"left","icon":"","caption":"Don't tell anyone 🤐","heading":"Exclusives","heading_type":"h2","subheading":"","button_url":"","button_text":"Shop now","style_button":"primary","style_link":"link-button","width_image":400,"fit_object":"cover","color_background":"","color_background_gradient":"","color_icon":"","color_text":"#ffffff","color_subheading":"","color_overlay":"#000000","color_overlay_gradient":"","opacity_overlay":16,"title":""}},"banner_collage_02":{"type":"banner","settings":{"ratio_block":"landscape","ratio_block_mobile":"landscape","alignment_vertical":"top","alignment_horizontal":"left","icon":"","caption":"Still hot 🔥","heading":"Discover your new favorite","heading_type":"h2","subheading":"","button_url":"","button_text":"Shop classics","style_button":"primary","style_link":"link-full-button","width_image":400,"fit_object":"cover","color_background":"","color_background_gradient":"","color_icon":"","color_text":"#ffffff","color_subheading":"","color_overlay":"#000000","color_overlay_gradient":"","opacity_overlay":32,"title":""}},"banner_collage_03":{"type":"banner","settings":{"ratio_block":"square","ratio_block_mobile":"square","alignment_vertical":"center","alignment_horizontal":"left","icon":"","caption":"Too good to last","heading":"Crowd favorites  👀","heading_type":"h2","subheading":"","button_url":"shopify:\/\/collections\/highly-rated","button_text":"Shop now","style_button":"primary","style_link":"link-button","width_image":400,"fit_object":"cover","color_background":"","color_background_gradient":"","color_icon":"","color_text":"#ffffff","color_subheading":"","color_overlay":"#000000","color_overlay_gradient":"","opacity_overlay":24,"title":""}}},"block_order":["banner_collage_01","banner_collage_02","banner_collage_03"],"settings":{"style_collage":"large_left","icon":"","caption":"","heading":"","heading_type":"h2","subheading":"","button_url":"","button_text":"","style_button":"plain","color_icon":"","color_text":"","color_subheading":"","color_background":"","color_background_gradient":"","padding_top_desktop":32,"padding_bottom_desktop":32,"padding_top_mobile":16,"padding_bottom_mobile":16,"style_line_top":"none","style_line_bottom":"none","color_line":"","display_visibility":"hide-no"}},"featured_collection":{"type":"featured-collection","settings":{"collection":"","count_items":0,"column_count_desktop":3,"column_count_mobile":1,"layout_desktop":"slider","layout_mobile":"grid","display_navigation":true,"display_pagination":false,"icon":"","caption":"","heading":"Most popular ✨","heading_type":"h2","subheading":"<p>Folks seem to like these!<\/p>","button_url":"","button_text":"Shop all","style_button":"plain","ratio_image":"default","style_card":"default","display_text_card":"default","color_icon":"","color_text":"","color_subheading":"","color_background":"","color_background_gradient":"","padding_top_desktop":32,"padding_bottom_desktop":32,"padding_top_mobile":16,"padding_bottom_mobile":16,"style_line_top":"none","style_line_bottom":"none","color_line":"","display_visibility":"hide-no"}},"multicolumn_banner_product":{"type":"multicolumn","blocks":{"banner_exclusive":{"type":"banner","settings":{"display_fill_available":true,"ratio_block":"default","ratio_block_mobile":"default","alignment_vertical":"bottom","alignment_horizontal":"left","icon":"","caption":"Exclusive of the week","heading":"Sell the experience","heading_type":"h2","subheading":"","button_url":"","button_text":"Shop exclusives","style_button":"primary","style_link":"link-full-button","width_image":400,"fit_object":"cover","color_background":"rgba(0,0,0,0)","color_background_gradient":"","color_icon":"","color_text":"#ffffff","color_subheading":"","color_overlay":"#000000","color_overlay_gradient":"","opacity_overlay":20}},"multicolumn_banner_products_01":{"type":"product","settings":{"display_fill_available":false,"product":"","ratio_image":"default","style_card":"default","display_text_card":"text_title"}},"multicolumn_banner_products_02":{"type":"product","settings":{"display_fill_available":false,"product":"","ratio_image":"default","style_card":"default","display_text_card":"default"}},"multicolumn_banner_products_03":{"type":"product","settings":{"display_fill_available":false,"product":"","ratio_image":"default","style_card":"default","display_text_card":"default"}},"banner_sale":{"type":"banner","settings":{"display_fill_available":true,"ratio_block":"square","ratio_block_mobile":"default","alignment_vertical":"bottom","alignment_horizontal":"left","icon":"","caption":"Big savings","heading":"Seasonal Sale","heading_type":"h2","subheading":"","button_url":"","button_text":"Shop sale","style_button":"primary","style_link":"link-full-button","width_image":400,"fit_object":"cover","color_background":"","color_background_gradient":"","color_icon":"","color_text":"#ffffff","color_subheading":"","color_overlay":"#000000","color_overlay_gradient":"","opacity_overlay":20}}},"block_order":["banner_exclusive","multicolumn_banner_products_01","multicolumn_banner_products_02","multicolumn_banner_products_03","banner_sale"],"settings":{"column_count_desktop":3,"column_count_tablet":3,"column_count_mobile":1,"content_alignment":"top","stretch_content":true,"layout_mobile_swipe":false,"icon":"","caption":"","heading":"Featured exclusive","heading_type":"h2","subheading":"","button_url":"","button_text":"Shop all exclusives","style_button":"plain","color_icon":"","color_text":"","color_subheading":"","color_background":"rgba(0,0,0,0)","color_background_gradient":"","padding_top_desktop":32,"padding_bottom_desktop":32,"padding_top_mobile":16,"padding_bottom_mobile":16,"style_line_top":"none","style_line_bottom":"none","color_line":"","display_visibility":"hide-no"}},"testimonials":{"type":"testimonials","blocks":{"testimonial_01":{"type":"testimonial","settings":{"rating":5,"content":"<p>Provide a featured customer quote explaining more about the quality of your product or service.<\/p><p><em>Try to keep this quote short and sweet!<\/em><\/p>","source":"— Testimonial source","product":"","style_image":"circle"}},"testimonial_02":{"type":"testimonial","settings":{"rating":5,"content":"<p>Provide a featured customer quote explaining more about the quality of your product or service.<\/p><p><em>Try to keep this quote short and sweet!<\/em><\/p>","source":"— Testimonial source","product":"","style_image":"circle"}},"testimonial_03":{"type":"testimonial","settings":{"rating":5,"content":"<p>Provide a featured customer quote explaining more about the quality of your product or service.<\/p><p><em>Try to keep this quote short and sweet!<\/em><\/p>","source":"— Testimonial source","product":"","style_image":"circle"}}},"block_order":["testimonial_01","testimonial_02","testimonial_03"],"settings":{"column_count_desktop":3,"column_count_mobile":1,"content_alignment":"top","stretch_content":false,"icon":"","caption":"These are not actually real! 😉","heading":"Real customers, real reviews","heading_type":"h2","subheading":"","button_url":"","button_text":"View all testimonials","style_button":"plain","color_icon":"","color_text":"","color_subheading":"","color_background":"","color_background_gradient":"","padding_top_desktop":32,"padding_bottom_desktop":32,"padding_top_mobile":16,"padding_bottom_mobile":16,"style_line_top":"none","style_line_bottom":"none","color_line":"","display_visibility":"hide-no"}},"banner_intro":{"type":"banner","settings":{"ratio_block":"landscape","ratio_block_mobile":"default","alignment_vertical":"bottom","alignment_horizontal":"left","icon":"","caption":"Made with ❤️","heading":"Your slogan here","heading_type":"h1","subheading":"","button_url":"","button_text":"Shop now","style_button":"primary","style_link":"link-button","width_image":400,"fit_object":"cover","color_background":"","color_background_gradient":"","color_icon":"","color_text":"#ffffff","color_subheading":"","color_overlay":"#000000","color_overlay_gradient":"","opacity_overlay":24,"padding_top_desktop":32,"padding_bottom_desktop":32,"padding_top_mobile":16,"padding_bottom_mobile":16,"style_line_top":"none","style_line_bottom":"none","color_line":"","display_visibility":"hide-no"}},"main":{"type":"main-collection","blocks":{"banner_sale":{"type":"collection_banner","settings":{"size_banner":"sm","alignment_vertical":"bottom","alignment_horizontal":"left","icon":"","caption":"✨","heading":"Enjoy exclusive savings","heading_type":"h2","subheading":"","button_url":"","button_text":"Shop the sale","style_button":"primary","style_link":"link-button","fit_object":"cover","color_icon":"","color_text":"#ffffff","color_subheading":"","color_overlay":"#000000","color_overlay_gradient":"","opacity_overlay":40,"color_background":"","color_background_gradient":""}},"banner_best_sellers":{"type":"collection_banner","settings":{"size_banner":"lg","alignment_vertical":"bottom","alignment_horizontal":"left","icon":"","caption":"You'll love these 🥰","heading":"Our best sellers","heading_type":"h2","subheading":"","button_url":"","button_text":"Shop now","style_button":"primary","style_link":"link-button","fit_object":"cover","color_icon":"","color_text":"#ffffff","color_subheading":"","color_overlay":"#000000","color_overlay_gradient":"","opacity_overlay":40,"color_background":"","color_background_gradient":""}}},"block_order":["banner_sale","banner_best_sellers"],"settings":{"display_filters":true,"display_in_stock":true,"display_grid_size":true,"display_sort":true,"ratio_image":"default","style_card":"default","display_text_card":"default","icon":"","caption":"","heading":"{{ collection.title }}","heading_type":"h2","subheading":"","button_url":"","button_text":"","color_icon":"","color_subheading":"","color_text":"","color_background":"","color_background_gradient":"","padding_top_desktop":0,"padding_bottom_desktop":32,"padding_top_mobile":0,"padding_bottom_mobile":16,"style_line_top":"none","style_line_bottom":"none","color_line":""}}},"order":["hero_search","multicolumn_usp","collage","featured_collection","multicolumn_banner_product","testimonials","banner_intro","main"]}