{"sections":{"hero_basic_collection_no_ui":{"type":"hero-basic-collection","settings":{"alignment_text":"left","style_hero":"no_image","display_breadcrumbs":false,"display_excerpt":false,"display_ui_print":false,"display_ui_share":false,"color_icon":"","color_text":"","color_background":"","color_background_gradient":"","color_overlay":"#000000","color_overlay_gradient":"","opacity_overlay":40,"padding_top_desktop":64,"padding_bottom_desktop":16,"padding_top_mobile":16,"padding_bottom_mobile":16,"style_line_top":"none","style_line_bottom":"none","color_line":"","display_visibility":"hide-no"}},"main":{"type":"main-collection","settings":{"display_filters":false,"display_in_stock":false,"display_grid_size":false,"display_sort":false,"ratio_image":"default","style_card":"default","display_text_card":"default","icon":"","caption":"","heading":"","heading_type":"h2","subheading":"","button_url":"","button_text":"","color_icon":"","color_subheading":"","color_text":"","color_background":"","color_background_gradient":"","padding_top_desktop":0,"padding_bottom_desktop":32,"padding_top_mobile":0,"padding_bottom_mobile":16,"style_line_top":"none","style_line_bottom":"none","color_line":""}}},"order":["hero_basic_collection_no_ui","main"]}