{"sections":{"banner_intro":{"type":"banner","blocks":{"banner_EyLMUF":{"type":"banner","settings":{"start_date":"","end_date":"","ratio_block":"landscape","ratio_block_mobile":"square","alignment_vertical_dsk":true,"alignment_vertical":"bottom","alignment_horizontal":"center","icon":"","caption":"","heading":"","heading_type":"h2","flex-col-checkbox":false,"subheading":"","subheading-first-banner-checkbox":false,"subheading-first-banner":"","button_url":"shopify:\/\/products\/vitapure-ultra-antioxidant-nutrient-serum-for-men","button_text":"","style_button":"secondary","style_link":"link-block","width_image":400,"fit_object":"cover","image_background":"shopify:\/\/shop_images\/iPhone_13_mini_-_2_1.jpg","image_background_mobile":"shopify:\/\/shop_images\/iPhone_13_mini_-_5_1.jpg","color_background":"","color_background_gradient":"","color_icon":"","color_text":"","color_subheading":"","color_overlay":"","color_overlay_gradient":"","opacity_overlay":48,"padding_top_desktop":0,"padding_bottom_desktop":0,"padding_top_mobile":0,"padding_bottom_mobile":16,"style_line_top":"none","style_line_bottom":"none","color_line":"","display_visibility":"hide-no"}},"banner_PwCr33":{"type":"banner","settings":{"start_date":"","end_date":"","ratio_block":"landscape","ratio_block_mobile":"square","alignment_vertical_dsk":false,"alignment_vertical":"bottom","alignment_horizontal":"left","icon":"","caption":"","heading":"","heading_type":"h2","flex-col-checkbox":false,"subheading":"","subheading-first-banner-checkbox":false,"subheading-first-banner":"","button_url":"shopify:\/\/products\/vitapure-ultra-antioxidant-nutrient-serum","button_text":"","style_button":"secondary","style_link":"link-block","width_image":400,"fit_object":"cover","image_background":"shopify:\/\/shop_images\/iPhone_13_mini_-_3_1.jpg","image_background_mobile":"shopify:\/\/shop_images\/iPhone_13_mini_-_6_2.jpg","color_background":"","color_background_gradient":"","color_icon":"","color_text":"","color_subheading":"","color_overlay":"","color_overlay_gradient":"","opacity_overlay":48,"padding_top_desktop":28,"padding_bottom_desktop":0,"padding_top_mobile":0,"padding_bottom_mobile":16,"style_line_top":"none","style_line_bottom":"none","color_line":"","display_visibility":"hide-no"}},"banner_NTcYnb":{"type":"banner","settings":{"start_date":"","end_date":"","ratio_block":"landscape","ratio_block_mobile":"square","alignment_vertical_dsk":false,"alignment_vertical":"bottom","alignment_horizontal":"left","icon":"","caption":"","heading":"","heading_type":"h2","flex-col-checkbox":false,"subheading":"","subheading-first-banner-checkbox":false,"subheading-first-banner":"","button_url":"shopify:\/\/products\/primesse-essential-facial-cleanser","button_text":"","style_button":"secondary","style_link":"link-block","width_image":400,"fit_object":"cover","image_background":"shopify:\/\/shop_images\/iPhone_13_mini_-_4_3.jpg","image_background_mobile":"shopify:\/\/shop_images\/iPhone_13_mini_-_7_4.jpg","color_background":"","color_background_gradient":"","color_icon":"","color_text":"","color_subheading":"","color_overlay":"","color_overlay_gradient":"","opacity_overlay":48,"padding_top_desktop":28,"padding_bottom_desktop":0,"padding_top_mobile":0,"padding_bottom_mobile":16,"style_line_top":"none","style_line_bottom":"none","color_line":"","display_visibility":"hide-no"}},"banner_E8zQ4Q":{"type":"banner","disabled":true,"settings":{"start_date":"2025-05-07 00:00","end_date":"2025-05-11 23:59","ratio_block":"landscape","ratio_block_mobile":"square","alignment_vertical_dsk":false,"alignment_vertical":"bottom","alignment_horizontal":"center","icon":"","caption":"","heading":"","heading_type":"h2","flex-col-checkbox":false,"subheading":"","subheading-first-banner-checkbox":false,"subheading-first-banner":"","button_url":"shopify:\/\/collections","button_text":"","style_button":"secondary","style_link":"link-block","width_image":400,"fit_object":"cover","image_background":"shopify:\/\/shop_images\/L_athene_banners_14.png","image_background_mobile":"shopify:\/\/shop_images\/L_athene_banners_Mobile_Sized_700_x_700_px_9.png","color_background":"","color_background_gradient":"","color_icon":"","color_text":"","color_subheading":"","color_overlay":"","color_overlay_gradient":"","opacity_overlay":48,"padding_top_desktop":28,"padding_bottom_desktop":0,"padding_top_mobile":16,"padding_bottom_mobile":16,"style_line_top":"none","style_line_bottom":"none","color_line":"","display_visibility":"hide-no"}},"banner_wKTNjL":{"type":"banner","disabled":true,"settings":{"start_date":"2025-05-07 00:00","end_date":"2025-05-31 23:59","ratio_block":"landscape","ratio_block_mobile":"square","alignment_vertical_dsk":false,"alignment_vertical":"bottom","alignment_horizontal":"center","icon":"","caption":"","heading":"","heading_type":"h2","flex-col-checkbox":false,"subheading":"","subheading-first-banner-checkbox":false,"subheading-first-banner":"","button_url":"shopify:\/\/products\/hyaluronic-acid-gel","button_text":"","style_button":"secondary","style_link":"link-block","width_image":400,"fit_object":"cover","image_background":"shopify:\/\/shop_images\/L_ATHENE_website_banners.png","image_background_mobile":"shopify:\/\/shop_images\/L_ATHENE_website_banners_Mobile_Sized_700_x_700_px.png","color_background":"","color_background_gradient":"","color_icon":"","color_text":"","color_subheading":"","color_overlay":"","color_overlay_gradient":"","opacity_overlay":48,"padding_top_desktop":28,"padding_bottom_desktop":0,"padding_top_mobile":16,"padding_bottom_mobile":16,"style_line_top":"none","style_line_bottom":"none","color_line":"","display_visibility":"hide-no"}},"banner_hLB8LT":{"type":"banner","disabled":true,"settings":{"start_date":"2025-05-10 00:00","end_date":"2025-05-11 23:59","ratio_block":"landscape","ratio_block_mobile":"square","alignment_vertical_dsk":false,"alignment_vertical":"bottom","alignment_horizontal":"center","icon":"","caption":"","heading":"","heading_type":"h2","flex-col-checkbox":false,"subheading":"","subheading-first-banner-checkbox":false,"subheading-first-banner":"","button_url":"shopify:\/\/collections\/gift-certificate","button_text":"","style_button":"secondary","style_link":"link-block","width_image":400,"fit_object":"cover","image_background":"shopify:\/\/shop_images\/L_athene_banners_13.png","image_background_mobile":"shopify:\/\/shop_images\/L_athene_banners_Mobile_Sized_700_x_700_px_8.png","color_background":"","color_background_gradient":"","color_icon":"","color_text":"","color_subheading":"","color_overlay":"","color_overlay_gradient":"","opacity_overlay":48,"padding_top_desktop":32,"padding_bottom_desktop":0,"padding_top_mobile":16,"padding_bottom_mobile":16,"style_line_top":"none","style_line_bottom":"none","color_line":"","display_visibility":"hide-no"}},"banner_CVa9hF":{"type":"banner","disabled":true,"settings":{"start_date":"","end_date":"","ratio_block":"landscape","ratio_block_mobile":"square","alignment_vertical_dsk":false,"alignment_vertical":"bottom","alignment_horizontal":"left","icon":"","caption":"","heading":"","heading_type":"h2","flex-col-checkbox":false,"subheading":"","subheading-first-banner-checkbox":false,"subheading-first-banner":"","button_url":"shopify:\/\/collections\/all","button_text":"","style_button":"primary","style_link":"link-block","width_image":400,"fit_object":"cover","image_background":"shopify:\/\/shop_images\/8.png","image_background_mobile":"shopify:\/\/shop_images\/3_c5f610ea-8d87-4171-b3ff-409f8e75e232.png","color_background":"","color_background_gradient":"","color_icon":"","color_text":"","color_subheading":"","color_overlay":"","color_overlay_gradient":"","opacity_overlay":48,"padding_top_desktop":32,"padding_bottom_desktop":32,"padding_top_mobile":16,"padding_bottom_mobile":16,"style_line_top":"none","style_line_bottom":"none","color_line":"","display_visibility":"hide-no"}},"banner_DM3byM":{"type":"banner","disabled":true,"settings":{"start_date":"","end_date":"","ratio_block":"landscape","ratio_block_mobile":"square","alignment_vertical_dsk":false,"alignment_vertical":"bottom","alignment_horizontal":"left","icon":"","caption":"","heading":"","heading_type":"h2","flex-col-checkbox":false,"subheading":"","subheading-first-banner-checkbox":false,"subheading-first-banner":"","button_url":"shopify:\/\/collections","button_text":"","style_button":"primary","style_link":"link-block","width_image":400,"fit_object":"cover","image_background":"shopify:\/\/shop_images\/7.png","image_background_mobile":"shopify:\/\/shop_images\/L_athene_banners_700_x_700_px_3.png","color_background":"","color_background_gradient":"","color_icon":"","color_text":"","color_subheading":"","color_overlay":"","color_overlay_gradient":"","opacity_overlay":48,"padding_top_desktop":32,"padding_bottom_desktop":32,"padding_top_mobile":16,"padding_bottom_mobile":16,"style_line_top":"none","style_line_bottom":"none","color_line":"","display_visibility":"hide-no"}},"banner_FgJiTF":{"type":"banner","disabled":true,"settings":{"start_date":"","end_date":"","ratio_block":"default","ratio_block_mobile":"square","alignment_vertical_dsk":false,"alignment_vertical":"center","alignment_horizontal":"left","icon":"","caption":"","heading":"Your Skin's","heading_type":"h2","flex-col-checkbox":false,"subheading":"<h3>Best Friend<\/h3>","subheading-first-banner-checkbox":false,"subheading-first-banner":"","button_url":"shopify:\/\/collections\/dry-skin","button_text":"Shop Now","style_button":"primary","style_link":"link-button","width_image":400,"fit_object":"cover","image_background":"shopify:\/\/shop_images\/lathene-site-banner3.jpg","color_background":"","color_background_gradient":"","color_icon":"","color_text":"","color_subheading":"","color_overlay":"","color_overlay_gradient":"","opacity_overlay":48,"padding_top_desktop":32,"padding_bottom_desktop":32,"padding_top_mobile":16,"padding_bottom_mobile":16,"style_line_top":"none","style_line_bottom":"none","color_line":"","display_visibility":"hide-no"}}},"block_order":["banner_EyLMUF","banner_PwCr33","banner_NTcYnb","banner_E8zQ4Q","banner_wKTNjL","banner_hLB8LT","banner_CVa9hF","banner_DM3byM","banner_FgJiTF"],"custom_css":["@media only screen and (max-width: 600px) {.inner_content_main {padding-bottom: 40%; }}",".inner_content_main h2,.inner_content_main h3 {color: #150e59;}"],"settings":{}},"featured_collection_MnLkMF":{"type":"featured-collection","custom_css":[],"settings":{"collection":"popular-products","count_items":3,"column_count_desktop":3,"column_count_mobile":1,"layout_desktop":"grid","layout_mobile":"slider","display_navigation":true,"display_pagination":false,"icon":"","caption":"","heading":"Start with these Bestselling Essentials","heading_type":"h2","subheading":"","button_url":"","button_text":"","style_button":"secondary","ratio_image":"square","style_card":"default","display_text_card":"title","color_icon":"","color_text":"","color_subheading":"","color_background":"","color_background_gradient":"","padding_top_desktop":32,"padding_bottom_desktop":32,"padding_top_mobile":16,"padding_bottom_mobile":16,"style_line_top":"none","style_line_bottom":"line","color_line":"","display_visibility":"hide-no"}},"featured_collection_eKDACX":{"type":"featured-collection","custom_css":[".swiper-container {padding-left: 15%; padding-right: 15%;}","p {text-align: center; padding-left: 8%; padding-right: 8%;}"],"settings":{"collection":"exclusive-offers","count_items":0,"column_count_desktop":2,"column_count_mobile":1,"layout_desktop":"grid","layout_mobile":"grid","display_navigation":true,"display_pagination":false,"icon":"","caption":"","heading":"This Month's Specials!","heading_type":"h2","subheading":"<p>L'ATHENE offers exclusive deals to our subscribers every month. Subscribe to our emails for more skincare education, exclusive discounts and first-to-know updates!<\/p>","button_url":"","button_text":"","style_button":"primary","ratio_image":"default","style_card":"default","display_text_card":"default","color_icon":"","color_text":"#150e59","color_subheading":"#150e59","color_background":"#ececec","color_background_gradient":"","padding_top_desktop":32,"padding_bottom_desktop":32,"padding_top_mobile":16,"padding_bottom_mobile":16,"style_line_top":"none","style_line_bottom":"none","color_line":"","display_visibility":"hide-no"}},"multicolumn_erfr6B":{"type":"multicolumn","blocks":{"product_VTNE7j":{"type":"product","settings":{"display_fill_available":false,"product":"","ratio_image":"default","style_card":"default","display_text_card":"default"}},"banner_T8y3H7":{"type":"banner","settings":{"display_fill_available":false,"ratio_block":"default","ratio_block_mobile":"default","alignment_vertical":"center","alignment_horizontal":"center","icon":"sell","caption":"","heading":"CITRUS FOAM Exfoliating Cleanser$43.20","heading_type":"h4","subheading":"<p>$48.00<\/p>","button_url":"shopify:\/\/products\/citrus-foam-exfoliating-cleanser","button_text":"Shop Now","style_button":"secondary","style_link":"link-button","image":"shopify:\/\/shop_images\/foaming-non-detergent-cleanser.jpg","width_image":400,"fit_object":"cover","color_background":"#b8cd96","color_background_gradient":"","color_icon":"","color_text":"#ffffff","color_subheading":"","color_overlay":"#000000","color_overlay_gradient":"","opacity_overlay":0}},"banner_G6C4iT":{"type":"banner","settings":{"display_fill_available":false,"ratio_block":"default","ratio_block_mobile":"default","alignment_vertical":"center","alignment_horizontal":"center","icon":"sell","caption":"","heading":"PRIMESSE Essential Facial Cleanser$44.10","heading_type":"h4","subheading":"<p>$49.00<\/p>","button_url":"shopify:\/\/products\/primesse-essential-facial-cleanser","button_text":"Shop Now","style_button":"secondary","style_link":"link-button","image":"shopify:\/\/shop_images\/essential_facial_cleanser_2.jpg","width_image":400,"fit_object":"cover","color_background":"#b8cd96","color_background_gradient":"","color_icon":"","color_text":"#ffffff","color_subheading":"","color_overlay":"#000000","color_overlay_gradient":"","opacity_overlay":0}}},"block_order":["product_VTNE7j","banner_T8y3H7","banner_G6C4iT"],"disabled":true,"custom_css":["@media screen and (max-width: 600px) {.container.section__wrapper--background {padding: 10px; }}","h4 {font-size: 30px;}","img {height: 200px; width: 200px; object-fit: cover; border-radius: 5px;}",".swiper-slide {border: solid 1px white;}",".banner__subheading.wysiwyg.no-flex-col {text-decoration: line-through; font-size: 20px;}"],"settings":{"column_count_desktop":2,"column_count_tablet":2,"column_count_mobile":1,"content_alignment":"top","stretch_content":true,"layout_mobile_swipe":true,"icon":"","caption":"","heading":"This Month's Exclusive Offers","heading_type":"h2","subheading":"","button_url":"","button_text":"","style_button":"primary","color_icon":"","color_text":"","color_subheading":"","color_background":"#b8cd96","color_background_gradient":"","padding_top_desktop":32,"padding_bottom_desktop":32,"padding_top_mobile":16,"padding_bottom_mobile":16,"style_line_top":"none","style_line_bottom":"none","color_line":"","display_visibility":"hide-no"}},"multicolumn_zGMXX3":{"type":"multicolumn","blocks":{"video_RPXYwC":{"type":"video","settings":{"display_fill_available":false,"ratio_block":"landscape","video_autoplay":false,"video_loop":false,"video_mute":true,"display_controls":true,"url_video":"https:\/\/www.youtube.com\/watch?v=_9VUPq3SxOc","url_video_hosted":"shopify:\/\/files\/videos\/Lathene video_20aa26e9-1a4f-484d-9053-0c3cbe17f0a5.mp4","caption":"Lil Bogdan, RN, Co-Founder","alignment_text":"left","position_caption":"bottom","size_text":"sm","color_text":""}},"image_4ra8Da":{"type":"image","disabled":true,"settings":{"display_fill_available":false,"image":"shopify:\/\/shop_images\/Finals_1.jpg","ratio_block":"default","width_image":1152,"style_image":"default","alignment_horizontal":"left","link":"","caption":"Lil Bogdan, RN Founder and her daughter Claire.","alignment_text":"left","position_caption":"bottom","size_text":"sm","color_text":""}},"rich_text_gzV3RX":{"type":"rich_text","settings":{"display_fill_available":false,"position_icon":"top","alignment_text":"left","size_text":"md","icon":"","caption":"","heading":"Generations of Beauty","heading_type":"h2","content":"<p>Developed by oncology and burn-unit nurses and celebrated for nearly 25 years, L’ATHENE products promise impactful results driven by science without sacrificing skin nourishment and natural ingredients. <em>Finally, a skin care line that you can feel good about giving to the next generation of beauty. <\/em><\/p>","button_url":"","button_text":"","style_button":"primary","color_border":"","color_icon":"","color_border_icon":"","color_text":"","color_background":"","color_background_gradient":""}}},"block_order":["video_RPXYwC","image_4ra8Da","rich_text_gzV3RX"],"custom_css":["h2 {text-align: left;}"],"settings":{"column_count_desktop":2,"column_count_tablet":2,"column_count_mobile":1,"content_alignment":"center","stretch_content":false,"layout_mobile_swipe":false,"icon":"","caption":"","heading":"","heading_type":"h2","subheading":"","button_url":"","button_text":"","style_button":"primary","color_icon":"","color_text":"","color_subheading":"","color_background":"","color_background_gradient":"","padding_top_desktop":32,"padding_bottom_desktop":32,"padding_top_mobile":16,"padding_bottom_mobile":16,"style_line_top":"none","style_line_bottom":"none","color_line":"","display_visibility":"hide-no"}},"tpt_badges_three_U7F87U":{"type":"tpt-badges-three","blocks":{"item_AeHMwz":{"type":"item","settings":{"image_type":"icon","item_image":"shopify:\/\/shop_images\/Screenshot_2024-10-09_at_12.10.30_PM.png","image_preload":false,"heading":"Nutrient rich formulas made by nurses.","description":"","link_text":"","link":""}},"item_FpknNM":{"type":"item","settings":{"image_type":"icon","item_image":"shopify:\/\/shop_images\/Screenshot_2024-10-09_at_12.10.38_PM.png","image_preload":false,"heading":"Supports skin's microbiome.","description":"","link_text":"","link":""}},"item_9wmCg6":{"type":"item","settings":{"image_type":"icon","item_image":"shopify:\/\/shop_images\/Screenshot_2024-10-09_at_12.10.44_PM.png","image_preload":false,"heading":"2x concentrated for better value.","description":"","link_text":"","link":""}},"item_JcJd4X":{"type":"item","settings":{"image_type":"icon","item_image":"shopify:\/\/shop_images\/Screenshot_2024-10-09_at_12.10.49_PM.png","image_preload":false,"heading":"25 years in business","description":"","link_text":"","link":""}},"item_3yWPHj":{"type":"item","settings":{"image_type":"icon","item_image":"shopify:\/\/shop_images\/Screenshot_2024-10-09_at_12.10.55_PM.png","image_preload":false,"heading":"Customers that stay with us for life.","description":"","link_text":"","link":""}}},"block_order":["item_AeHMwz","item_FpknNM","item_9wmCg6","item_JcJd4X","item_3yWPHj"],"custom_css":["img {object-fit: contain;}"],"settings":{"heading":"Why L'ATHENE?","heading_size":"h2","sub_heading":"","description":"","alignment":"center","top_button_label":"","top_button_link":"","item_background_color":"#ffffff","item_text_color":"#000000","border_radius":8,"hidden_border":true,"icon_position":"center","desktop_column":5,"tablet_column":5,"mobile_column":1,"bottom_button_label":"","bottom_button_link":"","section_full_width":true,"section_max_width":1600,"content_full_width":false,"content_max_width":1440,"padding_desktop":0,"padding_tablet_mobile":0,"margin_desktop":60,"margin_tablet_mobile":40,"background_color":"#ffffff","background_gradient_color":"","foreground_color":"#000000","title_color":"#000000","button_background_color":"#000000","button_text_color":"#ffffff","input_button_radius":0,"section_lazyload":false}},"rich_text_8CNjzy":{"type":"rich-text","blocks":{"button_7GgQ3E":{"type":"button","settings":{"text":"Learn more about our story","link":"shopify:\/\/pages\/why-choose-lathene","style_button":"primary"}}},"block_order":["button_7GgQ3E"],"settings":{"icon":"","position_icon":"top","caption":"","heading":"","heading_type":"h2","content":"","alignment_text":"center","size_text":"md","color_icon":"","color_border_icon":"","color_text":"","color_border":"","color_background":"","color_background_gradient":"","padding_top_desktop":0,"padding_bottom_desktop":32,"padding_top_mobile":0,"padding_bottom_mobile":16,"style_line_top":"none","style_line_bottom":"none","color_line":"","display_visibility":"hide-no"}},"multicolumn_eYdADH":{"type":"multicolumn","blocks":{"banner_PN8K9K":{"type":"banner","settings":{"display_fill_available":false,"ratio_block":"default","ratio_block_mobile":"default","alignment_vertical":"bottom","alignment_horizontal":"center","icon":"","caption":"","heading":"Nourish your skin","heading_type":"h2","subheading":"","button_url":"","button_text":"","style_button":"primary","style_link":"link-button","width_image":400,"fit_object":"cover","image_background":"shopify:\/\/shop_images\/Finals_18.jpg","color_background":"","color_background_gradient":"","color_icon":"","color_text":"#ffffff","color_subheading":"","color_overlay":"#000000","color_overlay_gradient":"","opacity_overlay":44}},"product_byCXW8":{"type":"product","settings":{"display_fill_available":false,"product":"intensive-wrinkle-treatment","ratio_image":"default","style_card":"default","display_text_card":"default"}},"product_kimjec":{"type":"product","settings":{"display_fill_available":false,"product":"extract-dry-skin-hydrating-plant-oil","ratio_image":"default","style_card":"default","display_text_card":"default"}}},"block_order":["banner_PN8K9K","product_byCXW8","product_kimjec"],"settings":{"column_count_desktop":3,"column_count_tablet":3,"column_count_mobile":1,"content_alignment":"top","stretch_content":true,"layout_mobile_swipe":false,"icon":"","caption":"","heading":"Moisture-Locking Magic","heading_type":"h2","subheading":"","button_url":"","button_text":"","style_button":"primary","color_icon":"","color_text":"","color_subheading":"","color_background":"#e6ebfc","color_background_gradient":"","padding_top_desktop":32,"padding_bottom_desktop":32,"padding_top_mobile":16,"padding_bottom_mobile":16,"style_line_top":"none","style_line_bottom":"none","color_line":"","display_visibility":"hide-no"}},"rich_text_PTXnwY":{"type":"rich-text","blocks":{"button_BPfNWf":{"type":"button","settings":{"text":"Frequently Asked Questions","link":"shopify:\/\/pages\/faqs","style_button":"primary"}},"button_QaR4kR":{"type":"button","settings":{"text":"Contact Us","link":"shopify:\/\/pages\/contact","style_button":"primary"}}},"block_order":["button_BPfNWf","button_QaR4kR"],"disabled":true,"settings":{"icon":"","position_icon":"top","caption":"","heading":"How can we help?","heading_type":"h1","content":"<p>Browse our FAQs or contact us and we'll get your questions answered as quickly as possible.<\/p>","alignment_text":"center","size_text":"md","color_icon":"","color_border_icon":"","color_text":"","color_border":"","color_background":"","color_background_gradient":"","padding_top_desktop":32,"padding_bottom_desktop":32,"padding_top_mobile":16,"padding_bottom_mobile":16,"style_line_top":"none","style_line_bottom":"none","color_line":"","display_visibility":"hide-no"}},"custom_liquid_G3BA4B":{"type":"custom-liquid","disabled":true,"settings":{"custom_liquid":"<div class=\"new_yotpo\" style=\"background:rgb(246, 241, 238);\"><div class=\"yotpo-widget-instance\" data-yotpo-instance-id=\"771581\"><\/div>\n<div class=\"buttons__wrapper\" style=\"justify-content:center; padding-bottom:40px;\"><a href=\"\/pages\/lathene-loyals\" target=\"_self\" class=\"button--primary\">Explore More<\/a><\/div>\n<\/div>"}},"testimonials_EUGwwa":{"type":"testimonials","blocks":{"testimonial_MDxxbG":{"type":"testimonial","settings":{"rating":5,"content":"<p>I have been ordering the facemask for years. It works so well that I now get it for my daughters too! When needed I will put a dab on a problem area and leave it on overnight.<\/p>","source":"— Chris Stewart","product":"clarifique-purifying-clay-mask","style_image":"default"}},"testimonial_4Je9ri":{"type":"testimonial","settings":{"rating":5,"content":"<p>I have used this serum for over 10 years. My skin is bright and fresh looking. Many people compliment me on my complexion. All of the L'Athene products have contributed to my appearance. Thank you, L'Athene!<\/p>","source":"— Mary Lee","product":"vitapure-ultra-antioxidant-nutrient-serum","style_image":"default"}},"testimonial_9xAMTK":{"type":"testimonial","settings":{"rating":5,"content":"<p>I LOVE what your facial cleanser has done to my face!!!! I really like the clay mask too :) I'm officially hooked!!<\/p>","source":"— Tara L.","product":"clarifique-purifying-clay-mask","style_image":"default"}},"testimonial_fk7azE":{"type":"testimonial","settings":{"rating":5,"content":"<p>Very good serum. I have been using it over 20 years!<\/p>","source":"— Susanne Jeter","product":"vitapure-ultra-antioxidant-nutrient-serum","style_image":"default"}}},"block_order":["testimonial_MDxxbG","testimonial_4Je9ri","testimonial_9xAMTK","testimonial_fk7azE"],"custom_css":["@media (min-width: 992px) {.swiper-container {position: relative; } .swiper-button-prev, .swiper-button-next {position: absolute; top: 50%; transform: translateY(-50%); z-index: 10; padding: 10px; border-radius: 50%; color: #7392c9; cursor: pointer; font-size: 50px; } .swiper-button-prev {left: -30px; } .swiper-button-next {right: -30px; }}","@media only screen and (max-width: 600px) {.card-testimonial__testimonial p {font-size: 20px; }}"],"settings":{"column_count_desktop":1,"column_count_mobile":1,"layout_desktop":"slider","layout_mobile":"slider","display_navigation":true,"display_pagination":false,"content_alignment":"top","stretch_content":true,"icon":"","caption":"","heading":"","heading_type":"h2","subheading":"","button_url":"","button_text":"","style_button":"primary","color_icon":"","color_text":"","color_subheading":"","color_background":"","color_background_gradient":"","padding_top_desktop":0,"padding_bottom_desktop":32,"padding_top_mobile":16,"padding_bottom_mobile":16,"style_line_top":"none","style_line_bottom":"none","color_line":"","display_visibility":"hide-no"}},"form_email_signup_efaffg":{"type":"form-email-signup","disabled":true,"settings":{"html_ctm":"","icon":"","caption":"","heading":"Subscribe to our emails","heading_type":"h2","subheading":"<p>Be the first to know about new collections and exclusive offers.<\/p>","color_icon":"#48491e","color_text":"#48491e","color_subheading":"#48491e","color_background":"#e7e5dc","color_background_gradient":"","padding_top_desktop":32,"padding_bottom_desktop":32,"padding_top_mobile":16,"padding_bottom_mobile":16,"style_line_top":"none","style_line_bottom":"none","color_line":"#000000","display_visibility":"hide-no"}},"before_after_slider_kpUUpa":{"type":"before-after-slider","blocks":{"slide_BjizDP":{"type":"slide","settings":{"title":"Sara Jons","description":"This lightweight gel moisturizer, containing hyaluronic acid, is praised for its hydrating properties.","image_before":"shopify:\/\/shop_images\/Rectangle_6507.png","image_after":"shopify:\/\/shop_images\/Rectangle_6509.png"}},"slide_7T7QxD":{"type":"slide","settings":{"title":"Sara Jons","description":"This lightweight gel moisturizer, containing hyaluronic acid, is praised for its hydrating properties.","image_before":"shopify:\/\/shop_images\/Rectangle_6507.png","image_after":"shopify:\/\/shop_images\/Rectangle_6509.png"}},"slide_nYcyQ3":{"type":"slide","settings":{"title":"Sara Jons","description":"This lightweight gel moisturizer, containing hyaluronic acid, is praised for its hydrating properties.","image_before":"shopify:\/\/shop_images\/Rectangle_6507.png","image_after":"shopify:\/\/shop_images\/Rectangle_6509.png"}},"slide_nTJtRg":{"type":"slide","settings":{"title":"Sara Jons","description":"This lightweight gel moisturizer, containing hyaluronic acid, is praised for its hydrating properties.","image_before":"shopify:\/\/shop_images\/Rectangle_6507.png","image_after":"shopify:\/\/shop_images\/Rectangle_6509.png"}},"slide_aKLKHN":{"type":"slide","settings":{"title":"Sara Jons","description":"This lightweight gel moisturizer, containing hyaluronic acid, is praised for its hydrating properties.","image_before":"shopify:\/\/shop_images\/Rectangle_6507.png","image_after":"shopify:\/\/shop_images\/Rectangle_6509.png"}},"slide_ar4gga":{"type":"slide","settings":{"title":"Sara Jons","description":"This lightweight gel moisturizer, containing hyaluronic acid, is praised for its hydrating properties.","image_before":"shopify:\/\/shop_images\/Rectangle_6507.png","image_after":"shopify:\/\/shop_images\/Rectangle_6509.png"}}},"block_order":["slide_BjizDP","slide_7T7QxD","slide_nYcyQ3","slide_nTJtRg","slide_aKLKHN","slide_ar4gga"],"disabled":true,"settings":{"title":"Before & After","before_text":"before","after_text":"after","padding_top":0,"padding_bottom":0}},"17170991293cce326b":{"type":"apps","blocks":{"instafeed_app_block_hjk38p":{"type":"shopify:\/\/apps\/instafeed\/blocks\/app-block\/c447db20-095d-4a10-9725-b5977662c9d5","settings":{"title":"Keep In Touch","title_color":"","title_size_v2":0,"alignment":"left","instafeed_margin_top":0,"instafeed_margin_bottom":0,"instafeed_margin_sides":0,"show_instagram_link":false,"link_alignment":"left","link_color":"#000000","background_color":"#7392c9","feed_id":"","html_area":""}}},"block_order":["instafeed_app_block_hjk38p"],"custom_css":[],"settings":{}}},"order":["banner_intro","featured_collection_MnLkMF","featured_collection_eKDACX","multicolumn_erfr6B","multicolumn_zGMXX3","tpt_badges_three_U7F87U","rich_text_8CNjzy","multicolumn_eYdADH","rich_text_PTXnwY","custom_liquid_G3BA4B","testimonials_EUGwwa","form_email_signup_efaffg","before_after_slider_kpUUpa","17170991293cce326b"]}