{"sections":{"collection_list_MyWPM9":{"type":"collection-list","settings":{"collections":["minor-burns","cancer-concerns","cleansers","combination-or-normal","dehydrated-skin","dry-skin","oily","gift-certificate","masks","moisturizers-oils","oily-skin","pregnancy-safe","redness-prone","scrubs","serums","starter-kits","dry"],"column_count_desktop":3,"column_count_mobile":1,"layout_desktop":"grid","layout_mobile":"grid","display_navigation":true,"display_pagination":false,"icon":"","caption":"","heading":"Featured collection","heading_type":"h2","subheading":"","button_url":"","button_text":"","style_button":"primary","ratio_image":"default","style_card":"default","display_text_card":"default","color_icon":"","color_text":"","color_subheading":"","color_background":"","color_background_gradient":"","padding_top_desktop":32,"padding_bottom_desktop":32,"padding_top_mobile":16,"padding_bottom_mobile":16,"style_line_top":"none","style_line_bottom":"none","color_line":"","display_visibility":"hide-no"}},"main":{"type":"main-list-collections","disabled":true,"settings":{"ratio_image":"default","style_card":"default","settings_style_cta_card":"default","display_text_card":"default","icon":"","caption":"","heading":"All collections","heading_type":"h1","subheading":"","button_url":"","button_text":"","style_button":"primary","color_icon":"","color_text":"","color_subheading":"","color_background":"","color_background_gradient":"","padding_top_desktop":64,"padding_bottom_desktop":32,"padding_top_mobile":32,"padding_bottom_mobile":16,"style_line_top":"none","style_line_bottom":"none","color_line":""}}},"order":["collection_list_MyWPM9","main"]}