{"sections":{"main":{"type":"main-page","disabled":true,"settings":{"display_title":false,"color_text":"","color_background":"","color_background_gradient":"","padding_top_desktop":64,"padding_bottom_desktop":32,"padding_top_mobile":32,"padding_bottom_mobile":32,"style_line_top":"none","style_line_bottom":"none","color_line":""}},"na_page_template_rtqgBy":{"type":"naPageTemplate","blocks":{"richtext_fHn3Ut":{"type":"richtext","settings":{"title":"Combination \/ Normal Skin","desc":"<p>Create glowing skin everyday with 3 easy steps!<\/p><p>PRIMESSE Cleanser, VITAPURE Serum and RESTORE or ULTRA Moisturizer work together on a cellular level to immediately provide a noticeably more vibrant, younger look.<\/p>"}},"products_rCgbRL":{"type":"products","settings":{"title":"Minimize the Look of Aging","desc":"<p><a href=\"https:\/\/www.lathene.com\/intensivewrinkletreatment.aspx\">INTENSIVE WRINKLE TREATMENT<\/a>is a great alternative to Botox® to lessen the look of lines and wrinkles from facial expressions. This treatment helps to give a lift to the forehead, crow's feet area and mouth lines. And don't forget about the fragile eye area.<a href=\"https:\/\/www.lathene.com\/nutriagetotaleyerepaircreme.aspx\">NUTRIAGE Total Eye Repair Creme<\/a>helps decrease lines, puffiness, dryness and dark circles to give you a brighter look.<a href=\"https:\/\/www.lathene.com\/rejuvenateskinresurfacingnightcreme.aspx\">REJUVENATE Skin Resurfacing Night Creme<\/a>helps dissolve those stubborn dead cells that sit on the surface of the skin. The Glycolic Acids remove the cells and give your skin a night-time make-over.<\/p>","pro":"citrus-foam-exfoliating-cleanser","pro1":"extract-dry-skin-hydrating-plant-oil","pro2":"neroli-uplifting-mist"}},"image_text_GyVaDc":{"type":"imageText","settings":{"title":"Keep Combination Skin Balanced","desc":"<p>To hydrate the cheeks and to control oil on the forehead and nose, begin with SR-3 Skin Rejuvenation Starter Kit. This cutting-edge innovative 3-step skincare system treats and corrects skin in an effective and non-irritating way. First step, cleanse twice daily with the non-detergent cleanser. Consistent cleansing removes excess oil and dirt and avoids oil buildup. This prevents breakouts from happening or lessens their duration when they do occur. Second step, apply the antioxidant nutrient serum which helps to repair and rebuild skin's collagen and elastin. The third step, apply the moisturizer to protect the skin from moisture loss.<\/p>","product":"citrus-foam-exfoliating-cleanser"}}},"block_order":["richtext_fHn3Ut","products_rCgbRL","image_text_GyVaDc"],"settings":{"bgClr":"#ffffff","tclr":"#808080","descClr":"#000000","text1":"Created by Nurses","text2":"FREE U.S. Shipping over $65!","title-l":"SHOP BY PRODUCT","menuList":"new-menu"}}},"order":["main","na_page_template_rtqgBy"]}