{"sections":{"main":{"type":"main-page","disabled":true,"settings":{"display_title":false,"color_text":"","color_background":"","color_background_gradient":"","padding_top_desktop":64,"padding_bottom_desktop":32,"padding_top_mobile":32,"padding_bottom_mobile":32,"style_line_top":"none","style_line_bottom":"none","color_line":""}},"na_page_template_jrMbhi":{"type":"naPageTemplate","blocks":{"richtext_aQ4H9D":{"type":"richtext","settings":{"checkbox":false,"title":"Enlarged Pores","sub-heading":"","desc":"<p>L'ATHENE treatments help to... diminish the look of enlarged pores and improve skin texture.<\/p><p>Pore size can be affected by a build-up of dirt, dead skin cells and oil. Combination and oily skin types are especially affected. Petroleum-based skin products can worsen this concern.<\/p>","image_pos":"none"}},"image_text_PmDAT9":{"type":"imageText","settings":{"title":"Lessen the Pore Size Look","desc":"<p>Dirt, oil and dead cells can cause the pores to appear more open and noticeable. Also, blackheads and whiteheads can make the pores appear more noticeable. <a href=\"\/products\/clarifique-purifying-clay-mask\" title=\"CLARIFIQUE Purifying Clay Mask\">CLARIFIQUE Purifying Clay Mask <\/a>filters and lifts impurities and oil that are trapped deep within the pores. This mask is also great for softening and preventing blackheads and whiteheads.<\/p>","product":"clarifique-purifying-clay-mask"}},"products_9D9rH9":{"type":"products","settings":{"title":"Exfoliate and Retexturize the Skin","desc":"<p>Microdermabrasion helps to peel the outermost layer of skin, removes excess oil, and will improve skin texture by stimulating collagen production and increasing cellular renewal. <a href=\"\/products\/mineral-derma-scrub\" title=\"MINERAL DERMA-SCRUB\">MINERAL DERMA-SCRUB <\/a>is the at-home microdermabrasion treatment. It takes just two minutes once or twice a week. Can be used in combination with <a href=\"\/products\/citrus-foam-exfoliating-cleanser\" title=\"CITRUS FOAM Exfoliating Cleanser\">CITRUS FOAM Exfoliating Cleanser<\/a>. This highly-citrus foaming cleanser helps to minimize bacteria and oil while gently exfoliating excess cells. Skin looks refreshed and appearance of pore size is reduced. CITRUS FOAM can be used up to twice daily.<\/p>","pro":"mineral-derma-scrub","pro1":"citrus-foam-exfoliating-cleanser","pro2":""}}},"block_order":["richtext_aQ4H9D","image_text_PmDAT9","products_9D9rH9"],"settings":{"bgClr":"#ffffff","tclr":"#3347aa","descClr":"#000000","text1":"","text2":"","title-l":"L'ATHENE's Skin Education Hub","menuList":"new-menu"}}},"order":["main","na_page_template_jrMbhi"]}