{"sections":{"main":{"type":"main-page","settings":{"display_title":true,"color_text":"","color_background":"","color_background_gradient":"","padding_top_desktop":64,"padding_bottom_desktop":32,"padding_top_mobile":16,"padding_bottom_mobile":16,"style_line_top":"none","style_line_bottom":"none","color_line":""}},"form_contact":{"type":"form-contact","blocks":{"form":{"type":"form","settings":{"style_button":"secondary","icon":"","caption":"","heading":"Send a message","heading_type":"h2","subheading":"<p>Fill out the form below with your message and someone from our team will respond soon.<\/p>","color_icon":"","color_text":"","color_subheading":"","color_background":"rgba(0,0,0,0)","color_background_gradient":""}},"contact-information":{"type":"contact_information","settings":{"icon":"","caption":"","heading":"Get in touch","heading_type":"h2","subheading":"<p>Have a question or concern? Need expert advice about a product or ingredient? Need to place an order over the phone? Our dedicated team is trained to help you.  You can contact us in various ways:<br\/><\/p><p><\/p>","phone":"843-881-7673","email":"","address":"<p>L'ATHENE, Inc.<br\/>ATTN: Customer Service<br\/>374 Turnwall Ln.<br\/>Columbia, SC 29045 <\/p>","hours_of_operation":"<p>Phone support is available <\/p><p><strong>Mon-Fri<\/strong>, 9am to 4:30pm EST.<\/p>","display_social_media_icons":true,"color_icon":"","color_text":"rgba(0,0,0,0)","color_subheading":"","color_background":"rgba(0,0,0,0)","color_background_gradient":""}}},"block_order":["form","contact-information"],"settings":{"icon":"","caption":"","heading":"","heading_type":"h2","subheading":"","color_icon":"","color_text":"","color_subheading":"","color_background":"rgba(0,0,0,0)","color_background_gradient":"","padding_top_desktop":32,"padding_bottom_desktop":32,"padding_top_mobile":16,"padding_bottom_mobile":16,"style_line_top":"none","style_line_bottom":"none","color_line":"","display_visibility":"hide-no"}}},"order":["main","form_contact"]}