{"sections":{"main":{"type":"main-page","settings":{"display_title":false,"color_text":"","color_background":"","color_background_gradient":"","padding_top_desktop":64,"padding_bottom_desktop":32,"padding_top_mobile":32,"padding_bottom_mobile":32,"style_line_top":"none","style_line_bottom":"none","color_line":""}},"na_page_template_AA4hJV":{"type":"naPageTemplate","blocks":{"richtext_gdhkA7":{"type":"richtext","settings":{"checkbox":false,"title":"Firming Neck Rescue Remedy (See Products Below)","sub-heading":"","desc":"<p>Skin on the neck gets as much sun damage and aging challenges as the face... and neck skin is even thinner. Stop hiding your neck... treat it and show it off!  Highly concentrated neck firming ingredients to dramatically transform your neck.<\/p>","image_pos":"none"}},"richtext_PFwkch":{"type":"richtext","settings":{"checkbox":false,"title":"","sub-heading":"<h3>Firming Neck Rescue Remedy:<\/h3>","desc":"<h3><\/h3><ul><li>Eliminates dull, dead cells<\/li><li>Helps tighten, firm, lift and tone<\/li><li>Targets sun and age spots<\/li><li>Brightens skin<\/li><li>Reduces the look of lines and wrinkles<\/li><li>Supports collagen production to improve skin elasticity<\/li><li>Intensely hydrates<\/li><\/ul><p><strong>\"<\/strong><em><strong>Spend time treating your neck and you will see results quickly - exfoliating, nutrifying and hydrating are key to a beautiful neck.<\/strong><\/em><strong>\" Nan & Lil<\/strong><\/p>","image_pos":"right","custom_img":"shopify:\/\/shop_images\/neck_remedy_flashsale_-_cropped.jpg"}},"image_text_84jthE":{"type":"imageText","disabled":true,"settings":{"title":"Firming Neck Rescue Remedy:","desc":"<ul><li>Eliminates dull, dead cells<\/li><li>Helps tighten, firm, lift and tone<\/li><li>Targets sun and age spots<\/li><li>Brightens skin<\/li><li>Reduces the look of lines and wrinkles<\/li><li>Supports collagen production to improve skin elasticity<\/li><li>Intensely hydrates<\/li><\/ul><p><\/p><p><strong>\"<\/strong><em><strong>Spend time treating your neck and you will see results quickly - exfoliating, nutrifying and hydrating are key to a beautiful neck.<\/strong><\/em><strong>\" Nan & Lil<\/strong><\/p>","after_img_2":"shopify:\/\/shop_images\/neck_remedy_flashsale_-_cropped.jpg","product":""}},"richtext_kVy7DU":{"type":"richtext","settings":{"checkbox":true,"title":"","sub-heading":"<h3>Simple To Do (before bedtime once a week)<\/h3>","desc":"<h3><\/h3><ul><li>Apply a small amount of <a href=\"https:\/\/0340887.netsolstores.com\/mineralderma-scrub.aspx\">MINERAL DERMA-SCRUB<\/a> to the neck area and add a little PRIMESSE Cleanser or water to it.<\/li><li>Get into the shower (turn away from the water) and with your fingertips, scrub the neck area in a circular motion, for no more than a minute, carefully covering the entire neck area (also works great on the chest).<\/li><li>You can also take a wash cloth or loofah and gently go over the neck area again - being careful not to scrub or pull the neck skin.<\/li><li>Rinse thoroughly and, once out of shower, pat with a towel, leaving skin damp.<\/li><li>Then, apply <a href=\"https:\/\/0340887.netsolstores.com\/vitapureultraantioxidantnutrientserum.aspx\">VITAPURE Antioxidant Serum<\/a> and follow with <a href=\"https:\/\/0340887.netsolstores.com\/extractdryskinhydratingplantoil.aspx\">EXTRACT Dry Skin Hydrating Plant Oil<\/a>. Apply both with upward movements. For additional surface exfoliation and a deeply penetrating moisture treatment, apply a thin layer of <a href=\"https:\/\/0340887.netsolstores.com\/rejuvenateskinresurfacingnightcreme.aspx\">REJUVENATE Skin Resurfacing Night Crème.<\/a><\/li><li>In the morning, notice how great your neck looks and feels.  Daily apply the <a href=\"https:\/\/0340887.netsolstores.com\/vitapureultraantioxidantnutrientserum.aspx\">serum<\/a> and <a href=\"https:\/\/0340887.netsolstores.com\/moisturizers.aspx\">moisturizer<\/a> to the neck area and follow with sunscreen.<\/li><li>Not recommended for clients with very thin, frail neck skin.<br\/><br\/><\/li><\/ul><h3>What Customers are Saying<\/h3><p>\"This really works - I've used so many other products but nothing compares to L'ATHENE.\" <span style=\"text-decoration:underline\">Stephanie M.<\/span><\/p><p>\"I discovered L'ATHENE at a hotel spa and have been in love with it ever since.\" <span style=\"text-decoration:underline\">Ellen S.<\/span><\/p><p>\"Gives my skin such a nice glow.\" <span style=\"text-decoration:underline\">Diana B.<\/span><\/p>","image_pos":"right","custom_img":"shopify:\/\/shop_images\/Primesse_fbfeb.jpg"}},"image_text_TVctth":{"type":"imageText","disabled":true,"settings":{"title":"","desc":"<h3>Simple To Do (before bedtime once a week)<\/h3><p>Apply a small amount of <a href=\"https:\/\/0340887.netsolstores.com\/mineralderma-scrub.aspx\">MINERAL DERMA-SCRUB<\/a> to the neck area and add a little PRIMESSE Cleanser or water to it.<\/p><p>Get into the shower (turn away from the water) and with your fingertips, scrub the neck area in a circular motion, for no more than a minute, carefully covering the entire neck area (also works great on the chest).<\/p><p>You can also take a wash cloth or loofah and gently go over the neck area again - being careful not to scrub or pull the neck skin.<\/p><p>Rinse thoroughly and, once out of shower, pat with a towel, leaving skin damp.<\/p><p>Then, apply <a href=\"https:\/\/0340887.netsolstores.com\/vitapureultraantioxidantnutrientserum.aspx\">VITAPURE Antioxidant Serum<\/a> and follow with <a href=\"https:\/\/0340887.netsolstores.com\/extractdryskinhydratingplantoil.aspx\">EXTRACT Dry Skin Hydrating Plant Oil<\/a>. Apply both with upward movements. For additional surface exfoliation and a deeply penetrating moisture treatment, apply a thin layer of <a href=\"https:\/\/0340887.netsolstores.com\/rejuvenateskinresurfacingnightcreme.aspx\">REJUVENATE Skin Resurfacing Night Crème.<\/a><\/p><p>In the morning, notice how great your neck looks and feels.  Daily apply the <a href=\"https:\/\/0340887.netsolstores.com\/vitapureultraantioxidantnutrientserum.aspx\">serum<\/a> and <a href=\"https:\/\/0340887.netsolstores.com\/moisturizers.aspx\">moisturizer<\/a> to the neck area and follow with sunscreen.<\/p><p>Not recommended for clients with very thin, frail neck skin.<br\/><br\/><\/p><h3>What Customers are Saying<\/h3><p>\"This really works - I've used so many other products but nothing compares to L'ATHENE.\" <span style=\"text-decoration:underline\">Stephanie M.<\/span><\/p><p>\"I discovered L'ATHENE at a hotel spa and have been in love with it ever since.\" <span style=\"text-decoration:underline\">Ellen S.<\/span><\/p><p>\"Gives my skin such a nice glow.\" <span style=\"text-decoration:underline\">Diana B.<\/span><\/p>","after_img_2":"shopify:\/\/shop_images\/Primesse_fbfeb.jpg","product":""}},"products_crkkgH":{"type":"products","settings":{"title":"TO TIGHTEN FIRM & LIFT... CHOOSE ALL THREE or START WITH ONE or TWO PRODUCTS.","desc":"","pro":"mineral-derma-scrub","pro1":"vitapure-ultra-antioxidant-nutrient-serum","pro2":"extract-dry-skin-hydrating-plant-oil"}}},"block_order":["richtext_gdhkA7","richtext_PFwkch","image_text_84jthE","richtext_kVy7DU","image_text_TVctth","products_crkkgH"],"settings":{"bgClr":"#ffffff","tclr":"#3347aa","descClr":"#000000","text1":"","text2":"","title-l":"L'ATHENE's Skin Education Hub","menuList":"new-menu"}}},"order":["main","na_page_template_AA4hJV"]}