{"sections":{"main":{"type":"main-page","disabled":true,"settings":{"display_title":false,"color_text":"","color_background":"","color_background_gradient":"","padding_top_desktop":64,"padding_bottom_desktop":32,"padding_top_mobile":32,"padding_bottom_mobile":32,"style_line_top":"none","style_line_bottom":"none","color_line":""}},"na_page_template_KeCV6P":{"type":"naPageTemplate","blocks":{"richtext_j3EA9C":{"type":"richtext","settings":{"checkbox":false,"title":"Cracked Bleeding Hands","sub-heading":"","desc":"<p>L'ATHENE offers a complete line of pure nutrient skincare to... nourish and restore skin on dry, challenged hands.<\/p><p>Cracked bleeding hands can be so painful and a source of infection. Many people have occupations that put them at risk. For instance, when hands are in water frequently, are washed continuously, are put in grease or other adhesive agents, or are in gloves for hours. Harsh anti-bacterial soaps can be very irritating too. L'ATHENE received national press for helping painful, cracked hands of bus mechanics in only three days.<\/p>","image_pos":"none"}},"products_enqrtU":{"type":"products","settings":{"title":"Reduce the Cracked, Dry, Flaking, Reddened, Irritated Skin","desc":"<p>The cracks need attention! Left untreated, these cracks in the skin leave you more vulnerable to infections and outside irritants.<\/p><p>Here is the Bus Mechanics Protocol that resulted in national press with its 3-day improvement results:<br\/>Each night, before bed, gently wash hands with organic shampoo, rinse and pat dry. Then apply a layer of <a href=\"\/products\/neroli-hand-and-body-nutrient-creme\" title=\"NEROLI Hand and Body Nutrient Creme\">NEROLI Body Silkening Nutrient Crème<\/a>. Follow with a layer of A&D Ointment® to the areas on the hands where the cracks are and where you feel they are most likely to occur. Then, apply white cotton socks (the athletic type), to your hands. Sleep in the socks over the hands at night until the cracks heal. Socks work better than gloves. In the morning, remove the socks, shower as normal and apply just NEROLI Creme for the day. If during the day, the skin needs a hydration boost, apply a drop of <a href=\"\/products\/extract-dry-skin-hydrating-plant-oil\" title=\"EXTRACT Dry Skin Hydrating Plant Oil\">EXTRACT Dry Skin Hydrating Plant Oil<\/a>. Rub in and apply NEROLI over the dried area.<\/p>","pro":"neroli-hand-and-body-nutrient-creme","pro1":"extract-dry-skin-hydrating-plant-oil","pro2":""}},"image_text_wPh7xE":{"type":"imageText","settings":{"title":"Care for Your Hands Each Day","desc":"<p>Be sure to wash your hands with warm water - not hot or cold. Temperature extremes are not healthy for the skin. Wear unpowdered rubber gloves whenever possible if you are working in water or grease. If your hands tend to sweat, try a pair of white cotton gloves under the rubber gloves and launder them frequently. After you wash your hands, dry completely. Apply a layer of <a href=\"\/products\/neroli-hand-and-body-nutrient-creme\" title=\"NEROLI Hand and Body Nutrient Creme\">NEROLI Body Silkening Nutrient Crème<\/a>. This nutritive creme helps restore fatty acid content to the skin. It contains no petroleum barriers so it goes directly into the skin. Apply after shower and at bedtime. If skin gets dry during the day, apply at least one other time. If hands begin to look redder or the weather is cold and drying, and your hands are exposed to the elements, follow the suggestions above for cracks. By doing this procedure preventatively, you can help avoid cracks from occurring.<\/p>","product":"neroli-hand-and-body-nutrient-creme"}}},"block_order":["richtext_j3EA9C","products_enqrtU","image_text_wPh7xE"],"settings":{"bgClr":"#ffffff","tclr":"#3347aa","descClr":"#000000","text1":"","text2":"","title-l":"L'ATHENE's Skin Education Hub","menuList":"new-menu"}}},"order":["main","na_page_template_KeCV6P"]}