{"sections":{"main":{"type":"main-page","disabled":true,"settings":{"display_title":false,"color_text":"","color_background":"","color_background_gradient":"","padding_top_desktop":64,"padding_bottom_desktop":32,"padding_top_mobile":32,"padding_bottom_mobile":32,"style_line_top":"none","style_line_bottom":"none","color_line":""}},"na_page_template_R4Gqmc":{"type":"naPageTemplate","blocks":{"richtext_49Viix":{"type":"richtext","settings":{"checkbox":false,"title":"Premature Aging","sub-heading":"","desc":"<p>Beginning the repair and prevention process early is vital... to create younger-looking skin your whole life.<\/p><p>In our mid to late 20's, the beginning signs of the normal aging process start. Collagen and elastin production begins to slow down, and the skin does not spring back as quickly. Cell turnover also slows down. While you cannot totally eliminate the natural aging process, the earlier you implement good skin choices, the more you minimize the effects.<\/p>","image_pos":"none"}},"richtext_DPfR4z":{"type":"richtext","settings":{"checkbox":false,"title":"","sub-heading":"","desc":"<h4><strong>Treat Your Skin Wisely<\/strong><\/h4><p>Your skin is your largest organ and requires care to keep it looking its best. Avoid cleansing and toning products that are made with harsh chemicals. These chemicals, found in most skin care brands, even the medical ones, can strip the skin and can cause the skin to overproduce oil. Also, these harsh agents can make the skin look worse. It is best to use products that are effective but non-irritating and work in harmony with the body.<\/p>","image_pos":"none"}},"products_PbBBj3":{"type":"products","settings":{"title":"","desc":"<h4><strong>Choose a Good Daily Skin Regime<\/strong><\/h4><p>Starting on a regime of effective daily care is a great way to protect your skin. The <a href=\"\/products\/sr-3-daily-skin-rejuvenation-starter-kit-restore\" title=\"SR-3 Daily Skin Rejuvenation Starter Kit - RESTORE\">SR-3 Skin Rejuvenation Starter Kit<\/a> is a three-step kit to treat and correct skin in an effective, non-irritating way. First step, cleanse twice daily with the non-detergent cleanser. Consistent cleansing removes excess oil and dirt and avoids oil buildup. This prevents breakouts from happening or lessens their duration when they do occur. Second step, apply the antioxidant nutrient serum which helps to repair and rebuild skin's collagen and elastin. The third step, apply the moisturizer to protect the skin from moisture loss. Also, the skin around the eye area is very thin and needs extra anti-aging care. <a href=\"\/products\/nutriage-total-eye-repair-creme\" title=\"NUTRIAGE Total Eye Repair Creme\">NUTRIAGE Total Eye Repair Creme<\/a> helps decrease puffiness, lines, dryness, and dark circles. Sometimes during the late 20's, 30's and beyond, hormone changes can affect your skin. With oil concerns, <a href=\"\/products\/citrus-foam-exfoliating-cleanser\" title=\"CITRUS FOAM Exfoliating Cleanser\">CITRUS FOAM Exfoliating Cleanser<\/a> is a great way to reduce excess oil and dead cells without stripping the skin and causing oil rebound. <a href=\"\/pages\/na-oily\" title=\"Na Oily\">For more information about Oily Skin, click here.<\/a><\/p>","pro":"sr-3-daily-skin-rejuvenation-starter-kit-restore","pro1":"citrus-foam-exfoliating-cleanser","pro2":"nutriage-total-eye-repair-creme"}},"image_text_RqdkNn":{"type":"imageText","settings":{"title":"","desc":"<h4><strong>Protect the Skin fom Sun... and Reapply<\/strong><\/h4><p>Sun damage is a big concern in the premature aging group - spots, wrinkles, lines and dehydration are aging-looking and can be minimized with the use of antioxidant-rich products and a sun block. <a href=\"\/pages\/na-sun-damage-discoloration\" title=\"Na Sun Damage & Discoloration\">Click here for information on sun protection.<\/a><\/p><p><a href=\"\/products\/vitapure-ultra-antioxidant-nutrient-serum\" title=\"VITAPURE Ultra Antioxidant Nutrient Serum\">VITAPURE Ultra Antioxidant Nutrient Serum<\/a> contains Vitamin A, Ester C, E and Rosemary. Antioxidants are proven to help reverse the effects of sun damage by fighting free radicals. Apply the serum under sun block to help provide added protection.<\/p>","product":"vitapure-ultra-antioxidant-nutrient-serum"}},"richtext_qHCP3A":{"type":"richtext","settings":{"checkbox":false,"title":"","sub-heading":"","desc":"<h4>Be Consisent<\/h4><p>You used to be able to party all night and not feel it the next day. Now, as you get older, doing this can be a bit more costly. Also, you may have been able to do nothing for your skin and look great... now, you need a regime and need to do it consistently. Taking off make-up before bedtime and doing a good cleansing routine is as important as brushing your teeth so that you can keep a healthy, youthful, cleared-skin look.<\/p>","image_pos":"none"}}},"block_order":["richtext_49Viix","richtext_DPfR4z","products_PbBBj3","image_text_RqdkNn","richtext_qHCP3A"],"settings":{"bgClr":"#ffffff","tclr":"#3347aa","descClr":"#000000","text1":"","text2":"","title-l":"L'ATHENE's Skin Education Hub","menuList":"new-menu"}}},"order":["main","na_page_template_R4Gqmc"]}