{"sections":{"main":{"type":"main-page","disabled":true,"settings":{"display_title":false,"color_text":"","color_background":"","color_background_gradient":"","padding_top_desktop":64,"padding_bottom_desktop":32,"padding_top_mobile":32,"padding_bottom_mobile":32,"style_line_top":"none","style_line_bottom":"none","color_line":""}},"na_page_template_H8pegp":{"type":"naPageTemplate","blocks":{"richtext_YhLCCC":{"type":"richtext","settings":{"checkbox":false,"title":"Combination \/ Normal Skin","sub-heading":"","desc":"<p>Rebalance and revitalize skin with high performance anti-aging ingredients... to diminish appearance of lines and pores.<\/p><p>Control oil, firm, smooth and improve skin texture and luminosity.<\/p>","image_pos":"none"}},"image_text_hEMFi9":{"type":"imageText","settings":{"title":"Keep Combination Skin Balanced","desc":"<p>To hydrate the cheeks and to control oil on the forehead and nose, begin with SR-3 Skin Rejuvenation Starter Kit. This cutting-edge innovative 3-step skincare system treats and corrects skin in an effective and non-irritating way. First step, cleanse twice daily with the non-detergent cleanser. Consistent cleansing removes excess oil and dirt and avoids oil buildup. This prevents breakouts from happening or lessens their duration when they do occur. Second step, apply the antioxidant nutrient serum which helps to repair and rebuild skin's collagen and elastin. The third step, apply the moisturizer to protect the skin from moisture loss.<\/p>","product":"sr-3-daily-skin-rejuvenation-starter-kit-restore"}},"image_text_KQWmF3":{"type":"imageText","settings":{"title":"Clogged Pores","desc":"<p>To brighten up that tired, dull, clogged-pore complexion, apply <a href=\"\/products\/clarifique-purifying-clay-mask\" title=\"CLARIFIQUE Purifying Clay Mask\">CLARIFIQUE Purifying Clay Mask <\/a>two to three times a week to the forehead and nose, plus a dab on the chin to detoxify and lift impurities from deep within the pores. A wet, warm washcloth helps to loosen the blackheads. Awaken your complexion!<\/p>","product":"clarifique-purifying-clay-mask"}},"products_HNqedk":{"type":"products","settings":{"title":"Minimize the Look of Aging","desc":"<p><a href=\"\/products\/intensive-wrinkle-treatment\" title=\"INTENSIVE WRINKLE TREATMENT\">INTENSIVE WRINKLE TREATMENT <\/a>is a great alternative to Botox® to lessen the look of lines and wrinkles from facial expressions. This treatment helps to give a lift to the forehead, crow's feet area and mouth lines. And don't forget about the fragile eye area. <a href=\"\/products\/nutriage-total-eye-repair-creme\" title=\"NUTRIAGE Total Eye Repair Creme\">NUTRIAGE Total Eye Repair Creme <\/a>helps decrease lines, puffiness, dryness and dark circles to give you a brighter look. <a href=\"\/products\/rejuvenate-skin-resurfacing-night-creme\" title=\"REJUVENATE Skin Resurfacing Night Creme\">REJUVENATE Skin Resurfacing Night Creme <\/a>helps dissolve those stubborn dead cells that sit on the surface of the skin. The Glycolic Acids remove the cells and give your skin a night-time make-over.<\/p>","pro":"intensive-wrinkle-treatment","pro1":"nutriage-total-eye-repair-creme","pro2":"rejuvenate-skin-resurfacing-night-creme"}},"image_text_YdX7Nh":{"type":"imageText","settings":{"title":"Even Out the Rough Spots of Combination Skin","desc":"<p>To give an added drink of soothing moisture to your skin due to cold weather, wind or air travel, use <a href=\"\/products\/restore-balancing-skin-moisturizer\" title=\"RESTORE Balancing Skin Moisturizer\">RESTORE Balancing Skin Moisturizer <\/a>to feel smooth and supple again. What a treat for stressed skin. Don't forget to drink your eight glasses of water a day in your skincare routine and rinse thoroughly after your cleansing.<\/p>","product":"restore-balancing-skin-moisturizer"}}},"block_order":["richtext_YhLCCC","image_text_hEMFi9","image_text_KQWmF3","products_HNqedk","image_text_YdX7Nh"],"settings":{"bgClr":"#ffffff","tclr":"#3347aa","descClr":"#000000","text1":"","text2":"","title-l":"L'ATHENE's Skin Education Hub","menuList":"new-menu"}}},"order":["main","na_page_template_H8pegp"]}