{"sections":{"main":{"type":"main-page","disabled":true,"settings":{"display_title":false,"color_text":"","color_background":"","color_background_gradient":"","padding_top_desktop":64,"padding_bottom_desktop":32,"padding_top_mobile":32,"padding_bottom_mobile":32,"style_line_top":"none","style_line_bottom":"none","color_line":""}},"na_page_template_RGyfPi":{"type":"naPageTemplate","blocks":{"richtext_PUPG39":{"type":"richtext","settings":{"checkbox":false,"title":"Menopausal Skin","sub-heading":"","desc":"<p>Good skin care choices during this time are essential... to reduce the dryness and dehydration, and increase skin luminosity.<\/p><p>L'ATHENE Pure Nutrient Skin Products help balance, re-hydrate and re-nutrify skin with fatty acids, vitamins, minerals, proteins & antioxidants... creating a smoother, younger-look.<\/p>","image_pos":"none"}},"products_7EY7NL":{"type":"products","settings":{"title":"","desc":"<h4>Hydrate the Facial Skin<\/h4><p>Your skin is your largest organ and requires care to keep it looking its best. Avoid cleansing and toning products that are made with harsh chemicals. These chemicals, found in most skin care brands, even the medical ones, can strip the skin and can cause the skin to overproduce oil. Also, these harsh agents can make the skin look worse. It is best to use products that are effective but non-irritating and work in harmony with the body.<\/p><p>For dry skin, <a href=\"\/products\/ultra-intensive-moisture-therapy\" title=\"ULTRA Intensive Moisture Therapy\">ULTRA Intensive Moisture Therapy<\/a> is filled with proven emollients to help restore the skin's hydration. <a href=\"\/products\/restore-balancing-skin-moisturizer\" title=\"RESTORE Balancing Skin Moisturizer\">RESTORE Balancing Skin Moisturizer<\/a>, a lighter weight formula, helps provide moisture and protection for combination and normal skin types.<\/p>","pro":"ultra-intensive-moisture-therapy","pro1":"restore-balancing-skin-moisturizer","pro2":""}},"image_text_DixW34":{"type":"imageText","settings":{"title":"","desc":"<h4>Remove Dead, Dull Cells<\/h4><p>In just TWO minutes, <a href=\"\/products\/mineral-derma-scrub\" title=\"MINERAL DERMA-SCRUB\">MINERAL DERMA-SCRUB<\/a>, L'ATHENE At-Home Microdermabrasion Treatment, can remove dead cells with the same crystals used in doctor's offices for immediate results. Used once or twice a week, this scrub keeps dead cells off the skin's surface, plus helps other skin treatments to absorb more effectively. This deep exfoliation removes dead cells from the skin's surface to allow the fresh, healthier cells to be visible.<\/p>","product":"mineral-derma-scrub"}},"products_3iNdtb":{"type":"products","settings":{"title":"","desc":"<h4>Hydrate the Body<\/h4><p>Apply <a href=\"\/products\/neroli-hand-and-body-nutrient-creme\" title=\"NEROLI Hand and Body Nutrient Creme\">NEROLI Body Silkening Nutrient Crème<\/a> to affected dry body areas. If areas are severely dry or cracked, apply a drop or two of <a href=\"\/products\/extract-dry-skin-hydrating-plant-oil\" title=\"EXTRACT Dry Skin Hydrating Plant Oil\">EXTRACT Dry Skin Hydrating Plant Oil<\/a>, massage gently and follow with NEROLI.<\/p><p>TIP: Avoid petroleum and silicone-based skincare products as they can cause further dryness since they can not be absorbed.<\/p>","pro":"neroli-hand-and-body-nutrient-creme","pro1":"extract-dry-skin-hydrating-plant-oil","pro2":""}},"products_ePY9Xw":{"type":"products","settings":{"title":"","desc":"<h4><strong>After Age 35, a Night Creme and a Wrinkle Treatment are a MUST!<\/strong><\/h4><p>Skin repair is accelerated at night. This makes the night time an extremely valuable treatment time for your skin to visibly correct accumulated sun damage. After age 35, your body AND your skin need MORE!<\/p><p><a href=\"\/products\/rejuvenate-skin-resurfacing-night-creme\" title=\"REJUVENATE Skin Resurfacing Night Creme\">REJUVENATE Skin Resurfacing Night Creme<\/a> helps dissolve those stubborn dead cells on the skin's surface and also stimulates cell renewal so that new healthy cells appear. Glycolic Acids are one of most common treatments used in doctor's offices for anti-aging results. Used daily, it gives your skin a night-time make-over.<\/p>","pro":"rejuvenate-skin-resurfacing-night-creme","pro1":"on-sale-intensive-wrinkle-treatment","pro2":""}},"image_text_HGrkDR":{"type":"imageText","settings":{"title":"Replenish Depleted Vital Skin Nutrients... Lost with Age","desc":"<p>Antioxidants are nutrients that have been proven to be very effective to help reduce signs of aging such as lines, wrinkles and collagen loss. Apply <a href=\"\/products\/vitapure-ultra-antioxidant-nutrient-serum\" title=\"VITAPURE Ultra Antioxidant Nutrient Serum\">VITAPURE Ultra Antioxidant Nutrient Serum <\/a>to the face and neck twice daily after cleansing. Skin will feel a tingling sensation which is normal since VITAPURE is very active and absorbs quickly.<\/p>","product":"vitapure-ultra-antioxidant-nutrient-serum"}},"image_text_f8U73e":{"type":"imageText","settings":{"title":"","desc":"<h4><strong>A Skin Regime Works Best<\/strong><\/h4><p>The best way to keep the skin healthy and nourished during this time is to use <a href=\"\/products\/sr-3-daily-skin-rejuvenation-starter-kit-restore\" title=\"SR-3 Daily Skin Rejuvenation Starter Kit - RESTORE\">SR-3 Skin Rejuvenation Starter Kit<\/a>, which includes the three daily basics of a cleanser, antioxidant serum and moisturizer. For added protection of the fragile skin around the eyes, <a href=\"\/products\/nutriage-total-eye-repair-creme\" title=\"NUTRIAGE Total Eye Repair Creme\">NUTRIAGE Total Eye Repair Creme<\/a> targets the puffiness, lines, dryness, dark circles and firmness. This 5-in-1 Antioxidant Eye Creme restores a bright-eyed look.<\/p>","product":"primesse-essential-facial-cleanser"}},"products_kHFTCR":{"type":"products","settings":{"title":"","desc":"<h4><strong>After Age 35, a Night Creme and a Wrinkle Treatment are a MUST!<\/strong><\/h4><p>Skin repair is accelerated at night. This makes the night time an extremely valuable treatment time for your skin to visibly correct accumulated sun damage. After age 35, your body AND your skin need MORE!<\/p><p><a href=\"https:\/\/www.lathene.com\/rejuvenateskinresurfacingnightcreme.aspx\">REJUVENATE Skin Resurfacing Night Creme<\/a> helps dissolve those stubborn dead cells on the skin's surface and also stimulates cell renewal so that new healthy cells appear. Glycolic Acids are one of most common treatments used in doctor's offices for anti-aging results. Used daily, it gives your skin a night-time make-over.<\/p>","pro":"sr-3-daily-skin-rejuvenation-starter-kit-restore","pro1":"nutriage-total-eye-repair-creme","pro2":""}},"image_text_nh7htQ":{"type":"imageText","settings":{"title":"","desc":"<h4><strong>Keep the Oil in Balance... and Breakouts Away<\/strong><\/h4><p>During menopause, it is common for many women to experience oily skin, breakouts and enlarged pores in the T-Zone, and dryness in the cheek areas. This is especially true for those who had oilier skin in their younger years. <a href=\"\/products\/clarifique-purifying-clay-mask\" title=\"CLARIFIQUE Purifying Clay Mask\">CLARIFIQUE Purifying Clay Mask<\/a> can help minimize surface oil and bacteria while also softening any blackheads. Used 2 or 3 times a week will help to keep skin clear and balanced-looking and, if hormonal breakouts do occur, it will lessen their duration.<\/p>","product":"clarifique-purifying-clay-mask"}}},"block_order":["richtext_PUPG39","products_7EY7NL","image_text_DixW34","products_3iNdtb","products_ePY9Xw","image_text_HGrkDR","image_text_f8U73e","products_kHFTCR","image_text_nh7htQ"],"settings":{"bgClr":"#ffffff","tclr":"#3347aa","descClr":"#000000","text1":"","text2":"","title-l":"L'ATHENE's Skin Education Hub","menuList":"new-menu"}}},"order":["main","na_page_template_RGyfPi"]}