{"sections":{"na_page_template_HGhXq3":{"type":"naPageTemplate","blocks":{"richtext_VUpwFm":{"type":"richtext","settings":{"checkbox":false,"title":"Learn more about Skin Concerns","sub-heading":"","desc":"<p>Have a skin concern or need help choosing the best products for your skin type?<\/p><p>Explore the list of common skin issues and see our expert skincare solutions to soothe, nourish, support and promote skin health to create healthy-looking, lovely skin.<\/p>","image_pos":"none"}},"menu1_cAU7De":{"type":"menu1","settings":{"menuList1":"menu1","menuList2":"menu-2"}}},"block_order":["richtext_VUpwFm","menu1_cAU7De"],"settings":{"bgClr":"#ffffff","tclr":"#3347aa","descClr":"#000000","text1":"","text2":"","title-l":"L'ATHENE's Skin Education Hub","menuList":"new-menu"}},"main":{"type":"main-page","disabled":true,"settings":{"display_title":true,"color_text":"","color_background":"","color_background_gradient":"","padding_top_desktop":64,"padding_bottom_desktop":32,"padding_top_mobile":32,"padding_bottom_mobile":32,"style_line_top":"none","style_line_bottom":"none","color_line":""}},"custom_tab_section_GHQQhb":{"type":"custom-tab-section","blocks":{"tab_LGHxEE":{"type":"tab","settings":{"tab-title":"Acne Prone","page-content":"<div id=\"acne-prone\" class=\"acne-prone-wrap\">\n<div class=\"section-header\">\n<h1>Acne Prone<\/h1>\n<\/div>\n<div class=\"sect-caption\">\n<p>L'ATHENE offers a complete natural skincare regimen... to help calm skin, clean and reduce oil without stimulating inflammation. Acne-prone skin is a medical condition characterized by excessive and non-resolving breakouts affecting teens and adults. The goal for acne-prone skin is to keep the skin clean and free of contaminates as much as possible and to treat problem areas promptly.<\/p>\n<\/div>\n<div class=\"cat-special sect-caption\">\n<div class=\"cat-left\">\n<h3>Keep Skin Clean and Clear... and Avoid Skin Irritants<\/h3>\n<p>For oil-prone skin, <a href=\"\/products\/citrus-foam-exfoliating-cleanser\">CITRUS FOAM Exfoliating Cleanser<\/a> is an ideal choice as a non-detergent astringent cleanser that leaves the skin clean and refreshed without stripping the skin. When the acid mantle skin is stripped with standard harsh detergents in cleansers, it can cause potential oil rebound. Also, almost all skincare, including medical skincare brands, contain harsh alcohols, petroleum-derivatives, detergents, and many other potential skin irritating ingredients, that can cause further redness, inflammation or discomfort. This also includes many products that claim they are good for acne-prone skin. Become a label reader. <a href=\"\/pages\/why-choose-lathene\">Read more about the ingredients in L'ATHENE products.<\/a><\/p>\n<\/div>\n<div class=\"cat-right\">\n<div class=\"cat-cont text-center\">\n<div class=\"img-area\"><a href=\"\/products\/citrus-foam-exfoliating-cleanser\"><img class=\"loaded\" src=\"https:\/\/cdn.shopify.com\/s\/files\/1\/0585\/9727\/7801\/files\/citrusfoam5oz_with_carton_cropped_e8ee2bf4-3cf3-4ae9-8fc5-9eeef4f7e372.jpg?v=1715782266\" alt=\"CITRUS FOAM Exfoliating Cleanser\"><\/a><\/div>\n<div class=\"info-area\">\n<h5>CITRUS FOAM<br>Exfoliating Cleanser<\/h5>\n<a href=\"\/products\/citrus-foam-exfoliating-cleanser\"><img class=\"loaded\" src=\"https:\/\/cdn.shopify.com\/s\/files\/1\/0585\/9727\/7801\/files\/cart_btn_buynow.gif?v=1715784300\" alt=\"Buy Now\" width=\"90\" height=\"20\"> <\/a><\/div>\n<\/div>\n<\/div>\n<\/div>\n<div class=\"cat-special sect-caption\">\n<div class=\"cat-left\">\n<h3>Treat Breakouts Promptly<\/h3>\n<p>Breakouts need proper attention. Whether you are treating breakouts with a medicated cream from the dermatologist or using <a href=\"\/products\/clarifique-purifying-clay-mask\">CLARIFIQUE Purifying Clay Mask,<\/a> it is important to treat the breakouts as soon as you feel them coming on. Do not pick, poke, squeeze or push on any breakouts. This can lead to scarring that can be very difficult to treat later. Click here to read more about treating old scars from previous acne, under Scars.<\/p>\n<\/div>\n<div class=\"cat-right\">\n<div class=\"cat-cont text-center\">\n<div class=\"img-area\"><a href=\"\/products\/clarifique-purifying-clay-mask\"><img class=\"loaded\" src=\"https:\/\/cdn.shopify.com\/s\/files\/1\/0585\/9727\/7801\/files\/Clarifique_with_carton_cropped_74b972ab-0ea7-4329-b451-47057889c808.jpg?v=1715785572\" alt=\"CITRUS FOAM Exfoliating Cleanser\"><\/a><\/div>\n<div class=\"info-area\">\n<h5>CLARIFIQUE<br>Purifying Clay Mask<\/h5>\n<a href=\"\/products\/clarifique-purifying-clay-mask\"><img class=\"loaded\" src=\"https:\/\/cdn.shopify.com\/s\/files\/1\/0585\/9727\/7801\/files\/cart_btn_buynow.gif?v=1715784300\" alt=\"Buy Now\" width=\"90\" height=\"20\"> <\/a><\/div>\n<\/div>\n<\/div>\n<\/div>\n<div class=\"row cat-special additional\">\n<div class=\"col-12\">\n<h2>Additional Information<\/h2>\n<h3>Be Consistent<\/h3>\n<p>If you are using L'ATHENE products, dermatologist-prescribed products or a combination of both, it is critical that you are consistent in following the directions and consistent in doing the regime. For the best results, make your skin care regime become a habit and a priority, and you will notice positive changes over time. Acne does not resolve instantly and not sticking with a routine can be a big factor to your success in regaining a smooth and blemish-free complexion.<\/p>\n<br>\n<p>Acne can occur on the face, neck, chest and back. Oil glands in the skin produce oil (sebum) that serves as protection for us. This oil can become excessive and become trapped causing blackheads, whiteheads and pimples. Cysts or nodules can form<\/p>\n<br>\n<p>Adults can be prone to acne when going through life changes. This is particularly true for women in their late 30's and 40's who are going through hormonal changes. Although this condition is not life-threatening, it can be emotionally upsetting and, if not treated, disfiguring. Seeing a dermatologist when other treatments are not effective is the ideal way to treat acne.<\/p>\n<\/div>\n<\/div>\n<\/div>"}},"tab_UcyBpq":{"type":"tab","settings":{"tab-title":"Combination \/ Normal Skin","page-content":"<div id=\"acne-prone\" class=\"acne-prone-wrap\">\n<div class=\"section-header\">\n<h1>Combination \/ Normal Skin<\/h1>\n<\/div>\n<div class=\"sect-caption\">\n<p>Rebalance and revitalize skin with high performance anti-aging ingredients... to diminish appearance of lines and pores.<\/p>\n<br>\n<p>Control oil, firm, smooth and improve skin texture and luminosity.<\/p>\n<br>\n<\/div>\n\n<div class=\"cat-special sect-caption\">\n<div class=\"cat-left\">\n<h3>Keep Combination Skin Balanced<\/h3>\n<p>o hydrate the cheeks and to control oil on the forehead and nose, begin with SR-3 Skin Rejuvenation Starter Kit. This cutting-edge innovative 3-step skincare system treats and corrects skin in an effective and non-irritating way. First step, cleanse twice daily with the non-detergent cleanser. Consistent cleansing removes excess oil and dirt and avoids oil buildup. This prevents breakouts from happening or lessens their duration when they do occur. Second step, apply the antioxidant nutrient serum which helps to repair and rebuild skin's collagen and elastin. The third step, apply the moisturizer to protect the skin from moisture loss.<\/p>\n<\/div>\n<div class=\"cat-right\">\n<div class=\"cat-cont text-center\">\n<div class=\"img-area\"><a href=\"\/products\/sr-3-daily-skin-rejuvenation-starter-kit-restore\"><img class=\"loaded\" src=\"https:\/\/cdn.shopify.com\/s\/files\/1\/0585\/9727\/7801\/files\/sr3_Restore_1122_cropped_b_2.jpg?v=1715798429\" alt=\"SR-3 Daily Skin Rejuvenation Starter Kit - RESTORE\"><\/a><\/div>\n<div class=\"info-area\">\n<h5>SR-3 Skin Rejuvenation Starter Kit<\/h5>\n<a href=\"\/products\/citrus-foam-exfoliating-cleanser\"><img class=\"loaded\" src=\"https:\/\/cdn.shopify.com\/s\/files\/1\/0585\/9727\/7801\/files\/cart_btn_buynow.gif?v=1715784300\" alt=\"Buy Now\" width=\"90\" height=\"20\"> <\/a><\/div>\n<\/div>\n<\/div>\n<\/div>\n<div class=\"cat-special sect-caption\">\n<div class=\"cat-left\">\n<h3>Clogged Pores<\/h3>\n<p>To brighten up that tired, dull, clogged-pore complexion, apply <a href=\"\/products\/clarifique-purifying-clay-mask\">CLARIFIQUE Purifying Clay Mask,<\/a> two to three times a week to the forehead and nose, plus a dab on the chin to detoxify and lift impurities from deep within the pores. A wet, warm washcloth helps to loosen the blackheads. Awaken your complexion!<\/p>\n<\/div>\n<div class=\"cat-right\">\n<div class=\"cat-cont text-center\">\n<div class=\"img-area\"><a href=\"\/products\/clarifique-purifying-clay-mask\"><img class=\"loaded\" src=\"https:\/\/cdn.shopify.com\/s\/files\/1\/0585\/9727\/7801\/files\/Clarifique_with_carton_cropped_74b972ab-0ea7-4329-b451-47057889c808.jpg?v=1715785572\" alt=\"CITRUS FOAM Exfoliating Cleanser\"><\/a><\/div>\n<div class=\"info-area\">\n<h5>CLARIFIQUE<br>Purifying Clay Mask<\/h5>\n<a href=\"\/products\/clarifique-purifying-clay-mask\"><img class=\"loaded\" src=\"https:\/\/cdn.shopify.com\/s\/files\/1\/0585\/9727\/7801\/files\/cart_btn_buynow.gif?v=1715784300\" alt=\"Buy Now\" width=\"90\" height=\"20\"> <\/a><\/div>\n<\/div>\n<\/div>\n<\/div>\n<div class=\"row cat-special additional\">\n<div class=\"col-12\">\n<h3>Minimize the Look of Aging<\/h3>\n<p>INTENSIVE WRINKLE TREATMENT is a great alternative to Botox® to lessen the look of lines and wrinkles from facial expressions. This treatment helps to give a lift to the forehead, crow's feet area and mouth lines. And don't forget about the fragile eye area. NUTRIAGE Total Eye Repair Creme helps decrease lines, puffiness, dryness and dark circles to give you a brighter look. REJUVENATE Skin Resurfacing Night Creme helps dissolve those stubborn dead cells that sit on the surface of the skin. The Glycolic Acids remove the cells and give your skin a night-time make-over.<\/p>\n<\/div>\n<\/div>\n<\/div>\n<div class=\"cat-special sect-caption\">\n<div class=\"cat-left\">\n<h3>Even Out the Rough Spots of Combination Skin<\/h3>\n<p>\nTo give an added drink of soothing moisture to your skin due to cold weather, wind or air travel, use RESTORE Balancing Skin Moisturizer to feel smooth and supple again. What a treat for stressed skin. Don't forget to drink your eight glasses of water a day in your skincare routine and rinse thoroughly after your cleansing.<\/p>\n<br>\n<br>\n<\/div>\n<div class=\"cat-right\">\n<div class=\"cat-cont text-center\">\n<div class=\"img-area\"><a href=\"\/products\/restore-balancing-skin-moisturizer\"><img class=\"loaded\" src=\"https:\/\/cdn.shopify.com\/s\/files\/1\/0585\/9727\/7801\/files\/Restore_with_carton_cropped.jpg?v=1715801863\" alt=\"RESTORE Balancing Skin Moisturizer\"><\/a><\/div>\n<div class=\"info-area\">\n<h5>RESTORE Balancing Skin Moisturizer<\/h5>\n<a href=\"\/products\/clarifique-purifying-clay-mask\"><img class=\"loaded\" src=\"https:\/\/cdn.shopify.com\/s\/files\/1\/0585\/9727\/7801\/files\/cart_btn_buynow.gif?v=1715784300\" alt=\"Buy Now\" width=\"90\" height=\"20\"> <\/a><\/div>\n<\/div>\n<\/div>\n<\/div>"}},"tab_GPLiXL":{"type":"tab","settings":{"tab-title":"Dry Skin","page-content":"<div id=\"acne-prone\" class=\"acne-prone-wrap\">\n<div class=\"section-header\">\n<h1>Dry Skin<\/h1>\n<\/div>\n<div class=\"sect-caption\">\n<p>Recharge and renew skin with ultra-performance anti-aging and skin-preserving ingredients... to perfectly hydrate and firm.<\/p>\n<br>\n<p>Promote cell turnover, diminish appearance of lines and wrinkles, improve skin texture and brighten skin.<\/p>\n<br>\n<\/div>\n\n<div class=\"cat-special sect-caption\">\n<div class=\"cat-left\">\n<h3>Keep Dry Skin Hydrated<\/h3>\n<p>Skin needs to be hydrated from the inside and outside. Those with dry skin must be especially mindful of good hydration. Use ULTRA Intensive Moisture Therapy each morning and night and for extra dry skin times, such as cold weather, wind or air travel. Reapply one to two times throughout the day. Don't forget to keep a bottle of water with you at all times to remind you to drink lots of water. Also, rinse, rinse, rinse skin after cleansing.<\/p>\n<\/div>\n<div class=\"cat-right\">\n<div class=\"cat-cont text-center\">\n<div class=\"img-area\"><a href=\"\/products\/ultra-intensive-moisture-therapy\"><img class=\"loaded\" src=\"https:\/\/cdn.shopify.com\/s\/files\/1\/0585\/9727\/7801\/files\/sr3_Restore_1122_cropped_b_2.jpg?v=1715798429\" alt=\"SR-3 Daily Skin Rejuvenation Starter Kit - RESTORE\"><\/a><\/div>\n<div class=\"info-area\">\n<h5>SR-3 ULTRA\nIntensive Moisture Therapy\n<\/h5>\n<a href=\"\/products\/citrus-foam-exfoliating-cleanser\"><img class=\"loaded\" src=\"https:\/\/cdn.shopify.com\/s\/files\/1\/0585\/9727\/7801\/files\/ultra_with_carton_cropped_3caf9766-83b0-42df-848f-382e0227a140.jpg?v=1715802430\" alt=\"Buy Now\" width=\"90\" height=\"20\"> <\/a><\/div>\n<\/div>\n<\/div>\n<\/div>\n<div class=\"cat-special sect-caption\">\n<div class=\"cat-left\">\n<h3>Clogged Pores<\/h3>\n<p>To brighten up that tired, dull, clogged-pore complexion, apply <a href=\"\/products\/clarifique-purifying-clay-mask\">CLARIFIQUE Purifying Clay Mask,<\/a> two to three times a week to the forehead and nose, plus a dab on the chin to detoxify and lift impurities from deep within the pores. A wet, warm washcloth helps to loosen the blackheads. Awaken your complexion!<\/p>\n<\/div>\n<div class=\"cat-right\">\n<div class=\"cat-cont text-center\">\n<div class=\"img-area\"><a href=\"\/products\/restore-balancing-skin-moisturizer\"><img class=\"loaded\" src=\"https:\/\/cdn.shopify.com\/s\/files\/1\/0585\/9727\/7801\/files\/Restore_with_carton_cropped.jpg?v=1715801863\" alt=\"RESTORE Balancing Skin Moisturizer\"><\/a><\/div>\n<div class=\"info-area\">\n<h5>RESTORE Balancing Skin Moisturizer<\/h5>\n<a href=\"\/products\/clarifique-purifying-clay-mask\"><img class=\"loaded\" src=\"https:\/\/cdn.shopify.com\/s\/files\/1\/0585\/9727\/7801\/files\/cart_btn_buynow.gif?v=1715784300\" alt=\"Buy Now\" width=\"90\" height=\"20\"> <\/a><\/div>\n<\/div>\n<\/div>\n<\/div>\n<div class=\"row cat-special additional\">\n<div class=\"col-12\">\n<h3>Minimize the Look of Aging<\/h3>\n<p>INTENSIVE WRINKLE TREATMENT is a great alternative to Botox® to lessen the look of lines and wrinkles from facial expressions. This treatment helps to give a lift to the forehead, crow's feet area and mouth lines. And don't forget about the fragile eye area. NUTRIAGE Total Eye Repair Creme helps decrease lines, puffiness, dryness and dark circles to give you a brighter look. REJUVENATE Skin Resurfacing Night Creme helps dissolve those stubborn dead cells that sit on the surface of the skin. The Glycolic Acids remove the cells and give your skin a night-time make-over.<\/p>\n<\/div>\n<\/div>\n<\/div>\n<div class=\"cat-special sect-caption\">\n<div class=\"cat-left\">\n<h3>Even Out the Rough Spots of Combination Skin<\/h3>\n<p>\nTo give an added drink of soothing moisture to your skin due to cold weather, wind or air travel, use RESTORE Balancing Skin Moisturizer to feel smooth and supple again. What a treat for stressed skin. Don't forget to drink your eight glasses of water a day in your skincare routine and rinse thoroughly after your cleansing.<\/p>\n<br>\n<br>\n<\/div>\n<div class=\"cat-right\">\n<div class=\"cat-cont text-center\">\n<div class=\"img-area\"><a href=\"\/products\/restore-balancing-skin-moisturizer\"><img class=\"loaded\" src=\"https:\/\/cdn.shopify.com\/s\/files\/1\/0585\/9727\/7801\/files\/Restore_with_carton_cropped.jpg?v=1715801863\" alt=\"RESTORE Balancing Skin Moisturizer\"><\/a><\/div>\n<div class=\"info-area\">\n<h5>RESTORE Balancing Skin Moisturizer<\/h5>\n<a href=\"\/products\/clarifique-purifying-clay-mask\"><img class=\"loaded\" src=\"https:\/\/cdn.shopify.com\/s\/files\/1\/0585\/9727\/7801\/files\/cart_btn_buynow.gif?v=1715784300\" alt=\"Buy Now\" width=\"90\" height=\"20\"> <\/a><\/div>\n<\/div>\n<\/div>\n<\/div>"}}},"block_order":["tab_LGHxEE","tab_UcyBpq","tab_GPLiXL"],"disabled":true,"settings":{"device-title":"HELPFUL TIPS"}},"rich_text_xqfT7H":{"type":"rich-text","blocks":{"button_pFPUcH":{"type":"button","settings":{"text":"Combination \/ Normal","link":"shopify:\/\/pages\/combination-normal-skin","style_button":"primary"}},"button_ppTGKT":{"type":"button","settings":{"text":"Dry","link":"shopify:\/\/pages\/dry-skin","style_button":"primary"}},"button_CxgYrN":{"type":"button","settings":{"text":"Oily","link":"shopify:\/\/pages\/oily-skin","style_button":"primary"}},"button_McmmjC":{"type":"button","settings":{"text":"Acne-Prone","link":"shopify:\/\/pages\/acne-prone","style_button":"primary"}},"button_ni4yTp":{"type":"button","settings":{"text":"Redness-Prone","link":"shopify:\/\/pages\/redness-prone","style_button":"primary"}},"button_mLxNrA":{"type":"button","settings":{"text":"Sun Damage & Discoloration","link":"shopify:\/\/pages\/sun-damage-discoloration","style_button":"primary"}},"button_bBzUXt":{"type":"button","settings":{"text":"Enlarged Pores","link":"shopify:\/\/pages\/enlarged-pores","style_button":"primary"}},"button_8HrfPH":{"type":"button","settings":{"text":"Sensitive Skin","link":"shopify:\/\/pages\/sensitive-skin","style_button":"primary"}},"button_9LRrTn":{"type":"button","settings":{"text":"Cracked Bleeding Hands","link":"shopify:\/\/pages\/cracked-bleeding-hands","style_button":"primary"}},"button_C7fMWD":{"type":"button","settings":{"text":"Cancer","link":"shopify:\/\/pages\/cancer","style_button":"primary"}},"button_8bmcKj":{"type":"button","settings":{"text":"Scars","link":"shopify:\/\/pages\/scars","style_button":"primary"}},"button_tCpciK":{"type":"button","settings":{"text":"Minor Burns","link":"shopify:\/\/pages\/minor-burns","style_button":"primary"}},"button_kn6wGM":{"type":"button","settings":{"text":"Pregnancy","link":"shopify:\/\/pages\/pregnancy","style_button":"primary"}},"button_wNwNhk":{"type":"button","settings":{"text":"Premature Aging","link":"shopify:\/\/pages\/premature-aging","style_button":"primary"}},"button_tVeWyC":{"type":"button","settings":{"text":"Menopausal Skin","link":"shopify:\/\/pages\/menopausal-skin","style_button":"primary"}},"button_zp3qDj":{"type":"button","settings":{"text":"Foot Care","link":"shopify:\/\/pages\/foot-care","style_button":"primary"}},"button_GzkxfU":{"type":"button","settings":{"text":"Lip Lines","link":"shopify:\/\/pages\/lip-lines","style_button":"primary"}}},"block_order":["button_pFPUcH","button_ppTGKT","button_CxgYrN","button_McmmjC","button_ni4yTp","button_mLxNrA","button_bBzUXt","button_8HrfPH","button_9LRrTn","button_C7fMWD","button_8bmcKj","button_tCpciK","button_kn6wGM","button_wNwNhk","button_tVeWyC","button_zp3qDj","button_GzkxfU"],"disabled":true,"settings":{"icon":"","position_icon":"top","caption":"","heading":"Skin Education","heading_type":"h2","content":"<p>Have a skin concern or need help choosing the best products for your skin type?<\/p><p>Explore the list of common skin issues and see our expert skincare solutions to soothe, nourish, support and promote skin health to create healthy-looking, lovely skin.<\/p><p><\/p>","alignment_text":"left","size_text":"md","color_icon":"","color_border_icon":"","color_text":"","color_border":"","color_background":"","color_background_gradient":"","padding_top_desktop":32,"padding_bottom_desktop":32,"padding_top_mobile":16,"padding_bottom_mobile":16,"style_line_top":"none","style_line_bottom":"none","color_line":"","display_visibility":"hide-no"}}},"order":["na_page_template_HGhXq3","main","custom_tab_section_GHQQhb","rich_text_xqfT7H"]}