{"sections":{"main":{"type":"main-page","disabled":true,"settings":{"display_title":false,"color_text":"","color_background":"","color_background_gradient":"","padding_top_desktop":64,"padding_bottom_desktop":32,"padding_top_mobile":32,"padding_bottom_mobile":32,"style_line_top":"none","style_line_bottom":"none","color_line":""}},"na_page_template_VkGAcU":{"type":"naPageTemplate","blocks":{"richtext_iCJPbb":{"type":"richtext","settings":{"checkbox":false,"title":"Cancer","sub-heading":"","desc":"<p>Proper care of skin is critical during cancer... to protect vulnerable skin areas and promote skin healing.<\/p><p>Your skin's condition, texture, color and hydration status can be affected by the type of cancer you have and how intense the treatment is. This can lead to possible infection, so your skin needs special care. When your physician says your treated skin is ready for skincare, here are helpful guidelines to follow.<\/p>","image_pos":"none"}},"products_Ymp46m":{"type":"products","settings":{"title":"Keep Skin Very Hydrated","desc":"<p>To hydrate the facial skin… use <a href=\"\/products\/ultra-intensive-moisture-therapy\" title=\"ULTRA Intensive Moisture Therapy\">ULTRA Intensive Moisture Therapy <\/a>day and night and once in between to heavily hydrate dry areas. For severe facial dryness, also use <a href=\"\/products\/extract-dry-skin-hydrating-plant-oil\" title=\"EXTRACT Dry Skin Hydrating Plant Oil\">EXTRACT Dry Skin Hydrating Plant Oil  <\/a>twice a day under ULTRA Intensive Moisture Therapy to protect, soothe, calm and help with cracking and discomfort. To hydrate the hands, feet and body… use <a href=\"\/products\/neroli-hand-and-body-nutrient-creme\" title=\"NEROLI Hand and Body Nutrient Creme\">NEROLI Body Silkening Nutrient Creme <\/a>at least 3 times a day to give immediate relief while powerfully moisturizing and protecting the dry areas.<\/p>","pro":"ultra-intensive-moisture-therapy","pro1":"extract-dry-skin-hydrating-plant-oil","pro2":"neroli-hand-and-body-nutrient-creme"}},"image_text_UjiMan":{"type":"imageText","settings":{"title":"Use Non-Detergent Cleansers... that are More Gentle to Skin","desc":"<p>Detergent cleansers (most cleaners on the market) and soap can be very harsh and potentially be drying and irritating, even oily skin. When challenged with cancer treatments, <a href=\"\/products\/primesse-essential-facial-cleanser\" title=\"PRIMESSE Essential Facial Cleanser\">PRIMESSE Essential Facial Cleanser <\/a>is an effective, yet gentle cleanser that removes dirt without stripping natural oils and further drying skin, to help maintain skin integrity.<\/p>","product":"primesse-essential-facial-cleanser"}},"products_P6ag7V":{"type":"products","settings":{"title":"Use L'ATHENE Products Two Weeks in Advance of Radiation... to Maximize Skin Health","desc":"<p>To keep your skin in the best health possible prior to radiation, for the face, use <a href=\"\/products\/sr-3-daily-skin-rejuvenation-starter-kit-ultra\" title=\"SR-3 Daily Skin Rejuvenation Starter Kit - ULTRA\">SR-3 Skin Rejuvenation Starter Kit - ULTRA <\/a>and, for the body, use<a href=\"\/products\/neroli-hand-and-body-nutrient-creme\" title=\"NEROLI Hand and Body Nutrient Creme\"> NEROLI Body Silkening Nutrient Creme<\/a>... on and around areas that are to be irradiated. Use 2 times a day everyday 2 weeks prior to your first treatment.<\/p>","pro":"sr-3-daily-skin-rejuvenation-starter-kit-ultra","pro1":"neroli-hand-and-body-nutrient-creme","pro2":""}}},"block_order":["richtext_iCJPbb","products_Ymp46m","image_text_UjiMan","products_P6ag7V"],"settings":{"bgClr":"#ffffff","tclr":"#3347aa","descClr":"#000000","text1":"","text2":"","title-l":"L'ATHENE's Skin Education Hub","menuList":"new-menu"}}},"order":["main","na_page_template_VkGAcU"]}