{"sections":{"main":{"type":"main-page","disabled":true,"settings":{"display_title":false,"color_text":"","color_background":"","color_background_gradient":"","padding_top_desktop":64,"padding_bottom_desktop":32,"padding_top_mobile":32,"padding_bottom_mobile":32,"style_line_top":"none","style_line_bottom":"none","color_line":""}},"na_page_template_FiL6Hn":{"type":"naPageTemplate","blocks":{"richtext_b3wpnC":{"type":"richtext","settings":{"checkbox":false,"title":"Oily Skin","sub-heading":"","desc":"<p>Promote a clean, clear complexion with L'ATHENE treatments... by controlling excess oil, targeting blemishes, and refining enlarged pores.<\/p>","image_pos":"none"}},"products_M4TrPr":{"type":"products","settings":{"title":"Breakouts","desc":"<p>The best treatment for breakouts is prevention with good skin cleansing and masking on a regular basis. Also, limiting the use of liquid foundations may be helpful. Many liquid foundations can be pore clogging. For regular, deep pore detoxifying, use <a href=\"\/products\/clarifique-purifying-clay-mask\" title=\"CLARIFIQUE Purifying Clay Mask\">CLARIFIQUE Purifying Clay Mask  <\/a>3-5 times a week. When breakouts do occur, do not push or squeeze the area. Spot treat and sleep in the mask on the areas where you can feel the breakout forming. Cleanse thoroughly every day and every night with <a href=\"\/products\/citrus-foam-exfoliating-cleanser\" title=\"CITRUS FOAM Exfoliating Cleanser\">CITRUS FOAM Exfoliating Cleanser <\/a>to remove oil, dirt and impurities. Rinse very well with lots of water to remove all the excess oil. Try to avoid putting your hands on your face. Your hands can be dirty and can transfer bacteria to your face. If breakouts become excessive, seek medical advice. If scars have occurred from breakouts, the look of the scars can be minimized with <a href=\"\/products\/mineral-derma-scrub\" title=\"MINERAL DERMA-SCRUB\">MINERAL DERMA-SCRUB<\/a>. Microdermabrasion has been proven to minimize the look of acne scars. This aluminum oxide crystal treatment is a home version of microdermabrasion. It helps remove dead cells and rejuvenates the skin, creating a much smoother complexion. Use 1-2 times per week for no more than 2 minutes.<\/p>","pro":"citrus-foam-exfoliating-cleanser","pro1":"clarifique-purifying-clay-mask","pro2":"mineral-derma-scrub"}},"image_text_KeqXg8":{"type":"imageText","settings":{"title":"Large Pores","desc":"<p>Individuals with oilier skin tend to have larger pores. Pore size is enlarged by build up of dirt, dead skin cells and oil. Toners are virtually ineffective at helping with pore size and oftentimes cause oil rebound which leads to more oil. Mineral clays help to clear the excess oil, dirt and dead cells from deep within the pores. Two to three times a week use <a href=\"\/products\/clarifique-purifying-clay-mask\" title=\"CLARIFIQUE Purifying Clay Mask\">CLARIFIQUE Purifying Clay Mask <\/a>to filter and lift these impurities. Also, it is helpful to spot treat with the mask on problem areas and sleep in it up to every other night.<\/p>","product":"clarifique-purifying-clay-mask"}},"image_text_JKRCmy":{"type":"imageText","settings":{"title":"Excessive Oil and Blackheads","desc":"<p>Diminish oil with the astringent, antiseptic properties of <a href=\"\/products\/citrus-foam-exfoliating-cleanser\" title=\"CITRUS FOAM Exfoliating Cleanser\">CITRUS FOAM Exfoliating Cleanser<\/a>. This cleanser removes excess oil without stripping the skin or causing redness. Be sure to cleanse twice daily and after exercise if you have moderate to severe oil concerns. Blackheads can be softened and released from the pore with CLARIFIQUE Deep Pore Cleansing Mask. Allow mask to sit on the area of the blackheads for at least 1-2 hours. The essential oils in the mask will help to break apart the blackhead cap on top of the pore.<\/p>","product":"citrus-foam-exfoliating-cleanser"}}},"block_order":["richtext_b3wpnC","products_M4TrPr","image_text_KeqXg8","image_text_JKRCmy"],"settings":{"bgClr":"#ffffff","tclr":"#3347aa","descClr":"#000000","text1":"","text2":"","title-l":"L'ATHENE's Skin Education Hub","menuList":"new-menu"}}},"order":["main","na_page_template_FiL6Hn"]}