{"sections":{"main":{"type":"main-page","disabled":true,"settings":{"display_title":false,"color_text":"","color_background":"","color_background_gradient":"","padding_top_desktop":64,"padding_bottom_desktop":32,"padding_top_mobile":32,"padding_bottom_mobile":32,"style_line_top":"none","style_line_bottom":"none","color_line":""}},"rich_text_rWpean":{"type":"rich-text","settings":{"icon":"","position_icon":"top","caption":"","heading":"Cancer","heading_type":"h2","content":"<p>Proper care of skin is critical during cancer... to protect vulnerable skin areas and promote skin healing.<\/p><p>Your skin's condition, texture, color and hydration status can be affected by the type of cancer you have and how intense the treatment is. This can lead to possible infection, so your skin needs special care. When your physician says your treated skin is ready for skincare, here are helpful guidelines to follow.<\/p><h3>Keep Skin Very Hydrated<\/h3><p>To hydrate the facial skin… use <a href=\"\/products\/ultra-intensive-moisture-therapy\" title=\"ULTRA Intensive Moisture Therapy\">ULTRA Intensive Moisture Therapy<\/a> day and night and once in between to heavily hydrate dry areas. For severe facial dryness, also use <a href=\"\/products\/extract-dry-skin-hydrating-plant-oil\" title=\"EXTRACT Dry Skin Hydrating Plant Oil\">EXTRACT Dry Skin Hydrating Plant Oil<\/a> twice a day under ULTRA Intensive Moisture Therapy to protect, soothe, calm and help with cracking and discomfort. To hydrate the hands, feet and body… use <a href=\"\/products\/neroli-hand-and-body-nutrient-creme\" title=\"NEROLI Hand and Body Nutrient Creme\">NEROLI Body Silkening Nutrient Creme<\/a> at least 3 times a day to give immediate relief while powerfully moisturizing and protecting the dry areas.<\/p>","alignment_text":"left","size_text":"md","color_icon":"","color_border_icon":"","color_text":"","color_border":"","color_background":"","color_background_gradient":"","padding_top_desktop":32,"padding_bottom_desktop":32,"padding_top_mobile":16,"padding_bottom_mobile":16,"style_line_top":"none","style_line_bottom":"none","color_line":"","display_visibility":"hide-no"}},"linkable_image_with_button_rheMxL":{"type":"linkable-image-with-button","blocks":{"image_XEXCby":{"type":"image","settings":{"image":"shopify:\/\/shop_images\/ultra_with_carton_cropped_3caf9766-83b0-42df-848f-382e0227a140.jpg","link":"shopify:\/\/products\/ultra-intensive-moisture-therapy","text-box-title":"ULTRA<br>Intensive Moisture Therapy"}},"image_dA6K9g":{"type":"image","settings":{"image":"shopify:\/\/shop_images\/extract_with_carton_cropped_f1e6ad8b-d534-49ce-be5d-1045ec4eec2b.jpg","link":"shopify:\/\/products\/extract-dry-skin-hydrating-plant-oil","text-box-title":"EXTRACT<br>Dry Skin Hydrating Plant Oil"}},"image_LtVqaK":{"type":"image","settings":{"image":"shopify:\/\/shop_images\/Neroli_side_of_cartonA.jpg","link":"shopify:\/\/products\/neroli-hand-and-body-nutrient-creme","text-box-title":"NEROLI <br>Body Silkening Nutrient Creme"}}},"block_order":["image_XEXCby","image_dA6K9g","image_LtVqaK"],"settings":{"text-box":""}},"image_with_text_bock_Qganz9":{"type":"image-with-text-bock","blocks":{"image_WGQYPR":{"type":"image","settings":{"image":"shopify:\/\/shop_images\/Primesse_5oz_with_carton_2.jpg","link":"shopify:\/\/products\/primesse-essential-facial-cleanser","text-box-title":"PRIMESSE<br>Essential Facial Cleanser","text-box-content":"<p>Detergent cleansers (most cleaners on the market) and soap can be very harsh and potentially be drying and irritating, even oily skin. When challenged with cancer treatments,<a href=\"\/products\/primesse-essential-facial-cleanser\" title=\"PRIMESSE Essential Facial Cleanser\">PRIMESSE Essential Facial Cleanser<\/a>is an effective, yet gentle cleanser that removes dirt without stripping natural oils and further drying skin, to help maintain skin integrity.<\/p>"}}},"block_order":["image_WGQYPR"],"settings":{"text-box":"Use Non-Detergent Cleansers... that are More Gentle to Skin"}},"rich_text_VgMWiM":{"type":"rich-text","settings":{"icon":"","position_icon":"top","caption":"","heading":"Use L'ATHENE Products Two Weeks in Advance of Radiation... to Maximize Skin Health","heading_type":"h2","content":"<p>To keep your skin in the best health possible prior to radiation, for the face, use<a href=\"\/products\/sr-3-daily-skin-rejuvenation-starter-kit-restore\" title=\"SR-3 Daily Skin Rejuvenation Starter Kit - RESTORE\">SR-3 Skin Rejuvenation Starter Kit - ULTRA <\/a>and, for the body, use<a href=\"\/products\/neroli-hand-and-body-nutrient-creme\" title=\"NEROLI Hand and Body Nutrient Creme\"> NEROLI Body Silkening Nutrient Creme<\/a>... on and around areas that are to be irradiated. Use 2 times a day everyday 2 weeks prior to your first treatment.<\/p>","alignment_text":"left","size_text":"md","color_icon":"","color_border_icon":"","color_text":"","color_border":"","color_background":"","color_background_gradient":"","padding_top_desktop":32,"padding_bottom_desktop":32,"padding_top_mobile":16,"padding_bottom_mobile":16,"style_line_top":"none","style_line_bottom":"none","color_line":"","display_visibility":"hide-no"}},"linkable_image_with_button_8p67KL":{"type":"linkable-image-with-button","blocks":{"image_EqdCqU":{"type":"image","settings":{"image":"shopify:\/\/shop_images\/sr3_Restore_1122_cropped_b_1_ce8ed2e5-3572-4e98-8c1a-def48ed79957.jpg","link":"shopify:\/\/products\/sr-3-daily-skin-rejuvenation-starter-kit-ultra","text-box-title":"SR-3 Skin Rejuvenation Starter Kit - ULTRA"}},"image_J8hMeh":{"type":"image","settings":{"image":"shopify:\/\/shop_images\/Neroli_side_of_cartonA.jpg","link":"shopify:\/\/products\/neroli-hand-and-body-nutrient-creme","text-box-title":"NEROLI <br>Body Silkening Nutrient Creme"}}},"block_order":["image_EqdCqU","image_J8hMeh"],"settings":{"text-box":"Title"}},"rich_text_NmXKta":{"type":"rich-text","settings":{"icon":"","position_icon":"top","caption":"","heading":"Additional Information","heading_type":"h2","content":"<h3>Our Ingredients<\/h3><p>Cancer is a real challenge for anyone facing this disease. It is vital to make the best choices possible for your maximum health and well-being... before, during and after treatment.<\/p><p>Medical treatments for cancer have advanced dramatically over the recent years for survival and longevity of life. However, these treatments can be very harsh to the skin and can cause great discomfort.<\/p><p>It is good to prepare for skin changes from cancer treatments and know how to avoid possible problems to maximize your comfort level and provide relief.<\/p><h3>Chemotherapy and Radiation can be Very Harsh to Skin<\/h3><p>\"Treatments for cancer can affect your skin at times, leaving it dry or flaky and more sensitive to exposure to sun, wind, and other elements,\" says Breastcancer.org.<\/p><p>Both chemotherapy and radiation can cause the skin to be extremely dry and sensitive.<\/p><p>Chemotherapy can affect your natural moisture skin barrier by reducing the amount of oil your glands secrete, therefore making your skin very dry and irritated. Hand Foot Syndrome can develop–a condition where the hands and feet become so severely cracked and dry that they peel, are very sensitive, and can interfere with your daily activities.<\/p><p>Radiation can cause dry flaky skin, redness, itching, rashes, weepy areas, burning, tenderness and skin color changes (lighter skin turns red or tan-looking and darker skin can get darker). Consult your medical team before using any skincare products.<\/p><h3>Tissue Expanded Skin Must be as Healthy as Possible<\/h3><p>To help promote optimum results for Post-Mastectomy Reconstruction, excellent skin health is very important through the duration of the tissue expansion treatments.<\/p><h3>Avoid Harsh Cosmetic Chemicals on Your Skin... found in Most Skincare<\/h3><p>Almost all skincare products, including medical brands, can contain standard cosmetic chemicals which can be potentially very harsh to skin.<\/p><ul><li>This can increase redness, irritation, rashes and dryness that may already be present or can increase the chances of these side effects occuring to the already vulnerable cancer-treated skin.<\/li><li>By providing 'botanical nutrients' for skin with L'ATHENE Nutrient Skin Treatments, you can help your skin repair, restore and regenerate to optimum skin health.<\/li><li><a href=\"\/pages\/why-choose-lathene\" title=\"Why Choose L'ATHENE\">Read more about the ingredients in L'ATHENE products.<\/a><\/li><\/ul><h3>Making Healthier Choices for You<\/h3><p>L'ATHENE Pure Nutrient Skin Treatments are the healthy choice! At a time when you and your body are most challenged, the healthiest choices are critical for you!<\/p><ul><li>L'ATHENE products are made of high-quality vitamins, minerals, proteins, fatty acids, antioxidants, anti-inflammatories and antibacterials.<\/li><li>They work in harmony WITH the body to TRULY nourish skin for the best health and best results in ALL ways for you!<\/li><\/ul><h3>Skin Tips:<\/h3><ul><li>Shower with an organic shampoo to cleanse the body to help keep the skin in better moisture balance. This decreases the detergents on your body to keep the skin from being stripped and dry. Hydrate by drinking more.<\/li><li>Drier skin, which often occurs, needs special care, so keeping well hydrated with fluids throughout the day as well as moisturizing your skin with pure nutrients can help to reduce the likelihood of dry skin.<\/li><li>Be consistent for optimal results.<\/li><li>Proper nutrition is vital... plus regular exercise, plenty of rest and stress reduction.<\/li><\/ul>","alignment_text":"left","size_text":"md","color_icon":"","color_border_icon":"","color_text":"","color_border":"","color_background":"","color_background_gradient":"","padding_top_desktop":32,"padding_bottom_desktop":32,"padding_top_mobile":16,"padding_bottom_mobile":16,"style_line_top":"none","style_line_bottom":"none","color_line":"","display_visibility":"hide-no"}}},"order":["main","rich_text_rWpean","linkable_image_with_button_rheMxL","image_with_text_bock_Qganz9","rich_text_VgMWiM","linkable_image_with_button_8p67KL","rich_text_NmXKta"]}