{"sections":{"main":{"type":"main-page","disabled":true,"settings":{"display_title":false,"color_text":"","color_background":"","color_background_gradient":"","padding_top_desktop":64,"padding_bottom_desktop":32,"padding_top_mobile":32,"padding_bottom_mobile":32,"style_line_top":"none","style_line_bottom":"none","color_line":""}},"training_certification_page_jgLY7k":{"type":"training-certification-page","blocks":{"image_text_M3zTa4":{"type":"image-text","settings":{"image-text-header":"<p>L’ATHENE Product Materials<\/p>","image-text-text":"<p>Below is the Product Materials Packet that contains excellent L'ATHENE reference materials.<\/p><h4>The packet includes the following documents:<\/h4><p>Products<\/p><p>Skin Concerns & Product Solutions<\/p><p>Common Chemicals in Skincare<\/p><p>L'ATHENE is Free of...<\/p><p>Unparalleled Premium Product Quality<\/p>","enable_border":false,"section_width":"third_one"}}},"block_order":["image_text_M3zTa4"],"disabled":true,"settings":{"bg-color":"#fff5f3","text-color":"#57573d","padding_top_desktop":32,"padding_bottom_desktop":32,"padding_top_mobile":16,"padding_bottom_mobile":16,"list-image":"shopify:\/\/shop_images\/Rectangle_6475.png","tab1":"","tab2":"","tab3":"","tab4":"","tab5":"","tab6":""}},"welome_page_WJCmLX":{"type":"welcome-page","blocks":{"image_text_xmmwD8":{"type":"image-text","settings":{"image-text-header":"<p>L’ATHENE Product Materials<\/p>","image-text-text":"<p>Below is the Product Materials Packet that contains excellent L'ATHENE reference materials.<\/p><h4>The packet includes the following documents:<\/h4><ul><li>Products<\/li><li>Skin Concerns & Product Solutions<\/li><li>Common Chemicals in Skincare<\/li><li>L'ATHENE is Free of...<\/li><li>Unparalleled Premium Product Quality<\/li><\/ul>","image-text-section-checkbox":false,"image-text-text1":"","image-text-section-sublist-text1":"","image-text-text2":"","image-text-section-sublist-text2":"","btn-checkbox":false,"image-text-section-btn-text":"","image-text-section-url":"","image-text-image":"shopify:\/\/shop_images\/Rectangle_6480_3.png","section_width":"one_third","image-text-section-full-width":""}},"horizontal_button_box_WR4ah8":{"type":"horizontal-button-box","settings":{"horizontal-button-box-header":"<p>Click on the link below and hit print.<\/p>","horizontal-button-box-desc":"","btn-checkbox":true,"horizontal-button-box-text":"Product Materials Packet","horizontal-button-box-url":"https:\/\/cdn.shopify.com\/s\/files\/1\/0585\/9727\/7801\/files\/product_material_packet.pdf?v=1722335216","checkbox":false,"image-position":"right","horizontal-btn-box-img":"shopify:\/\/shop_images\/Group_1000005335.png","section_width":"third_one"}}},"block_order":["image_text_xmmwD8","horizontal_button_box_WR4ah8"],"settings":{"bg-color":"#fff5f3","text-color":"#57573d","padding_top_desktop":32,"padding_bottom_desktop":32,"padding_top_mobile":16,"padding_bottom_mobile":16,"list-image":"shopify:\/\/shop_images\/Rectangle_6475.png","tab1":"Welcome Page","tab2":"Training Certification","tab3":"Training Modules","tab4":"L'ATHENE Facials Video","tab5":"Product Materials","tab6":"Certification Materials"}},"training_footer_section_hRX7bP":{"type":"training-footer-section","blocks":{"skincare_experts_WBjhEY":{"type":"skincare-experts","settings":{"skincare-header":"<p><a href=\"https:\/\/lathene.com\/pages\/about-us\" title=\"https:\/\/lathene.com\/pages\/about-us\">Skincare Experts<\/a><\/p>","skincare-subheader":"<p><a href=\"https:\/\/lathene.com\/pages\/about-us\" title=\"https:\/\/lathene.com\/pages\/about-us\">The Nurse<\/a><\/p>","skincare-main-image":"shopify:\/\/shop_images\/Rectangle_6528.png","skincare-bg-img":"shopify:\/\/shop_images\/Group_1000005304.png"}},"media_jnLVL6":{"type":"media","settings":{"media-header":"<p><a href=\"https:\/\/lathene.com\/pages\/magazines\" title=\"https:\/\/lathene.com\/pages\/magazines\">Media<\/a><\/p>","media-subheader":"<p><a href=\"https:\/\/lathene.com\/pages\/magazines\" title=\"https:\/\/lathene.com\/pages\/magazines\">In The<\/a><\/p>","media-main-image":"shopify:\/\/shop_images\/Group_1000005305.png","media-bg-img":"shopify:\/\/shop_images\/Group_1000005303.png"}},"email_pJwp6G":{"type":"email","settings":{"email-header":"<p><a href=\"https:\/\/lathene.com\/collections\/exclusive-offers\" title=\"https:\/\/lathene.com\/collections\/exclusive-offers\">Offers<\/a><\/p>","email-subheader":"<p><a href=\"https:\/\/lathene.com\/collections\/exclusive-offers\" title=\"https:\/\/lathene.com\/collections\/exclusive-offers\">Exclusive<\/a><\/p>","email-bg-img":"shopify:\/\/shop_images\/Group_1000005251.png"}}},"block_order":["skincare_experts_WBjhEY","media_jnLVL6","email_pJwp6G"],"settings":{"bg-color":"#ffffff","text-color":"#57573d","padding_top_desktop":32,"padding_bottom_desktop":32,"padding_top_mobile":16,"padding_bottom_mobile":16}}},"order":["main","training_certification_page_jgLY7k","welome_page_WJCmLX","training_footer_section_hRX7bP"]}