{"sections":{"main":{"type":"main-page","disabled":true,"settings":{"display_title":true,"color_text":"","color_background":"","color_background_gradient":"","padding_top_desktop":64,"padding_bottom_desktop":32,"padding_top_mobile":32,"padding_bottom_mobile":32,"style_line_top":"none","style_line_bottom":"none","color_line":""}},"rich_text_qqQ3PJ":{"type":"rich-text","settings":{"icon":"","position_icon":"top","caption":"","heading":"Sun Damage & Discoloration","heading_type":"h2","content":"<p>Combat sun damage with powerful L'ATHENE ingredients... to effectively soften discolorations and create a brighter look.<\/p><p>Skin discoloration (called age spots or hyperpigmentation) from sun damage becomes more noticeable as we age. Our products are hydroquinone free and safe to use to effectively target discolorations.<\/p>","alignment_text":"left","size_text":"md","color_icon":"","color_border_icon":"","color_text":"","color_border":"","color_background":"","color_background_gradient":"","padding_top_desktop":32,"padding_bottom_desktop":32,"padding_top_mobile":16,"padding_bottom_mobile":16,"style_line_top":"none","style_line_bottom":"none","color_line":"","display_visibility":"hide-no"}},"image_with_text_bock_EfNd43":{"type":"image-with-text-bock","blocks":{"image_DNaVxw":{"type":"image","settings":{"image":"shopify:\/\/shop_images\/Vitapure_thumb_1.jpg","link":"shopify:\/\/products\/vitapure-ultra-antioxidant-nutrient-serum","text-box-title":"VITAPURE<br> Ultra Antioxidant Nutrient <br>Serum","text-box-content":"<p>Sun causes free radical damage which causes sunspots, discolorations, lines, wrinkles and collagen damage to skin. Antioxidants are proven to prevent and reverse the signs of aging from these free radicals by powerfully attacking free radicals.<a href=\"\/products\/vitapure-ultra-antioxidant-nutrient-serum\" title=\"VITAPURE Ultra Antioxidant Nutrient Serum\">VITAPURE Ultra Antioxidant Nutrient Serum<\/a>is an antioxidant powerhouse. Apply twice daily to face and neck after cleansing. See visible signs of discolorations soften and see the look of lines and wrinkles lessen. Also helps to prevent further aging signs by fighting free radical damage.<\/p>"}}},"block_order":["image_DNaVxw"],"settings":{"text-box":"Replace Vital Nutrients and Repair Damage"}},"rich_text_TCtTYm":{"type":"rich-text","settings":{"icon":"","position_icon":"top","caption":"","heading":"Exfoliation Helps Reduce the Look of Discolorations","heading_type":"h2","content":"<p>Microdermabrasion helps treat sun damage and skin discolorations by removing the outer layer of pigmented skin. It can produce a nice result of reducing the look of sun spots when used over time. <a href=\"\/products\/mineral-derma-scrub\" title=\"MINERAL DERMA-SCRUB\">MINERAL DERMA-SCRUB<\/a> is an at-home microdermabrasion treatment that can help to remove the dead and pigmented skin cells and produce an immediate brightening effect. Use 1-2 times a week consistently. It also helps other skincare treatments to penetrate more effectively. Can also use in combination with <a href=\"\/products\/rejuvenate-skin-resurfacing-night-creme\" title=\"REJUVENATE Skin Resurfacing Night Creme\">REJUVENATE Skin Resurfacing Night Creme<\/a> which dissolves the bonds that hold dead cells to the skin’s surface and stimulates cell renewal so new healthy cells appear. Use every night or every other night in place of your L’ATHENE moisturizer.<\/p>","alignment_text":"left","size_text":"md","color_icon":"","color_border_icon":"","color_text":"","color_border":"","color_background":"","color_background_gradient":"","padding_top_desktop":32,"padding_bottom_desktop":32,"padding_top_mobile":16,"padding_bottom_mobile":16,"style_line_top":"none","style_line_bottom":"none","color_line":"","display_visibility":"hide-no"}},"linkable_image_with_button_6tHPgh":{"type":"linkable-image-with-button","blocks":{"image_UR4hqE":{"type":"image","settings":{"image":"shopify:\/\/shop_images\/DermaScrub_with_carton_cropped.jpg","link":"shopify:\/\/products\/mineral-derma-scrub","text-box-title":"MINERAL DERMA-SCRUB<br>Microdermabrasion At-Home"}},"image_JQmxzc":{"type":"image","settings":{"image":"shopify:\/\/shop_images\/rejuvenate_with_carton_cropped_d62d1543-8a7e-433a-a338-12d468ad0e65.jpg","link":"shopify:\/\/products\/rejuvenate-skin-resurfacing-night-creme","text-box-title":"REJUVENATE <br>Skin Resurfacing Night Creme"}}},"block_order":["image_UR4hqE","image_JQmxzc"],"settings":{"text-box":"Title"}}},"order":["main","rich_text_qqQ3PJ","image_with_text_bock_EfNd43","rich_text_TCtTYm","linkable_image_with_button_6tHPgh"]}