{"sections":{"main":{"type":"main-page","settings":{"display_title":false,"color_text":"","color_background":"","color_background_gradient":"","padding_top_desktop":64,"padding_bottom_desktop":32,"padding_top_mobile":32,"padding_bottom_mobile":32,"style_line_top":"none","style_line_bottom":"none","color_line":""}},"rich_text_67NR7Q":{"type":"rich-text","settings":{"icon":"","position_icon":"top","caption":"","heading":"Cracked Bleeding Hands","heading_type":"h2","content":"<p>L'ATHENE offers a complete line of pure nutrient skincare to... nourish and restore skin on dry, challenged hands.<\/p><p>Cracked bleeding hands can be so painful and a source of infection. Many people have occupations that put them at risk. For instance, when hands are in water frequently, are washed continuously, are put in grease or other adhesive agents, or are in gloves for hours. Harsh anti-bacterial soaps can be very irritating too. L'ATHENE received national press for helping painful, cracked hands of bus mechanics in only three days.<\/p><h3>Reduce the Cracked, Dry, Flaking, Reddened, Irritated Skin<\/h3><p>The cracks need attention! Left untreated, these cracks in the skin leave you more vulnerable to infections and outside irritants.<\/p><p>Here is the Bus Mechanics Protocol that resulted in national press with its 3-day improvement results:<br\/>Each night, before bed, gently wash hands with organic shampoo, rinse and pat dry. Then apply a layer of <a href=\"\/products\/neroli-hand-and-body-nutrient-creme\" title=\"NEROLI Hand and Body Nutrient Creme\">NEROLI Body Silkening Nutrient Crème<\/a>. Follow with a layer of A&D Ointment® to the areas on the hands where the cracks are and where you feel they are most likely to occur. Then, apply white cotton socks (the athletic type), to your hands. Sleep in the socks over the hands at night until the cracks heal. Socks work better than gloves. In the morning, remove the socks, shower as normal and apply just NEROLI Creme for the day. If during the day, the skin needs a hydration boost, apply a drop of <a href=\"\/products\/extract-dry-skin-hydrating-plant-oil\" title=\"EXTRACT Dry Skin Hydrating Plant Oil\">EXTRACT Dry Skin Hydrating Plant Oil.<\/a> Rub in and apply NEROLI over the dried area.<\/p>","alignment_text":"left","size_text":"md","color_icon":"","color_border_icon":"","color_text":"","color_border":"","color_background":"","color_background_gradient":"","padding_top_desktop":32,"padding_bottom_desktop":32,"padding_top_mobile":16,"padding_bottom_mobile":16,"style_line_top":"none","style_line_bottom":"none","color_line":"","display_visibility":"hide-no"}},"linkable_image_with_button_bknjHx":{"type":"linkable-image-with-button","blocks":{"image_Mc3k9Y":{"type":"image","settings":{"image":"shopify:\/\/shop_images\/Neroli_side_of_cartonA.jpg","link":"shopify:\/\/products\/neroli-hand-and-body-nutrient-creme","text-box-title":"NEROLI <br>Body Silkening Nutrient Creme"}},"image_XNiraj":{"type":"image","settings":{"image":"shopify:\/\/shop_images\/extract_with_carton_cropped_f1e6ad8b-d534-49ce-be5d-1045ec4eec2b.jpg","link":"shopify:\/\/products\/extract-dry-skin-hydrating-plant-oil","text-box-title":"EXTRACT<br>Dry Skin Hydrating Plant Oil"}}},"block_order":["image_Mc3k9Y","image_XNiraj"],"settings":{"text-box":"Title"}},"image_with_text_bock_AeXCbG":{"type":"image-with-text-bock","blocks":{"image_JWmgwG":{"type":"image","settings":{"image":"shopify:\/\/shop_images\/Neroli_side_of_cartonA.jpg","link":"shopify:\/\/products\/neroli-hand-and-body-nutrient-creme","text-box-title":"NEROLI <br>Body Silkening Nutrient Creme","text-box-content":"<p>Be sure to wash your hands with warm water - not hot or cold. Temperature extremes are not healthy for the skin. Wear unpowdered rubber gloves whenever possible if you are working in water or grease. If your hands tend to sweat, try a pair of white cotton gloves under the rubber gloves and launder them frequently. After you wash your hands, dry completely. Apply a layer of<a href=\"https:\/\/www.lathene.com\/nerolibodysilkeningnutrientcreme.aspx\">NEROLI Body Silkening Nutrient Crème<\/a>. This nutritive creme helps restore fatty acid content to the skin. It contains no petroleum barriers so it goes directly into the skin. Apply after shower and at bedtime. If skin gets dry during the day, apply at least one other time. If hands begin to look redder or the weather is cold and drying, and your hands are exposed to the elements, follow the suggestions above for cracks. By doing this procedure preventatively, you can help avoid cracks from occurring.<\/p>"}}},"block_order":["image_JWmgwG"],"settings":{"text-box":"Care for Your Hands Each Day"}},"rich_text_CVxUc3":{"type":"rich-text","blocks":{"button_tywthH":{"type":"button","settings":{"text":"Button text","link":"","style_button":"primary"}}},"block_order":["button_tywthH"],"settings":{"icon":"","position_icon":"top","caption":"","heading":"Additional Information","heading_type":"h2","content":"<h3>Avoid Hand Creams that Contain Harsh Cosmetic Chemicals... which can Irritate More<\/h3><p>Almost all skincare for hands, including medical skincare brands, contain harsh alcohols, petroleum-derivatives, detergents, and many other potential skin irritating ingredients that can cause further redness, inflammation or discomfort. This also includes many products that claim they are good for sensitive skin. Become a label reader. <a href=\"\/pages\/why-choose-lathene\" title=\"Why Choose L'ATHENE\">Read more about the ingredients in L'ATHENE products.<\/a><\/p><h3>Reduce Further Redness and Skin Irritation... with your Cleansing Choices<\/h3><p>Avoiding anti-bacterial hand soaps is best! Washing hands with anti-bacterial soaps can be very drying to skin. First, these soaps contain detergents that strip the skin of essential fatty acids that help hydrate our hands. Secondly, anti-bacterial soaps contain bacteria-fighting agents that can irritate the skin. This irritation can feel minimal at first, but over a prolonged period of time, can lead to serious skin breakdown.<\/p><p>For a number of people, especially people in healthcare, eliminating anti-bacterial soaps during the work hours is not possible. You can still protect and correct the skin dryness and boost the skin's hydration by using NEROLI Body Silkening Nutrient Creme at night and first thing in the morning, helping to make it less likely to breakdown.<\/p><p>Switching to a non-detergent, natural hand cleanser is helpful to avoid further irritation. You can get an organic shampoo and use it to wash your hands. The main ingredients to avoid are the sulfates. Sodium Lauryl Sulfate or Sodium Laureth Sulfate are a few of the most common sulfates used. These ingredients make the product create a lot of lather but can be very stripping to the skin, potentially robbing the skin of its natural oils, contributing to dryness, flaking and itching.<\/p><p>A&D Ointment® is a trademark of MSD Consumer Care, Inc.<\/p>","alignment_text":"left","size_text":"md","color_icon":"","color_border_icon":"","color_text":"","color_border":"","color_background":"","color_background_gradient":"","padding_top_desktop":32,"padding_bottom_desktop":32,"padding_top_mobile":16,"padding_bottom_mobile":16,"style_line_top":"none","style_line_bottom":"none","color_line":"","display_visibility":"hide-no"}}},"order":["main","rich_text_67NR7Q","linkable_image_with_button_bknjHx","image_with_text_bock_AeXCbG","rich_text_CVxUc3"]}