{"sections":{"1739216460d6a167e3":{"type":"apps","blocks":{"smile_io_smile_landing_page_header_6A8G3U":{"type":"shopify:\/\/apps\/smile-io\/blocks\/smile-landing-page-header\/2fae4e25-1841-4ea2-bc02-bd548478c4f6","settings":{"primary_colour":"#150e59","secondary_colour":"#fff","background_image":"shopify:\/\/shop_images\/L_athene_banners_7.png","title_text":"L'ATHENE LOYALS Rewards Program","description_text":"As a L'ATHENE LOYALS rewards member, you'll get closer to earning exclusive rewards every time you shop.","join_button_text":"Join now","login_button_text":"Log in","is_previewing_logged_in_state":false,"discover_button_text":"Discover the loyalty program"}},"smile_io_smile_landing_page_how_it_works_X4i8M4":{"type":"shopify:\/\/apps\/smile-io\/blocks\/smile-landing-page-how-it-works\/2fae4e25-1841-4ea2-bc02-bd548478c4f6","settings":{"primary_colour":"#e6ebfc","secondary_colour":"#150e59","title_text":"How it Works","step1_heading_text":"Join","step1_description_text":"Sign up or login to start earning straight away.","step2_heading_text":"Earn","step2_description_text":"Earn points for every dollar spent, plus opportunities to earn bonus rewards!","step3_heading_text":"Redeem","step3_description_text":"Redeem points for discounts on your next purchase."}},"smile_io_smile_landing_page_earning_rule_highlight_dnRwpr":{"type":"shopify:\/\/apps\/smile-io\/blocks\/smile-landing-page-earning-rule-highlight\/2fae4e25-1841-4ea2-bc02-bd548478c4f6","settings":{"primary_colour":"#150e59","secondary_colour":"#fff","image":"shopify:\/\/shop_images\/VITAPURE_Ultra_Antioxidant_Nutrient_Serum.jpg","title_text":"Keep shopping, keep earning.","description_text":"Earn 10 points for every $1 spent when you place an order. Get 50 points by sharing on Facebook or following us on Instagram. Plus, celebrate your birthday with a special bonus of 2,000 points!","button_text":"Ways to earn"}},"smile_io_smile_landing_page_redeeming_rule_highlight_rmkFyR":{"type":"shopify:\/\/apps\/smile-io\/blocks\/smile-landing-page-redeeming-rule-highlight\/2fae4e25-1841-4ea2-bc02-bd548478c4f6","settings":{"primary_colour":"#150e59","secondary_colour":"#fff","image":"shopify:\/\/shop_images\/starter_kit_2.jpg","title_text":"Redeem points for discounts on your next order","description_text":"Your LOYALS points will earn you $5, $10, or even $20 off your next order.","button_text":"Ways to redeem"}}},"block_order":["smile_io_smile_landing_page_header_6A8G3U","smile_io_smile_landing_page_how_it_works_X4i8M4","smile_io_smile_landing_page_earning_rule_highlight_dnRwpr","smile_io_smile_landing_page_redeeming_rule_highlight_rmkFyR"],"custom_css":[".slp_7f5cc2 {background-image: var(--background-image); background-size: cover; background-position: center; background-repeat: no-repeat;}",".slp_a45055,.slp_e6312b {flex: 0 0 50%; display: block !important; object-position: center;}"],"settings":{}},"smile-landing-page":{"type":"smile-landing-page","custom_css":[],"settings":{}}},"order":["1739216460d6a167e3","smile-landing-page"]}