{"sections":{"main":{"type":"main-page","disabled":true,"settings":{"display_title":false,"color_text":"","color_background":"rgba(0,0,0,0)","color_background_gradient":"","padding_top_desktop":64,"padding_bottom_desktop":32,"padding_top_mobile":32,"padding_bottom_mobile":32,"style_line_top":"none","style_line_bottom":"none","color_line":""}},"welome_page_jcjY3f":{"type":"welcome-page","blocks":{"image_text_xHH6H4":{"type":"image-text","settings":{"image-text-header":"<p>L’ATHENE On-Demand Training<\/p>","image-text-text":"<p>A Sell Learning Module for Registered Nurses, Estheticians, Massage Therapists and Medicl, Spa and Salon Personnel <br\/><br\/>WELCOME! This On-Demand Training is training to go-at-your-own-pace comfortably to learn the material that is required to use L'ATHENE Products in your facility.  The training will emphasize the importance of healthy skin therapy and how L'ATHENE can be a successful part of your facility.<br\/><br\/>See Below for the Objectives and Course Outlines.<\/p>","image-text-section-checkbox":false,"image-text-text1":"","image-text-section-sublist-text1":"","image-text-text2":"","image-text-section-sublist-text2":"","btn-checkbox":false,"image-text-section-btn-text":"","image-text-section-url":"","image-text-image":"shopify:\/\/shop_images\/Rectangle_6480_1a5480e0-301a-47aa-9bcd-dc23008de383.png","section_width":"third_one","image-text-section-full-width":""}},"button_box_qX8WPQ":{"type":"button-box","settings":{"button-box-header":"<p>If You Are A New Account:<\/p>","button-box-desc":"","btn-checkbox":false,"button-box-text":"Click Here to Learn More","button-box-url":"#","checkbox":true}},"button_box_CtNCUX":{"type":"button-box","settings":{"button-box-header":"<p>If You Are A Staff Member From An Existing L'athene Account<\/p>","button-box-desc":"","btn-checkbox":false,"button-box-text":"Click Here to Learn More","button-box-url":"","checkbox":false}},"without_card_list_block_mY83Bw":{"type":"without-card-list-block","settings":{"without-card-list-header":"<p>Objectives<\/p>","without-card-list-subheader":"","without-card-list-text":"<ul><li>Learn how L'ATHENE works and why it is unique from other skincare brands<\/li><li>Learn the daily skin system for your clients<\/li><li>Understand how L'ATHENE works for skin types<\/li><li>Gain an understanding of price value<\/li><li>Learn the techniques involved in the L'ATHENE Facials<\/li><\/ul>","sub-list-checkbox":false,"sublist-text":"","checkbox":false,"btn-checkbox":false,"without-card-section-box-text":"","without-card-section-box-url":""}},"with_card_list_block_4JBJmV":{"type":"with-card-list-block","settings":{"with-card-list-header":"<p>Course Outline<\/p>","with-card-list-header-arrow":"<p>Training Module One<\/p>","with-card-list-text":"<ul><li>Causes and Effects of Skin Aging<\/li><li>Chemicals in Skincare<\/li><li>What is Cosmeceutical Skincare?<\/li><li>L'ATHENE Cosmeceutical Nutrient Ingredients<\/li><li>L'ATHENE Purity Processing<\/li><li>L'ATHENE Results<\/li><li>Who should Use L'ATHENE<\/li><li>Must Know Facts about L'ATHENE<\/li><li>L'ATHENE Product Usage Tips<\/li><\/ul>","checkbox":true}},"with_card_list_block_PTeExE":{"type":"with-card-list-block","settings":{"with-card-list-header":"<p>Course Outline<\/p>","with-card-list-header-arrow":"<p>L'ATHENE Facials Video<\/p>","with-card-list-text":"<ul><li>Techniques & Products for Mineral Dermabrasion Facial<\/li><li>Techniques & Products for Rejuvenation Facial<\/li><li>Client Selection<\/li><li>Medications to Avoid<\/li><li>Skin Assessment<\/li><li>Facial Results<\/li><li>Face Zone Diagram Tips<\/li><li>Steamer Usage in the Facials<\/li><li>Tips on Using the Customized Skin Regime Card<\/li><\/ul>","checkbox":false}},"with_card_list_block_HpHJkf":{"type":"with-card-list-block","settings":{"with-card-list-header":"<p>Course Outline<\/p>","with-card-list-header-arrow":"<p>Training Module Two<\/p>","with-card-list-text":"<ul><li>Starter Kits<\/li><li>Products<\/li><li>Dry Skin Enhancers<\/li><li>Oily Skin Enhancers<\/li><li>Breakthrough At-Home Office Treatments<\/li><li>Tips for Recommending L'ATHENE<\/li><\/ul>","checkbox":false}}},"block_order":["image_text_xHH6H4","button_box_qX8WPQ","button_box_CtNCUX","without_card_list_block_mY83Bw","with_card_list_block_4JBJmV","with_card_list_block_PTeExE","with_card_list_block_HpHJkf"],"disabled":true,"settings":{"bg-color":"#fff5f3","text-color":"","padding_top_desktop":52,"padding_bottom_desktop":52,"padding_top_mobile":16,"padding_bottom_mobile":16,"list-image":"shopify:\/\/shop_images\/Rectangle_6475.png","tab1":"Welcome Page","tab2":"Training Certification","tab3":"Training Modules","tab4":"L'ATHENE Facials Video","tab5":"Product Materials","tab6":"Certification Materials"}},"training_certification_page_JqaThM":{"type":"training-certification-page","blocks":{"image_text_7k4Nn7":{"type":"image-text","settings":{"image-text-header":"<p>L’ATHENE Training Certification<\/p>","image-text-text":"<p>This Page Is For New Accounts Only.<br\/><br\/>WELCOME Managers\/Owners!  We are so pleased you are now part of the L'ATHENE family.<br\/><br\/>There Are Two Parts To Complete To Get Your Facility Prepared To Promote L'athene:<br\/><\/p>","image-text-image":"shopify:\/\/shop_images\/Rectangle_6480.jpg","enable_border":false,"section_width":"third_one"}},"icon_text_7xqnKG":{"type":"icon-text","settings":{"heading":"L'ATHENE On-Demand Group Training","content":"<p>a go-at-your-own pace training that is a quick and effective way to train your staff members with easy-to-follow steps.<\/p>","icon":"shopify:\/\/shop_images\/Layer_1.png","heading2":"L'ATHENE Training Certification","content2":"<p>this ensures that your staff receives the knowledge and skills necessary for lasting success with L'ATHENE Retail Sales and Professional Services.<\/p>","icon2":"shopify:\/\/shop_images\/Layer_2.png","bottom_content":"<p>L'ATHENE is an exciting addition to your facility!  This training and certification is a critical step, and your facility will have exceptional L'ATHENE Pure Nutrient Skin Care to offer optimal products and services to your clients and expand your client base.<\/p>"}},"image_text_Y4ne4U":{"type":"image-text","settings":{"image-text-header":"<p>To Get Started:<br\/><\/p>","image-text-text":"<ul><li>Your opening order at wholesale prices include core retail products and professional backbar products (if applicable) and complimentary marketing materials.<\/li><li>Follow the Training Certification Steps (link below) with easy steps for group training with training modules and a video, choosing your own time and location for your group.<\/li><\/ul>","image-text-image":"shopify:\/\/shop_images\/Rectangle_6481.jpg","enable_border":true,"section_width":"half_half"}},"without_card_list_block_FJB33J":{"type":"without-card-list-block","disabled":true,"settings":{"without-card-list-header":"<p>After Training & Certification, You Will Receive:<\/p>","without-card-list-text":"<ul><li>Professional wholesale pricing for future retail & backbar orders at your facility.<\/li><li>One (1) L'ATHENE Certificate of Training Completion, suitable for framing that you may choose to display in your facility.<\/li><li>FREE Trial-Dose Sampler Kits for each staff member who successfully completes the L'ATHENE Training and Quiz.<\/li><\/ul>","checkbox":true}},"column_text_JMAEYx":{"type":"column-text","settings":{"heading":"After Training & Certification, You Will Receive:","text":"<ul><li>Professional wholesale pricing for future retail & backbar orders at your facility.<\/li><li>One (1) L'ATHENE Certificate of Training Completion, suitable for framing that you may choose to display in your facility.<\/li><li>FREE Trial-Dose Sampler Kits for each staff member who successfully completes the L'ATHENE Training and Quiz.<\/li><\/ul>","heading2":"Your Benefits:","text2":"<ul><li>Maximizes retail sales when your staff maximizes their knowledge of L'ATHENE  products and can better present the benefits to your clients.<\/li><li>Maximizes enthusiasm for L'ATHENE when your staff personally experiences the products with the Trial-Dose Sampler Kit.<\/li><li>Maximizes repeat retail sales when your clients are satisfied with their L'ATHENE purchases that have had proper consultation and recommendation.<\/li><li>Maximizes facial room booking by enhancing effective practices and maximizing client results with L'ATHENE facials (when this applies to your facility).<\/li><li>Enhances your facility's reputation when your staff understands the benefits of the brands you carry.<\/li><\/ul>","enable_border":false,"section_width":"third_one"}},"horizontal_button_box_RbFVep":{"type":"horizontal-button-box","settings":{"horizontal-button-box-header":"<p>Steps To Get Started<\/p>","horizontal-button-box-desc":"","btn-checkbox":true,"horizontal-button-box-text":"Training Certification Steps","horizontal-button-box-url":"https:\/\/cdn.shopify.com\/s\/files\/1\/0585\/9727\/7801\/files\/training_certification_steps_1.pdf?v=1722339581","checkbox":false,"image-position":"right","horizontal-btn-box-img":"shopify:\/\/shop_images\/Frame_1000005273_7.png","section_width":"third_one"}}},"block_order":["image_text_7k4Nn7","icon_text_7xqnKG","image_text_Y4ne4U","without_card_list_block_FJB33J","column_text_JMAEYx","horizontal_button_box_RbFVep"],"settings":{"bg-color":"#fff5f3","text-color":"#57573d","padding_top_desktop":32,"padding_bottom_desktop":32,"padding_top_mobile":16,"padding_bottom_mobile":16,"list-image":"shopify:\/\/shop_images\/Rectangle_6475.png","tab1":"Welcome Page","tab2":"Training Certification","tab3":"Training Modules","tab4":"L'ATHENE Facials Video","tab5":"Product Materials","tab6":"Certification Materials"}},"training_footer_section_GY3Td6":{"type":"training-footer-section","blocks":{"skincare_experts_gmpgcd":{"type":"skincare-experts","settings":{"skincare-header":"<p><a href=\"https:\/\/lathene.com\/pages\/about-us\" title=\"https:\/\/lathene.com\/pages\/about-us\">Skincare Experts<\/a><\/p>","skincare-subheader":"<p><a href=\"https:\/\/lathene.com\/pages\/about-us\" title=\"https:\/\/lathene.com\/pages\/about-us\">The Nurse<\/a><\/p>","skincare-main-image":"shopify:\/\/shop_images\/Rectangle_6528.png","skincare-bg-img":"shopify:\/\/shop_images\/Group_1000005304.png"}},"media_kYQX9M":{"type":"media","settings":{"media-header":"<p><a href=\"https:\/\/lathene.com\/pages\/magazines\" title=\"https:\/\/lathene.com\/pages\/magazines\">Media<\/a><\/p>","media-subheader":"<p><a href=\"https:\/\/lathene.com\/pages\/magazines\" title=\"https:\/\/lathene.com\/pages\/magazines\">In The<\/a><\/p>","media-main-image":"shopify:\/\/shop_images\/Group_1000005305.png","media-bg-img":"shopify:\/\/shop_images\/Group_1000005303.png"}},"email_XmHq3d":{"type":"email","settings":{"email-header":"<p><a href=\"https:\/\/lathene.com\/collections\/exclusive-offers\" title=\"https:\/\/lathene.com\/collections\/exclusive-offers\">Offers<\/a><\/p>","email-subheader":"<p><a href=\"https:\/\/lathene.com\/collections\/exclusive-offers\" title=\"https:\/\/lathene.com\/collections\/exclusive-offers\">Exclusive<\/a><\/p>","email-bg-img":"shopify:\/\/shop_images\/Group_1000005251.png"}}},"block_order":["skincare_experts_gmpgcd","media_kYQX9M","email_XmHq3d"],"settings":{"bg-color":"#ffffff","text-color":"#57573d","padding_top_desktop":32,"padding_bottom_desktop":32,"padding_top_mobile":16,"padding_bottom_mobile":16}}},"order":["main","welome_page_jcjY3f","training_certification_page_JqaThM","training_footer_section_GY3Td6"]}