{"sections":{"main":{"type":"main-page","disabled":true,"settings":{"display_title":false,"color_text":"","color_background":"","color_background_gradient":"","padding_top_desktop":64,"padding_bottom_desktop":32,"padding_top_mobile":32,"padding_bottom_mobile":32,"style_line_top":"none","style_line_bottom":"none","color_line":""}},"na_page_template_8KzPng":{"type":"naPageTemplate","blocks":{"richtext_xeGkTx":{"type":"richtext","settings":{"checkbox":false,"title":"Pregnancy","sub-heading":"","desc":"<p>Care of pregnant skin is important... to help reduce stretch marks and create clean, smooth facial skin.<\/p><p>Pregnancy is a wonderful time in a woman's life. However, stretch marks, changes in your facial skin, and a heightened sensitivity to smells are challenges that most women want to reduce.<\/p>","image_pos":"none"}},"products_kRwkbP":{"type":"products","settings":{"title":"","desc":"<h4>Diminish Look of Stretch Marks<\/h4><p>During pregnancy, the skin on the abdomen, breasts, thighs and buttocks has to expand to accommodate the growing baby and the weight gain. Over 90% of pregnant women will experience stretch marks. <a href=\"\/products\/neroli-hand-and-body-nutrient-creme\" title=\"NEROLI Hand and Body Nutrient Creme\">NEROLI Body Silkening Nutrient Crème <\/a>can help! Apply to the abdomen and hips twice daily - this keeps the skin soft, supple, nourished and maximally hydrated which helps reduce the look of stretch marks. If abdomen gets dry from clothing, apply <a href=\"\/products\/extract-dry-skin-hydrating-plant-oil\" title=\"EXTRACT Dry Skin Hydrating Plant Oil\">EXTRACT Dry Skin Hydrating Plant Oil <\/a>which is specifically formulated for challenged dry skin, and then follow with NEROLI Body Silkening Nutrient Creme.<\/p>","pro":"neroli-hand-and-body-nutrient-creme","pro1":"extract-dry-skin-hydrating-plant-oil","pro2":""}},"products_zE9BeD":{"type":"products","settings":{"title":"","desc":"<h4>Minimize Breakouts<\/h4><p>Due to the changes in hormones, skin oil glands often secrete more oil, which can cause more breakouts. Apply <a href=\"\/products\/clarifique-purifying-clay-mask\" title=\"CLARIFIQUE Purifying Clay Mask\">CLARIFIQUE Purifying Clay Mask <\/a>to the breakout area a couple times a week to help reduce the breakouts. You will see cleaner, healthier, more beautiful skin. This soft mineral clay helps to deeply cleanse, detoxify and lift impurities from the skin. Also, you can spot treat an area and sleep in mask overnight, and the area dramatically improves by the morning. Also, <a href=\"\/products\/sr-3-daily-skin-rejuvenation-starter-kit-restore\" title=\"SR-3 Daily Skin Rejuvenation Starter Kit - RESTORE\">SR-3 Skin Rejuvenation Starter Kit <\/a>can help to get your skin back in balance. Included in the kit are 3 pure nutrient products. These 3 simple steps done twice daily can help significantly improve the look of your skin during this challenging time. Products are daily non-detergent cleanser, antioxidant repair serum and hydrating moisturizer. For oil-prone skin, <a href=\"\/products\/citrus-foam-exfoliating-cleanser\" title=\"CITRUS FOAM Exfoliating Cleanser\">CITRUS FOAM Exfoliating Cleanser <\/a>provides deep-pore cleansing and can help minimize excess oil and breakouts.<\/p>","pro":"clarifique-purifying-clay-mask","pro1":"sr-3-daily-skin-rejuvenation-starter-kit-restore","pro2":"citrus-foam-exfoliating-cleanser"}}},"block_order":["richtext_xeGkTx","products_kRwkbP","products_zE9BeD"],"settings":{"bgClr":"#ffffff","tclr":"#3347aa","descClr":"#000000","text1":"","text2":"","title-l":"L'ATHENE's Skin Education Hub","menuList":"new-menu"}}},"order":["main","na_page_template_8KzPng"]}