{"sections":{"main":{"type":"main-page","disabled":true,"settings":{"display_title":false,"color_text":"","color_background":"","color_background_gradient":"","padding_top_desktop":64,"padding_bottom_desktop":32,"padding_top_mobile":32,"padding_bottom_mobile":32,"style_line_top":"none","style_line_bottom":"none","color_line":""}},"rich_text_VpdJw3":{"type":"rich-text","settings":{"icon":"","position_icon":"top","caption":"","heading":"Menopausal Skin","heading_type":"h2","content":"<p>Good skin care choices during this time are essential... to reduce the dryness and dehydration, and increase skin luminosity.<\/p><p>L'ATHENE Pure Nutrient Skin Products help balance, re-hydrate and re-nutrify skin with fatty acids, vitamins, minerals, proteins & antioxidants... creating a smoother, younger-look.<\/p><h3>Hydrate the Facial Skin<\/h3><p>Your skin is your largest organ and requires care to keep it looking its best. Avoid cleansing and toning products that are made with harsh chemicals. These chemicals, found in most skin care brands, even the medical ones, can strip the skin and can cause the skin to overproduce oil. Also, these harsh agents can make the skin look worse. It is best to use products that are effective but non-irritating and work in harmony with the body.<\/p><p>For dry skin, <a href=\"\/products\/ultra-intensive-moisture-therapy\" title=\"ULTRA Intensive Moisture Therapy\">ULTRA Intensive Moisture Therapy<\/a> is filled with proven emollients to help restore the skin's hydration. <a href=\"\/products\/restore-balancing-skin-moisturizer\" title=\"RESTORE Balancing Skin Moisturizer\">RESTORE Balancing Skin Moisturizer<\/a>, a lighter weight formula, helps provide moisture and protection for combination and normal skin types.<\/p>","alignment_text":"left","size_text":"md","color_icon":"","color_border_icon":"","color_text":"","color_border":"","color_background":"","color_background_gradient":"","padding_top_desktop":32,"padding_bottom_desktop":32,"padding_top_mobile":16,"padding_bottom_mobile":16,"style_line_top":"none","style_line_bottom":"none","color_line":"","display_visibility":"hide-no"}},"linkable_image_with_button_M3Uchy":{"type":"linkable-image-with-button","blocks":{"image_Ljb3JD":{"type":"image","settings":{"image":"shopify:\/\/shop_images\/ultra_with_carton_cropped_3caf9766-83b0-42df-848f-382e0227a140.jpg","link":"shopify:\/\/products\/ultra-intensive-moisture-therapy","text-box-title":"ULTRA<br>Intensive Moisture Therapy"}},"image_gG3gKV":{"type":"image","settings":{"image":"shopify:\/\/shop_images\/Restore_with_carton_cropped.jpg","link":"shopify:\/\/products\/restore-balancing-skin-moisturizer","text-box-title":"RESTORE<br>Balancing Skin Moisturizer"}}},"block_order":["image_Ljb3JD","image_gG3gKV"],"settings":{"text-box":""}},"image_with_text_bock_jFyB74":{"type":"image-with-text-bock","blocks":{"image_RthR7d":{"type":"image","settings":{"image":"shopify:\/\/shop_images\/DermaScrub_with_carton_cropped.jpg","link":"shopify:\/\/products\/sr-3-daily-skin-rejuvenation-starter-kit-ultra","text-box-title":"MINERAL DERMA-SCRUB<br>Microdermabrasion At-Home","text-box-content":"<h3>Remove Dead, Dull Cells<\/h3><p>In just TWO minutes, <a href=\"\/products\/mineral-derma-scrub\" title=\"MINERAL DERMA-SCRUB\">MINERAL DERMA-SCRUB<\/a>, L'ATHENE At-Home Microdermabrasion Treatment, can remove dead cells with the same crystals used in doctor's offices for immediate results. Used once or twice a week, this scrub keeps dead cells off the skin's surface, plus helps other skin treatments to absorb more effectively. This deep exfoliation removes dead cells from the skin's surface to allow the fresh, healthier cells to be visible.<\/p>"}}},"block_order":["image_RthR7d"],"settings":{"text-box":""}},"image_with_text_bock_HD3z6f":{"type":"image-with-text-bock","blocks":{"image_R7ALcm":{"type":"image","settings":{"image":"shopify:\/\/shop_images\/Nutriage_with_carton_cropped_6d2ed8ef-d4a7-4cff-a11e-267896310d29.jpg","link":"shopify:\/\/products\/nutriage-total-eye-repair-creme","text-box-title":"NUTRIAGE <br>Total Eye Repair Creme","text-box-content":"<p>Apply <a href=\"\/products\/nutriage-total-eye-repair-creme\" title=\"NUTRIAGE Total Eye Repair Creme\">NUTRIAGE Total Eye repair Creme<\/a> - a powerful antioxidant-rich eye creme which boosts the antioxidant level around eyes to improve tone, softness and help correct lines and wrinkles. Also, this nutrient-rich eye creme can help reduce the redness of the scar following eye lid surgery (blepharoplasty).<\/p><p>Below is a link to an example of results following an injury. This woman was burned when the hot wax from her home spa treatment splattered onto her face.<\/p>"}}},"block_order":["image_R7ALcm"],"settings":{"text-box":""}},"rich_text_jfYaNi":{"type":"rich-text","settings":{"icon":"","position_icon":"top","caption":"","heading":"","heading_type":"h3","content":"<h3>Hydrate the Body<\/h3><p>Apply <a href=\"\/products\/neroli-hand-and-body-nutrient-creme\" title=\"NEROLI Hand and Body Nutrient Creme\">NEROLI Body Silkening Nutrient Crème<\/a> to affected dry body areas. If areas are severely dry or cracked, apply a drop or two of <a href=\"\/products\/extract-dry-skin-hydrating-plant-oil\" title=\"EXTRACT Dry Skin Hydrating Plant Oil\">EXTRACT Dry Skin Hydrating Plant Oil<\/a>, massage gently and follow with NEROLI.<\/p><p>TIP: Avoid petroleum and silicone-based skincare products as they can cause further dryness since they can not be absorbed.<\/p>","alignment_text":"left","size_text":"md","color_icon":"","color_border_icon":"","color_text":"","color_border":"","color_background":"","color_background_gradient":"","padding_top_desktop":32,"padding_bottom_desktop":32,"padding_top_mobile":16,"padding_bottom_mobile":16,"style_line_top":"none","style_line_bottom":"none","color_line":"","display_visibility":"hide-no"}},"linkable_image_with_button_LLN396":{"type":"linkable-image-with-button","blocks":{"image_6NQ9fq":{"type":"image","settings":{"image":"shopify:\/\/shop_images\/Neroli_side_of_cartonA.jpg","link":"shopify:\/\/products\/neroli-hand-and-body-nutrient-creme","text-box-title":"NEROLI <br>Body Silkening Nutrient Creme"}},"image_fgDRAV":{"type":"image","settings":{"image":"shopify:\/\/shop_images\/extract_with_carton_cropped_f1e6ad8b-d534-49ce-be5d-1045ec4eec2b.jpg","link":"shopify:\/\/products\/extract-dry-skin-hydrating-plant-oil","text-box-title":"EXTRACT<br>Dry Skin Hydrating Plant Oil"}}},"block_order":["image_6NQ9fq","image_fgDRAV"],"settings":{"text-box":"Title"}},"rich_text_97yTNr":{"type":"rich-text","settings":{"icon":"","position_icon":"top","caption":"","heading":"","heading_type":"h3","content":"<h3>After Age 35, a Night Creme and a Wrinkle Treatment are a MUST!<\/h3><p>Skin repair is accelerated at night. This makes the night time an extremely valuable treatment time for your skin to visibly correct accumulated sun damage. After age 35, your body AND your skin need MORE!<\/p><p><a href=\"\/products\/rejuvenate-skin-resurfacing-night-creme\" title=\"REJUVENATE Skin Resurfacing Night Creme\">REJUVENATE Skin Resurfacing Night Creme<\/a> helps dissolve those stubborn dead cells on the skin's surface and also stimulates cell renewal so that new healthy cells appear. Glycolic Acids are one of most common treatments used in doctor's offices for anti-aging results. Used daily, it gives your skin a night-time make-over.<\/p>","alignment_text":"left","size_text":"md","color_icon":"","color_border_icon":"","color_text":"","color_border":"","color_background":"","color_background_gradient":"","padding_top_desktop":32,"padding_bottom_desktop":32,"padding_top_mobile":16,"padding_bottom_mobile":16,"style_line_top":"none","style_line_bottom":"none","color_line":"","display_visibility":"hide-no"}},"linkable_image_with_button_tVPMJq":{"type":"linkable-image-with-button","blocks":{"image_cxBUm4":{"type":"image","settings":{"image":"shopify:\/\/shop_images\/rejuvenate_with_carton_cropped_d62d1543-8a7e-433a-a338-12d468ad0e65.jpg","link":"shopify:\/\/products\/rejuvenate-skin-resurfacing-night-creme","text-box-title":"REJUVENATE <br>Skin Resurfacing Night Creme<"}},"image_CktRNX":{"type":"image","disabled":true,"settings":{"image":"shopify:\/\/shop_images\/wrinkle_side_of_carton_for_website_18ce8c34-d110-4dd1-8c24-3a0cff7791af.jpg","link":"shopify:\/\/products\/on-sale-intensive-wrinkle-treatment","text-box-title":"INTENSIVE WRINKLE TREATMENT"}}},"block_order":["image_cxBUm4","image_CktRNX"],"settings":{"text-box":"Title"}},"image_with_text_bock_7twkAz":{"type":"image-with-text-bock","blocks":{"image_8g9Vnz":{"type":"image","settings":{"image":"shopify:\/\/shop_images\/Vitapure_thumb_1.jpg","link":"shopify:\/\/products\/mineral-derma-scrub","text-box-title":"VITAPURE<br>Ultra Antioxidant Nutrient Serum","text-box-content":"<h3>Replenish Depleted Vital Skin Nutrients... Lost with Age<\/h3><p>Antioxidants are nutrients that have been proven to be very effective to help reduce signs of aging such as lines, wrinkles and collagen loss. Apply <a href=\"\/products\/vitapure-ultra-antioxidant-nutrient-serum\" title=\"VITAPURE Ultra Antioxidant Nutrient Serum\">VITAPURE Ultra Antioxidant Nutrient Serum<\/a> to the face and neck twice daily after cleansing. Skin will feel a tingling sensation which is normal since VITAPURE is very active and absorbs quickly.<\/p>"}}},"block_order":["image_8g9Vnz"],"settings":{"text-box":""}},"image_with_text_bock_VkM9e3":{"type":"image-with-text-bock","blocks":{"image_kUBVLj":{"type":"image","settings":{"image":"shopify:\/\/shop_images\/Primesse_5oz_with_carton_2.jpg","link":"","text-box-title":"PRIMESSE<br>Essential Facial Cleanser","text-box-content":"<h3>A Skin Regime Works Best<\/h3><p>The best way to keep the skin healthy and nourished during this time is to use <a href=\"\/products\/sr-3-daily-skin-rejuvenation-starter-kit-restore\" title=\"SR-3 Daily Skin Rejuvenation Starter Kit - RESTORE\">SR-3 Skin Rejuvenation Starter Kit<\/a>, which includes the three daily basics of a cleanser, antioxidant serum and moisturizer. For added protection of the fragile skin around the eyes, <a href=\"\/products\/nutriage-total-eye-repair-creme\" title=\"NUTRIAGE Total Eye Repair Creme\">NUTRIAGE Total Eye Repair Creme<\/a> targets the puffiness, lines, dryness, dark circles and firmness. This 5-in-1 Antioxidant Eye Creme restores a bright-eyed look.<\/p>"}}},"block_order":["image_kUBVLj"],"settings":{"text-box":""}},"rich_text_xRfBn7":{"type":"rich-text","settings":{"icon":"","position_icon":"top","caption":"","heading":"","heading_type":"h2","content":"<h3>After Age 35, a Night Creme and a Wrinkle Treatment are a MUST!<\/h3><p>Skin repair is accelerated at night. This makes the night time an extremely valuable treatment time for your skin to visibly correct accumulated sun damage. After age 35, your body AND your skin need MORE!<\/p><p><a href=\"\/products\/rejuvenate-skin-resurfacing-night-creme\" title=\"REJUVENATE Skin Resurfacing Night Creme\">REJUVENATE Skin Resurfacing Night Creme<\/a> helps dissolve those stubborn dead cells on the skin's surface and also stimulates cell renewal so that new healthy cells appear. Glycolic Acids are one of most common treatments used in doctor's offices for anti-aging results. Used daily, it gives your skin a night-time make-over.<\/p>","alignment_text":"left","size_text":"md","color_icon":"","color_border_icon":"","color_text":"","color_border":"","color_background":"","color_background_gradient":"","padding_top_desktop":32,"padding_bottom_desktop":32,"padding_top_mobile":16,"padding_bottom_mobile":16,"style_line_top":"none","style_line_bottom":"none","color_line":"","display_visibility":"hide-no"}},"linkable_image_with_button_CAeEEp":{"type":"linkable-image-with-button","blocks":{"image_C7yr9r":{"type":"image","settings":{"image":"shopify:\/\/shop_images\/sr3_Restore_1122_cropped_b_1_ce8ed2e5-3572-4e98-8c1a-def48ed79957.jpg","link":"shopify:\/\/products\/sr-3-daily-skin-rejuvenation-starter-kit-restore","text-box-title":"SR-3 Skin Rejuvenation Starter Kit"}},"image_Ea7ydD":{"type":"image","settings":{"image":"shopify:\/\/shop_images\/Nutriage_with_carton_cropped_6d2ed8ef-d4a7-4cff-a11e-267896310d29.jpg","link":"shopify:\/\/products\/nutriage-total-eye-repair-creme","text-box-title":"NUTRIAGE <br>Total Eye Repair Creme"}}},"block_order":["image_C7yr9r","image_Ea7ydD"],"settings":{"text-box":"Title"}},"image_with_text_bock_6RdrND":{"type":"image-with-text-bock","blocks":{"image_W3wVfp":{"type":"image","settings":{"image":"shopify:\/\/shop_images\/Clarifique_with_carton_cropped_74b972ab-0ea7-4329-b451-47057889c808.jpg","link":"","text-box-title":"CLARIFIQUE <br>Purifying Clay Mask","text-box-content":"<h3>Keep the Oil in Balance... and Breakouts Away<\/h3><p>During menopause, it is common for many women to experience oily skin, breakouts and enlarged pores in the T-Zone, and dryness in the cheek areas. This is especially true for those who had oilier skin in their younger years. <a href=\"\/products\/clarifique-purifying-clay-mask\" title=\"CLARIFIQUE Purifying Clay Mask\">CLARIFIQUE Purifying Clay Mask<\/a> can help minimize surface oil and bacteria while also softening any blackheads. Used 2 or 3 times a week will help to keep skin clear and balanced-looking and, if hormonal breakouts do occur, it will lessen their duration.<\/p>"}}},"block_order":["image_W3wVfp"],"settings":{"text-box":""}},"rich_text_PwbJrY":{"type":"rich-text","settings":{"icon":"","position_icon":"top","caption":"","heading":"Additional Information","heading_type":"h2","content":"<h3>Avoid Products with Harsh Chemicals<\/h3><p>With age, many women become more sensitive to harsh chemicals in skincare. Almost all skincare, including medical skincare brands, contain standard cosmetic chemicals such as harsh alcohols, petroleum-derivatives, detergents, and many other skin irritating ingredients. This can be particularly challenging in menopausal years when your body needs MORE to function at its best. Also, many of these chemical ingredients add to the dryness issues and the oil imbalance issues. Additionally, blood vessels in the face may become more prominent at this time, so reducing exposure to chemical irritants is critical.<\/p><p>Choosing skincare products that are non-irritating is important. L'ATHENE products contain the highest-quality vitamins, minerals, proteins and fatty acids that are nourishing, mild and non-irritating.<\/p><p>Become a label reader. Avoid products with irritating chemical ingredients. Also drink more water to flush any toxins out of the body. <a href=\"\/pages\/why-choose-lathene\" title=\"Why Choose L'ATHENE\">Read more about the ingredients in L'ATHENE products.<\/a><\/p><p>TIP: Use a natural, non-detergent shampoo on your hair to avoid exposure on your face to potentially irritating ingredients. Cleanse in the shower using only detergent-free shampoos on your body and hair. After showering or cleansing the face, applying moisturizers to the face and body for hydration is important.<\/p><h3>Protect Skin from Sun Exposure<\/h3><p>During menopause, pigmentation changes on the skin can happen. These can be seen as brown or dark spots and\/or patches on the sides of the face, as well as around the lips. These changes are triggered due to shifts in hormone levels. The easiest way to minimize the changes in skin tone and color is to always wear antioxidant skincare products followed by a sunblock and reapply often. Antioxidants are proven to reverse the damage caused by free radicals from the sun, stress, aging, smoking and environmental exposure.<\/p><p><a href=\"\/pages\/helpful-tips\" title=\"HELPFUL TIPS\">Click here for more information about sun protection.<\/a> It is best to use products specifically made for sun protection only, with a sun block of SPF 30 or more.<\/p><p>Bleaching cremes, gels and laser treatments are also widely used to correct pigmentation issues, and can be successful, however, it is very important to be diligent about using sun block following these products\/procedures to avoid the rebounding effect of increased pigmentation.<\/p><h3>Eat a Balanced Diet & Exercise<\/h3><p>Many experts feel that menopause is similar to puberty since both have a multitude of changes occurring in the body. It is just as important to eat a healthy diet in menopause as it was when we were going through puberty. While the body can rebalance from small or infrequent shifts in nutrition and hydration due to changes in appetite, frequent or prolonged unhealthy dietary changes can negatively impact the body at this challenging time. Get rest, eat antioxidant foods and drink plenty of water. Exercise 3 times a week for at least 15 minutes. Walking or enjoying the outdoors is also a great way to relieve stress and keep you looking and feeling younger.<\/p><h3>More about Menopause<\/h3><p>During the late 30's, a woman's skin cell turnover begins to slow down. This causes dead, dull skin cells to build up on the surface of skin. The combination of dead surface cells plus the thinning out of the skin causes a decrease in skin's ability to retain moisture and an overall dull appearance of the skin. Fatty acids can powerfully help by replenishing the skin's moisture loss and providing needed emolliency.<\/p><p>At some point in the 40's or 50's, every woman will experience menopause. Estrogen loss can make the skin look and feel drier, dull and wrinkled. Additionally, changes in estrogen affect collagen breakdown, pore size, pigmentation, skin tone changes and thinning of skin. L'ATHENE offers a complete line of natural skincare treatments that nourish and support menopausal skin so that it looks its most healthy and vibrant.<\/p><p>The terms 'menopausal', 'going through menopause' and 'the change' are used to describe this time. This marks the end of the female reproductive cycle. Although a woman's body starts to produce lower hormone levels in her 30's, the symptoms associated with this time do not appear until 40's. Peri-menopause is that time from the onset of lower hormone levels (30's) up to twelve months after the last menstrual period. After one year of no menses, menopause is said to be complete. During peri and menopausal time, the hormone levels continue to decrease. The loss of the estrogen level contributes most to the changes in the skin.<\/p><p>Without proper care during this time and after, the skin will continue to deteriorate. Although this is a challenging time in many women's lives, these key steps can lessen the impact of menopause on skin and beauty.<\/p>","alignment_text":"left","size_text":"md","color_icon":"","color_border_icon":"","color_text":"","color_border":"","color_background":"","color_background_gradient":"","padding_top_desktop":32,"padding_bottom_desktop":32,"padding_top_mobile":16,"padding_bottom_mobile":16,"style_line_top":"none","style_line_bottom":"none","color_line":"","display_visibility":"hide-no"}}},"order":["main","rich_text_VpdJw3","linkable_image_with_button_M3Uchy","image_with_text_bock_jFyB74","image_with_text_bock_HD3z6f","rich_text_jfYaNi","linkable_image_with_button_LLN396","rich_text_97yTNr","linkable_image_with_button_tVPMJq","image_with_text_bock_7twkAz","image_with_text_bock_VkM9e3","rich_text_xRfBn7","linkable_image_with_button_CAeEEp","image_with_text_bock_6RdrND","rich_text_PwbJrY"]}