{"sections":{"main":{"type":"main-page","disabled":true,"settings":{"display_title":false,"color_text":"","color_background":"","color_background_gradient":"","padding_top_desktop":64,"padding_bottom_desktop":32,"padding_top_mobile":32,"padding_bottom_mobile":32,"style_line_top":"none","style_line_bottom":"none","color_line":""}},"na_page_template_HMtdYM":{"type":"naPageTemplate","blocks":{"richtext_qgVxhG":{"type":"richtext","settings":{"checkbox":false,"title":"Minor Burns","sub-heading":"","desc":"<p>L'ATHENE offers a complete natural skincare regimen... to support newly healed burned skin to help calm and soothe your skin.<\/p><p>Newly healed burn skin is fragile and prone to three big issues: dryness, sun sensitivity and irritation. Good skincare daily is a high priority so that you help calm, hydrate and not further irritate skin. When your physician says your treated skin is ready for skincare, here are helpful guidelines.<\/p>","image_pos":"none"}},"richtext_beqBq7":{"type":"richtext","settings":{"checkbox":false,"title":"","sub-heading":"","desc":"<h4>Hydrate, Calm and Nutrify the Skin<\/h4><p><em>\"VITAPURE Serum is amazing. Not only do I see all the great changes it has made on my face, I used it last week to help a burn on my daughter's neck from a curling iron. It looked great in 2 days. Amazing!\"<\/em> Jill D. Muncie, IN.<\/p><p>Newly healed burn skin can become very dry! Dryness contributes to a weakening of skin which can cause more irritation and potential susceptibility to infections. Moisturizing is critical for new healed burn sufferers. Also, to maximally nourish and restore skin health, antioxidants have been proven to be effective. \"Antioxidants have been shown to enhance healing of wounds by reducing free radical damage,\" according to a study done on laser resurfaced skin using topical antioxidants (Dermatologic Surgery Journal, June 1998, DH McDaniel).<\/p><p>Apply <a href=\"\/products\/vitapure-ultra-antioxidant-nutrient-serum\" title=\"VITAPURE Ultra Antioxidant Nutrient Serum\">VITAPURE Ultra Antioxidant Nutrient Serum<\/a> to challenged areas 3 times a day. Put VITAPURE Serum on after cleansing. Then, gently massage in a drop or two of <a href=\"\/products\/extract-dry-skin-hydrating-plant-oil\" title=\"EXTRACT Dry Skin Hydrating Plant Oil\">EXTRACT Dry Skin Hydrating Plant Oil<\/a> 3-5 times a day as needed.<\/p>","image_pos":"none"}},"products_zfn8Hc":{"type":"products","settings":{"title":"","desc":"","pro":"vitapure-ultra-antioxidant-nutrient-serum","pro1":"extract-dry-skin-hydrating-plant-oil","pro2":""}},"products_6FPEfn":{"type":"products","settings":{"title":"","desc":"<p>Once oil is absorbed, to maximally hydrate and nourish the skin, apply 2-3 times daily <a href=\"\/products\/ultra-intensive-moisture-therapy\" title=\"ULTRA Intensive Moisture Therapy\">RESTORE or ULTRA Moisturizers<\/a> to the affected facial areas and <a href=\"\/products\/neroli-hand-and-body-nutrient-creme\" title=\"NEROLI Hand and Body Nutrient Creme\">NEROLI Body Silkening Nutrient Crème<\/a> to the affected body areas.<\/p><p>TIP: Avoid powders and perfumes as they may cause more dryness and can irritate.<\/p>","pro":"neroli-hand-and-body-nutrient-creme","pro1":"","pro2":""}},"image_text_Tx88zp":{"type":"imageText","settings":{"title":"","desc":"<h4>Avoid Further Dryness and Itchiness<\/h4><p>Newly burned skin can be itchy as well as dry. For facial cleansing, almost all cleansers and soaps are made with harsh detergents - even medical brands - which can strip the skin of its natural oils making it more prone to dryness, itching and flaking.<\/p><p>For gentle, non-irritating facial cleansing, use <a href=\"\/products\/primesse-essential-facial-cleanser\" title=\"PRIMESSE Essential Facial Cleanser\">PRIMESSE Essential Facial Cleanser<\/a>, a mild non-detergent facial cleanser that will not strip the skin and keeps skin balanced and healthier. Avoid ingredients like Sodium Lauryl Sulfates or other Sulfates in facial cleansers and shampoos.<\/p>","product":"primesse-essential-facial-cleanser"}}},"block_order":["richtext_qgVxhG","richtext_beqBq7","products_zfn8Hc","products_6FPEfn","image_text_Tx88zp"],"settings":{"bgClr":"#ffffff","tclr":"#3347aa","descClr":"#000000","text1":"","text2":"","title-l":"L'ATHENE's Skin Education Hub","menuList":"new-menu"}}},"order":["main","na_page_template_HMtdYM"]}