{"sections":{"main":{"type":"main-page","disabled":true,"settings":{"display_title":false,"color_text":"","color_background":"","color_background_gradient":"","padding_top_desktop":64,"padding_bottom_desktop":32,"padding_top_mobile":32,"padding_bottom_mobile":32,"style_line_top":"none","style_line_bottom":"none","color_line":""}},"na_page_template_eFayXP":{"type":"naPageTemplate","blocks":{"richtext_BqWKYP":{"type":"richtext","settings":{"checkbox":false,"title":"Scars","sub-heading":"","desc":"<p>L'ATHENE Pure Nutrient Skin Treatments help... to soften and lighten the look of old and new scars. Also minimizes redness and irritation. Soothes and calms skin. And maximally nourishes this skin that needs added support.<\/p><p>Implement skincare as soon as possible, once your physician says you are ready for skincare. Scar tissue is not identical to the normal skin that it replaces. It is generally inferior in appearance and functional quality. Therefore, it needs more care to function normally. If the scar is on the face, begin a regime with L'ATHENE SR-3 Daily Skin Rejuvenation Kit.<\/p>","image_pos":"none"}},"image_text_YMAVqb":{"type":"imageText","settings":{"title":"Reduce the Look of Redness of the Scar on the Face","desc":"<p>Starting on a regime of effective daily care is a great way to protect your skin. The <a href=\"\/products\/sr-3-daily-skin-rejuvenation-starter-kit-restore\" title=\"SR-3 Daily Skin Rejuvenation Starter Kit - RESTORE\">SR-3 Skin Rejuvenation Starter Kit<\/a> is a three-step kit to treat and protect skin in an effective, non-irritating way. First is cleansing the skin twice daily with a good non-detergent cleanser. Next, apply the nutrient serum, thin layer, to entire face and add an extra layer to the scarred area. Antioxidants can help improve the appearance of damaged skin and improve elasticity and tone. Next, follow with the moisturizer to hydrate and protect skin. Add sunscreen last.<\/p>","product":"sr-3-daily-skin-rejuvenation-starter-kit-restore"}},"image_text_3VUPr3":{"type":"imageText","settings":{"title":"","desc":"<p>Apply <a href=\"\/products\/nutriage-total-eye-repair-creme\" title=\"NUTRIAGE Total Eye Repair Creme\">NUTRIAGE Total Eye repair Creme<\/a> - a powerful antioxidant-rich eye creme which boosts the antioxidant level around eyes to improve tone, softness and help correct lines and wrinkles. Also, this nutrient-rich eye creme can help reduce the redness of the scar following eye lid surgery (blepharoplasty).<\/p><p>Below is a link to an example of results following an injury. This woman was burned when the hot wax from her home spa treatment splattered onto her face.<\/p><h4>Before and After Photo<\/h4>","after_img_2":"shopify:\/\/shop_images\/HomeSpaWaxBurn800.jpg","product":"nutriage-total-eye-repair-creme"}},"products_jP8dWX":{"type":"products","settings":{"title":"On the Body, Reduce the Look of Redness of the Scar","desc":"<p>For scars on the body, use a natural, non-detergent shampoo on your body and hair to avoid exposure of your skin to potentially irritating ingredients. After showering apply <a href=\"\/products\/vitapure-ultra-antioxidant-nutrient-serum\" title=\"VITAPURE Ultra Antioxidant Nutrient Serum\">VITAPURE Ultra Antioxidant Nutrient Serum<\/a> to body scarred area and follow with <a href=\"\/products\/neroli-hand-and-body-nutrient-creme\" title=\"NEROLI Hand and Body Nutrient Creme\">NEROLI Body Silkening Nutrient Crème<\/a>. If scar has a scabbed area, after adding antioxidant serum, add a drop of <a href=\"\/products\/extract-dry-skin-hydrating-plant-oil\" title=\"EXTRACT Dry Skin Hydrating Plant Oil\">EXTRACT Dry Skin Hydrating Plant Oil<\/a>. Follow with NEROLI. Always cover with a sun block. In the presence of UV light, scarred skin can accumulate pigment and can become unsightly.<\/p><p>Below is a link to a surgical scar from a knee replacement. This woman used the L'ATHENE products on the incision line.<\/p><p><a href=\"https:\/\/cdn.shopify.com\/s\/files\/1\/0585\/9727\/7801\/files\/KneeReplacement800_b90726a3-21c7-4ad3-91b7-e4dd5fddfce1.jpg?v=1718969637\" title=\"https:\/\/cdn.shopify.com\/s\/files\/1\/0585\/9727\/7801\/files\/KneeReplacement800_b90726a3-21c7-4ad3-91b7-e4dd5fddfce1.jpg?v=1718969637\">Before and After Photo<\/a><\/p>","after_img":"shopify:\/\/shop_images\/Scar_Treatment_Near_Me_-_Scar_Cream_Treatment_Options.jpg","pro":"vitapure-ultra-antioxidant-nutrient-serum","pro1":"neroli-hand-and-body-nutrient-creme","pro2":"extract-dry-skin-hydrating-plant-oil"}},"products_HBNJ4R":{"type":"products","settings":{"title":"Keep Optimally Supporting Skin that Has Been Altered","desc":"<p>L'ATHENE products are nutritive and are very helpful to support 'injured' skin. These powerful products are formulated with high-quality nutrients that are nourishing, mild and non-irritating. They work in harmony WITH the body to TRULY nourish skin for the best health and best results in ALL ways for you! <a href=\"\/products\/sr-3-daily-skin-rejuvenation-starter-kit-restore\" title=\"SR-3 Daily Skin Rejuvenation Starter Kit - RESTORE\">SR-3 Skin Rejuvenation Starter Kit<\/a> is a great way to start for the face and <a href=\"\/products\/neroli-hand-and-body-nutrient-creme\" title=\"NEROLI Hand and Body Nutrient Creme\">NEROLI Body Silkening Nutrient Crème<\/a> for the body. L'ATHENE products help to optimally support skin that has been altered. If scar has a scabbed area, after adding antioxidant serum, add a drop of <a href=\"\/products\/extract-dry-skin-hydrating-plant-oil\" title=\"EXTRACT Dry Skin Hydrating Plant Oil\">EXTRACT Dry Skin Hydrating Plant Oil<\/a>. Follow with NEROLI.<\/p>","pro":"sr-3-daily-skin-rejuvenation-starter-kit-restore","pro1":"neroli-hand-and-body-nutrient-creme","pro2":"extract-dry-skin-hydrating-plant-oil"}},"image_text_NzzAWU":{"type":"imageText","settings":{"title":"Exfoliate... Those Older Scars","desc":"<p>For older scars that are sunken below the skin surface or raised above the surface, gentle exfoliation with <a href=\"\/products\/mineral-derma-scrub\" title=\"MINERAL DERMA-SCRUB\">MINERAL DERMA-SCRUB <\/a>stimulates collagen re-building and helps to remove the dead surface cells. A routine of gentle exfoliation and good skin care for 90 days will help you to achieve your best result. If after this time, you desire more changes for your old scar, a physician may be able to recommend collagen injections or laser therapy as a solution. Keep using pure nutrient skin care during these secondary treatments.<\/p>","product":"mineral-derma-scrub"}},"products_TGVi7H":{"type":"products","settings":{"title":"Use L'ATHENE Products Two Weeks in Advance of Radiation... to Maximize Skin Health","desc":"<p>To keep your skin in the best health possible prior to radiation, for the face, use <a href=\"\/products\/sr-3-daily-skin-rejuvenation-starter-kit-ultra\" title=\"SR-3 Daily Skin Rejuvenation Starter Kit - ULTRA\">SR-3 Skin Rejuvenation Starter Kit - ULTRA<\/a> and, for the body, use<a href=\"\/products\/neroli-hand-and-body-nutrient-creme\" title=\"NEROLI Hand and Body Nutrient Creme\"> NEROLI Body Silkening Nutrient Creme<\/a>... on and around areas that are to be irradiated. Use 2 times a day everyday 2 weeks prior to your first treatment.<\/p>","pro":"sr-3-daily-skin-rejuvenation-starter-kit-restore","pro1":"mineral-derma-scrub","pro2":"citrus-foam-exfoliating-cleanser"}}},"block_order":["richtext_BqWKYP","image_text_YMAVqb","image_text_3VUPr3","products_jP8dWX","products_HBNJ4R","image_text_NzzAWU","products_TGVi7H"],"settings":{"bgClr":"#ffffff","tclr":"#3347aa","descClr":"#000000","text1":"","text2":"","title-l":"L'ATHENE's Skin Education Hub","menuList":"new-menu"}}},"order":["main","na_page_template_eFayXP"]}