{"sections":{"main":{"type":"main-page","disabled":true,"settings":{"display_title":false,"color_text":"","color_background":"","color_background_gradient":"","padding_top_desktop":64,"padding_bottom_desktop":32,"padding_top_mobile":32,"padding_bottom_mobile":32,"style_line_top":"none","style_line_bottom":"none","color_line":""}},"rich_text_nN8KYz":{"type":"rich-text","settings":{"icon":"","position_icon":"top","caption":"","heading":"Minor Burns","heading_type":"h2","content":"<p>L'ATHENE offers a complete natural skincare regimen... to support newly healed burned skin to help calm and soothe your skin.<\/p><p>Newly healed burn skin is fragile and prone to three big issues: dryness, sun sensitivity and irritation. Good skincare daily is a high priority so that you help calm, hydrate and not further irritate skin. When your physician says your treated skin is ready for skincare, here are helpful guidelines.<\/p><h3>Hydrate, Calm and Nutrify the Skin<\/h3><p><em>\"VITAPURE Serum is amazing. Not only do I see all the great changes it has made on my face, I used it last week to help a burn on my daughter's neck from a curling iron. It looked great in 2 days. Amazing!\"<\/em> Jill D. Muncie, IN.<\/p><p>Newly healed burn skin can become very dry! Dryness contributes to a weakening of skin which can cause more irritation and potential susceptibility to infections. Moisturizing is critical for new healed burn sufferers. Also, to maximally nourish and restore skin health, antioxidants have been proven to be effective. \"Antioxidants have been shown to enhance healing of wounds by reducing free radical damage,\" according to a study done on laser resurfaced skin using topical antioxidants (Dermatologic Surgery Journal, June 1998, DH McDaniel).<\/p><p>Apply <a href=\"\/products\/vitapure-ultra-antioxidant-nutrient-serum\" title=\"VITAPURE Ultra Antioxidant Nutrient Serum\">VITAPURE Ultra Antioxidant Nutrient Serum<\/a> to challenged areas 3 times a day. Put VITAPURE Serum on after cleansing. Then, gently massage in a drop or two of <a href=\"\/products\/extract-dry-skin-hydrating-plant-oil\" title=\"EXTRACT Dry Skin Hydrating Plant Oil\">EXTRACT Dry Skin Hydrating Plant Oil<\/a> 3-5 times a day as needed.<\/p>","alignment_text":"left","size_text":"md","color_icon":"","color_border_icon":"","color_text":"","color_border":"","color_background":"","color_background_gradient":"","padding_top_desktop":32,"padding_bottom_desktop":32,"padding_top_mobile":16,"padding_bottom_mobile":16,"style_line_top":"none","style_line_bottom":"none","color_line":"","display_visibility":"hide-no"}},"linkable_image_with_button_BBrFCi":{"type":"linkable-image-with-button","blocks":{"image_KBBWa9":{"type":"image","settings":{"image":"shopify:\/\/shop_images\/Vitapure_thumb_1.jpg","link":"shopify:\/\/products\/vitapure-ultra-antioxidant-nutrient-serum","text-box-title":"VITAPURE<br>Ultra Antioxidant Nutrient Serum"}},"image_bja4gd":{"type":"image","settings":{"image":"shopify:\/\/shop_images\/extract_with_carton_cropped_f1e6ad8b-d534-49ce-be5d-1045ec4eec2b.jpg","link":"shopify:\/\/products\/extract-dry-skin-hydrating-plant-oil","text-box-title":"EXTRACT<br>Dry Skin Hydrating Plant Oil"}}},"block_order":["image_KBBWa9","image_bja4gd"],"settings":{"text-box":""}},"rich_text_hbU4Rj":{"type":"rich-text","settings":{"icon":"","position_icon":"top","caption":"","heading":"","heading_type":"h2","content":"<p>Once oil is absorbed, to maximally hydrate and nourish the skin, apply 2-3 times daily <a href=\"\/products\/ultra-intensive-moisture-therapy\" title=\"ULTRA Intensive Moisture Therapy\">RESTORE or ULTRA Moisturizers<\/a> to the affected facial areas and <a href=\"\/products\/neroli-hand-and-body-nutrient-creme\" title=\"NEROLI Hand and Body Nutrient Creme\">NEROLI Body Silkening Nutrient Crème<\/a> to the affected body areas.<\/p><p>TIP: Avoid powders and perfumes as they may cause more dryness and can irritate.<\/p>","alignment_text":"left","size_text":"md","color_icon":"","color_border_icon":"","color_text":"","color_border":"","color_background":"","color_background_gradient":"","padding_top_desktop":32,"padding_bottom_desktop":32,"padding_top_mobile":16,"padding_bottom_mobile":16,"style_line_top":"none","style_line_bottom":"none","color_line":"","display_visibility":"hide-no"}},"linkable_image_with_button_MMdrGE":{"type":"linkable-image-with-button","blocks":{"image_q7MUkA":{"type":"image","settings":{"image":"shopify:\/\/shop_images\/Restore_with_carton_cropped.jpg","link":"shopify:\/\/products\/restore-balancing-skin-moisturizer","text-box-title":"RESTORE or ULTRA<br>Moisturizers"}},"image_fAU6d7":{"type":"image","settings":{"image":"shopify:\/\/shop_images\/Neroli_side_of_cartonA.jpg","link":"shopify:\/\/products\/neroli-hand-and-body-nutrient-creme","text-box-title":"NEROLI <br>Body Silkening Nutrient Creme"}}},"block_order":["image_q7MUkA","image_fAU6d7"],"settings":{"text-box":"Title"}},"image_with_text_bock_WR8get":{"type":"image-with-text-bock","blocks":{"image_xcBpK6":{"type":"image","settings":{"image":"shopify:\/\/shop_images\/Primesse_5oz_with_carton_2.jpg","link":"shopify:\/\/products\/primesse-essential-facial-cleanser","text-box-title":"PRIMESSE<br>Essential Facial Cleanser","text-box-content":"<h3>Avoid Further Dryness and Itchiness<\/h3><p>Newly burned skin can be itchy as well as dry. For facial cleansing, almost all cleansers and soaps are made with harsh detergents - even medical brands - which can strip the skin of its natural oils making it more prone to dryness, itching and flaking.<\/p><p>For gentle, non-irritating facial cleansing, use <a href=\"https:\/\/www.lathene.com\/primesseessentialfacialcleanser.aspx\">PRIMESSE Essential Facial Cleanser<\/a>, a mild non-detergent facial cleanser that will not strip the skin and keeps skin balanced and healthier. Avoid ingredients like Sodium Lauryl Sulfates or other Sulfates in facial cleansers and shampoos.<\/p>"}}},"block_order":["image_xcBpK6"],"settings":{"text-box":""}},"rich_text_XR8qVU":{"type":"rich-text","settings":{"icon":"","position_icon":"top","caption":"","heading":"Additional Information","heading_type":"h2","content":"<p>Minor burns are tissue injuries from hot liquids, sunlight, steam, curling irons, wind, razors or chemicals. These burns can cause redness, swelling, blisters, minor pain at the site and skin loss. Once the skin is newly healed, if you notice signs of infection, additional redness, pain, swelling, or an elevation in body temperature, a physician should be consulted promptly.<\/p><h3>Avoid Skincare with Harsh Cosmetic Chemicals... which can Potentially Irritate Fragile Skin<\/h3><p>You do not want to compromise your skin with the wrong skincare choices. Chemicals in skincare can be very irritating to this fragile skin causing further dryness, redness, inflammation or discomfort. Almost all skincare, including medical skincare brands, contain harsh alcohols, petroleum-derivatives, detergents, and many other skin irritating ingredients. This also includes many skincare products that claim they are good for sensitive skin. Choosing skincare products that are non-irritating is important. Become a label reader. <a href=\"\/pages\/why-choose-lathene\" title=\"Why Choose L'ATHENE\">Read more about the ingredients in L'ATHENE products.<\/a><\/p><p>L'ATHENE Pure Nutrient Skin Products are helpful for those with fragile skin. The high quality vitamins, minerals, proteins and fatty acids are nourishing, mild and non-irritating.<\/p><h3>Avoid Direct Sun Exposure<\/h3><p>Burned skin is more prone to sun sensitivity and therefore susceptible to sunburn. Minimize your sun exposure on challenged areas. It is best to use products specifically made for sun protection only, with a sun block of SPF 30 or more. <a href=\"\/pages\/helpful-tips\" title=\"HELPFUL TIPS\">Click here for more information about sun protection.<\/a><\/p><h3>Eat Antioxidant Foods<\/h3><p>Antioxidants in foods are important to maximize skin health with burns. \"Patients admitted to the hospital with burns may reduce the time of wound healing by supplementing with antioxidants such as Vitamins C, E, and Zinc,\" according to a study with burn patients receiving antioxidant supplements (Journal of Burn Care, Aug 17, 2009, E. Barbosa).<\/p><p>Foods such as blueberries, blackberries, cherries, citrus foods, grapes, raspberries, spinach, artichokes, peppers, kale and apricots are high in antioxidants. Green tea is too.<\/p>","alignment_text":"left","size_text":"md","color_icon":"","color_border_icon":"","color_text":"","color_border":"","color_background":"","color_background_gradient":"","padding_top_desktop":32,"padding_bottom_desktop":32,"padding_top_mobile":16,"padding_bottom_mobile":16,"style_line_top":"none","style_line_bottom":"none","color_line":"","display_visibility":"hide-no"}}},"order":["main","rich_text_nN8KYz","linkable_image_with_button_BBrFCi","rich_text_hbU4Rj","linkable_image_with_button_MMdrGE","image_with_text_bock_WR8get","rich_text_XR8qVU"]}