{"sections":{"banner_7eVgA9":{"type":"banner","blocks":{"banner_kczUr3":{"type":"banner","settings":{"start_date":"","end_date":"","ratio_block":"landscape","ratio_block_mobile":"square","alignment_vertical_dsk":false,"alignment_vertical":"center","alignment_horizontal":"left","icon":"","caption":"","heading":"","heading_type":"h2","flex-col-checkbox":false,"subheading":"","subheading-first-banner-checkbox":false,"subheading-first-banner":"","button_url":"","button_text":"Button text","style_button":"primary","style_link":"link-block","width_image":400,"fit_object":"cover","image_background":"shopify:\/\/shop_images\/L_athene_banners_1.jpg","image_background_mobile":"shopify:\/\/shop_images\/L_athene_banners_Mobile_Sized_700_x_700_px_6.png","color_background":"","color_background_gradient":"","color_icon":"","color_text":"rgba(0,0,0,0)","color_subheading":"","color_overlay":"","color_overlay_gradient":"","opacity_overlay":0,"padding_top_desktop":0,"padding_bottom_desktop":0,"padding_top_mobile":0,"padding_bottom_mobile":0,"style_line_top":"none","style_line_bottom":"none","color_line":"","display_visibility":"hide-no"}}},"block_order":["banner_kczUr3"],"name":"t:name.banner","settings":{}},"tpt_badges_three_NKeRXk":{"type":"tpt-badges-three","blocks":{"item_teMrD9":{"type":"item","settings":{"image_type":"default","image_preload":false,"heading":"<strong>Step 1: <\/strong>Fill out Form","description":"<p>Getting started is easy. Complete the application form below and submit your business information for approval. We will review all applications within 5 business days after submission.<\/p>","link_text":"","link":""}},"item_n6i6Mj":{"type":"item","settings":{"image_type":"default","image_preload":false,"heading":"<strong>Step 2:<\/strong> Review & Approve","description":"<p>If approved, we will contact you to review your account information, program details, terms and conditions, and answer any questions you might have.<\/p>","link_text":"","link":""}},"item_AEVGwb":{"type":"item","settings":{"image_type":"default","image_preload":false,"heading":"<strong>Step 3:<\/strong> Access Granted","description":"<p>We will provide you with a wholesale login to our website to access all products at wholesale pricing. You may place orders directly on our website, through email, or by phone.<\/p>","link_text":"","link":""}}},"block_order":["item_teMrD9","item_n6i6Mj","item_AEVGwb"],"custom_css":["p {font-size: 16px; color: white;}","h3 {font-size: 25px; margin-bottom: 10px;}"],"name":"Tpt - Badges #3","settings":{"heading":"How It Works","heading_size":"h2","sub_heading":"","description":"<p>Thank you for your interest in L'ATHENE. We review all applications to find the next great partner at helping us further our mission. <\/p>","alignment":"center","top_button_label":"","top_button_link":"","item_background_color":"#150e59","item_text_color":"#ffffff","border_radius":8,"hidden_border":true,"icon_position":"default","desktop_column":3,"tablet_column":3,"mobile_column":1,"bottom_button_label":"","bottom_button_link":"","section_full_width":true,"section_max_width":1600,"content_full_width":false,"content_max_width":1300,"padding_desktop":50,"padding_tablet_mobile":50,"margin_desktop":0,"margin_tablet_mobile":0,"background_color":"#150e59","background_gradient_color":"","foreground_color":"#e6ebfc","title_color":"#ffffff","button_background_color":"#e6ebfc","button_text_color":"#ffffff","input_button_radius":0,"section_lazyload":false}},"main":{"type":"main-page","disabled":true,"settings":{"display_title":true,"color_text":"","color_background":"","color_background_gradient":"","padding_top_desktop":64,"padding_bottom_desktop":32,"padding_top_mobile":16,"padding_bottom_mobile":16,"style_line_top":"none","style_line_bottom":"none","color_line":""}},"1745937066d44cee76":{"type":"apps","blocks":{"forms_inline_QbpjeP":{"type":"shopify:\/\/apps\/forms\/blocks\/inline\/8744a304-fcb1-4347-b211-bb6b4759a76a","settings":{"form_id":"445527","text_color":"#150e59","button_background_color":"#150e59","button_label_color":"#FFFFFF","links_color":"#3347aa","errors_color":"#E02229","text_alignment":"center","form_alignment":"center","padding_top":50,"padding_bottom":50,"padding_right":10,"padding_left":10}}},"block_order":["forms_inline_QbpjeP"],"custom_css":[],"settings":{}}},"order":["banner_7eVgA9","tpt_badges_three_NKeRXk","main","1745937066d44cee76"]}