{"sections":{"main":{"type":"main-page","disabled":true,"settings":{"display_title":false,"color_text":"","color_background":"","color_background_gradient":"","padding_top_desktop":64,"padding_bottom_desktop":32,"padding_top_mobile":32,"padding_bottom_mobile":32,"style_line_top":"none","style_line_bottom":"none","color_line":""}},"welome_page_mTUjnN":{"type":"welcome-page","blocks":{"image_text_BcUPgU":{"type":"image-text","settings":{"image-text-header":"<p>L’ATHENE Training Modules<\/p>","image-text-text":"<p>Below are the two Training Modules for L'ATHENE - Part One: Introduction and Part Two: Products.  Click to the right of each photo to review each module.<\/p>","image-text-section-checkbox":false,"image-text-text1":"","image-text-section-sublist-text1":"","image-text-text2":"","image-text-section-sublist-text2":"","btn-checkbox":false,"image-text-section-btn-text":"","image-text-section-url":"","image-text-image":"shopify:\/\/shop_images\/Rectangle_6480_1.png","section_width":"third_one","image-text-section-full-width":""}},"button_box_with_img_zxC4Ni":{"type":"button-box-with-img","settings":{"img-button-box-header":"","img-button-box-desc":"<p>Once the training module is open, click onto the right arrow on your keyboard to start.<\/p>","btn-checkbox":true,"img-button-box-text":"Click Here for Part One","img-button-box-url":"https:\/\/cdn.shopify.com\/s\/files\/1\/0585\/9727\/7801\/files\/training_module_part_one.pdf?v=1722334507","checkbox":true,"button-box-image-position":"top","btn-box-img":"shopify:\/\/shop_images\/Part_one-slide.png"}},"button_box_with_img_3MzW7J":{"type":"button-box-with-img","settings":{"img-button-box-header":"","img-button-box-desc":"","btn-checkbox":true,"img-button-box-text":"Click Here for Part Two","img-button-box-url":"https:\/\/cdn.shopify.com\/s\/files\/1\/0585\/9727\/7801\/files\/training_module_part_two.pdf?v=1722334899","checkbox":false,"button-box-image-position":"top","btn-box-img":"shopify:\/\/shop_images\/Part_two-slide.png"}},"horizontal_button_box_69ewAp":{"type":"horizontal-button-box","settings":{"horizontal-button-box-header":"<p>Below is the next training section to review.<\/p>","horizontal-button-box-desc":"","btn-checkbox":false,"horizontal-button-box-text":"L'ATHENE FACIAL VIDEO - Click Here","horizontal-button-box-url":"shopify:\/\/pages\/lathene-facials-video","checkbox":false,"image-position":"right","horizontal-btn-box-img":"shopify:\/\/shop_images\/Frame_1000005273_8.png","section_width":"third_one"}}},"block_order":["image_text_BcUPgU","button_box_with_img_zxC4Ni","button_box_with_img_3MzW7J","horizontal_button_box_69ewAp"],"settings":{"bg-color":"#fff5f3","text-color":"#57573d","padding_top_desktop":32,"padding_bottom_desktop":32,"padding_top_mobile":16,"padding_bottom_mobile":16,"list-image":"shopify:\/\/shop_images\/Rectangle_6475.png","tab1":"Welcome Page","tab2":"Training Certification","tab3":"Training Modules","tab4":"L'ATHENE Facials Video","tab5":"Product Materials","tab6":"Certification Materials"}},"training_footer_section_qA6kdV":{"type":"training-footer-section","blocks":{"skincare_experts_rRHrac":{"type":"skincare-experts","settings":{"skincare-header":"<p><a href=\"https:\/\/lathene.com\/pages\/about-us\" title=\"https:\/\/lathene.com\/pages\/about-us\">Skincare Experts<\/a><\/p>","skincare-subheader":"<p><a href=\"https:\/\/lathene.com\/pages\/about-us\" title=\"https:\/\/lathene.com\/pages\/about-us\">The Nurse<\/a><\/p>","skincare-main-image":"shopify:\/\/shop_images\/Rectangle_6528.png","skincare-bg-img":"shopify:\/\/shop_images\/Group_1000005304.png"}},"media_Utd6GY":{"type":"media","settings":{"media-header":"<p><a href=\"https:\/\/lathene.com\/pages\/magazines\" title=\"https:\/\/lathene.com\/pages\/magazines\">Media<\/a><\/p>","media-subheader":"<p><a href=\"https:\/\/lathene.com\/pages\/magazines\" title=\"https:\/\/lathene.com\/pages\/magazines\">In The<\/a><\/p>","media-main-image":"shopify:\/\/shop_images\/Group_1000005305.png","media-bg-img":"shopify:\/\/shop_images\/Group_1000005303.png"}},"email_RGUzRh":{"type":"email","settings":{"email-header":"<p><a href=\"https:\/\/lathene.com\/collections\/exclusive-offers\" title=\"https:\/\/lathene.com\/collections\/exclusive-offers\">Offers<\/a><\/p>","email-subheader":"<p><a href=\"https:\/\/lathene.com\/collections\/exclusive-offers\" title=\"https:\/\/lathene.com\/collections\/exclusive-offers\">Exclusive<\/a><\/p>","email-bg-img":"shopify:\/\/shop_images\/Group_1000005251.png"}}},"block_order":["skincare_experts_rRHrac","media_Utd6GY","email_RGUzRh"],"settings":{"bg-color":"#ffffff","text-color":"#57573d","padding_top_desktop":32,"padding_bottom_desktop":32,"padding_top_mobile":16,"padding_bottom_mobile":16}}},"order":["main","welome_page_mTUjnN","training_footer_section_qA6kdV"]}