{"sections":{"main":{"type":"main-page","disabled":true,"settings":{"display_title":false,"color_text":"","color_background":"rgba(0,0,0,0)","color_background_gradient":"","padding_top_desktop":64,"padding_bottom_desktop":32,"padding_top_mobile":32,"padding_bottom_mobile":32,"style_line_top":"none","style_line_bottom":"none","color_line":""}},"welome_page_jcjY3f":{"type":"welcome-page","blocks":{"image_text_xHH6H4":{"type":"image-text","settings":{"image-text-header":"<p>L’ATHENE On-Demand Training<\/p>","image-text-text":"<p>A Sell Learning Module for Registered Nurses, Estheticians, Massage Therapists and Medicl, Spa and Salon Personnel <br\/><br\/>WELCOME! This On-Demand Training is training to go-at-your-own-pace comfortably to learn the material that is required to use L'ATHENE Products in your facility.  The training will emphasize the importance of healthy skin therapy and how L'ATHENE can be a successful part of your facility.<br\/><br\/>See Below for the Objectives and Course Outlines.<\/p>","image-text-section-checkbox":false,"image-text-text1":"","image-text-section-sublist-text1":"","image-text-text2":"","image-text-section-sublist-text2":"","btn-checkbox":false,"image-text-section-btn-text":"","image-text-section-url":"","image-text-image":"shopify:\/\/shop_images\/Rectangle_6480_1a5480e0-301a-47aa-9bcd-dc23008de383.png","section_width":"third_one","image-text-section-full-width":""}},"button_box_qX8WPQ":{"type":"button-box","settings":{"button-box-header":"<p>If You Are A New Account:<\/p>","button-box-desc":"","btn-checkbox":false,"button-box-text":"Click Here to Learn More","button-box-url":"shopify:\/\/pages\/training-certification","checkbox":true}},"button_box_CtNCUX":{"type":"button-box","settings":{"button-box-header":"<p>If You Are A Staff Member From An Existing L'athene Account<\/p>","button-box-desc":"","btn-checkbox":false,"button-box-text":"Click Here to Learn More","button-box-url":"shopify:\/\/pages\/training-modules","checkbox":false}},"without_card_list_block_mY83Bw":{"type":"without-card-list-block","settings":{"without-card-list-header":"<p>Objectives<\/p>","without-card-list-subheader":"","without-card-list-text":"<ul><li>Learn how L'ATHENE works and why it is unique from other skincare brands<\/li><li>Learn the daily skin system for your clients<\/li><li>Understand how L'ATHENE works for skin types<\/li><li>Gain an understanding of price value<\/li><li>Learn the techniques involved in the L'ATHENE Facials<\/li><\/ul>","sub-list-checkbox":false,"sublist-text":"","checkbox":false,"btn-checkbox":false,"without-card-section-box-text":"","without-card-section-box-url":""}},"with_card_list_block_4JBJmV":{"type":"with-card-list-block","settings":{"with-card-list-header":"<p>Course Outline<\/p>","with-card-list-header-arrow":"<p>Training Module One<\/p>","with-card-list-text":"<ul><li>Causes and Effects of Skin Aging<\/li><li>Chemicals in Skincare<\/li><li>What is Cosmeceutical Skincare?<\/li><li>L'ATHENE Cosmeceutical Nutrient Ingredients<\/li><li>L'ATHENE Purity Processing<\/li><li>L'ATHENE Results<\/li><li>Who should Use L'ATHENE<\/li><li>Must Know Facts about L'ATHENE<\/li><li>L'ATHENE Product Usage Tips<\/li><\/ul>","checkbox":true}},"with_card_list_block_PTeExE":{"type":"with-card-list-block","settings":{"with-card-list-header":"<p>Course Outline<\/p>","with-card-list-header-arrow":"<p>L'ATHENE Facials Video<\/p>","with-card-list-text":"<ul><li>Techniques & Products for Mineral Dermabrasion Facial<\/li><li>Techniques & Products for Rejuvenation Facial<\/li><li>Client Selection<\/li><li>Medications to Avoid<\/li><li>Skin Assessment<\/li><li>Facial Results<\/li><li>Face Zone Diagram Tips<\/li><li>Steamer Usage in the Facials<\/li><li>Tips on Using the Customized Skin Regime Card<\/li><\/ul>","checkbox":false}},"with_card_list_block_HpHJkf":{"type":"with-card-list-block","settings":{"with-card-list-header":"<p>Course Outline<\/p>","with-card-list-header-arrow":"<p>Training Module Two<\/p>","with-card-list-text":"<ul><li>Starter Kits<\/li><li>Products<\/li><li>Dry Skin Enhancers<\/li><li>Oily Skin Enhancers<\/li><li>Breakthrough At-Home Office Treatments<\/li><li>Tips for Recommending L'ATHENE<\/li><\/ul>","checkbox":false}}},"block_order":["image_text_xHH6H4","button_box_qX8WPQ","button_box_CtNCUX","without_card_list_block_mY83Bw","with_card_list_block_4JBJmV","with_card_list_block_PTeExE","with_card_list_block_HpHJkf"],"settings":{"bg-color":"#fff5f3","text-color":"#57573d","padding_top_desktop":52,"padding_bottom_desktop":52,"padding_top_mobile":16,"padding_bottom_mobile":16,"list-image":"shopify:\/\/shop_images\/Rectangle_6475.png","tab1":"Welcome Page","tab2":"Training Certification","tab3":"Training Modules","tab4":"L'ATHENE Facials Video","tab5":"Product Materials","tab6":"Certification Materials"}},"training_footer_section_gxWip7":{"type":"training-footer-section","blocks":{"skincare_experts_7YUxi6":{"type":"skincare-experts","settings":{"skincare-header":"<p><a href=\"https:\/\/lathene.com\/pages\/about-us\" title=\"https:\/\/lathene.com\/pages\/about-us\">Skincare Experts<\/a><\/p>","skincare-subheader":"<p><a href=\"https:\/\/lathene.com\/pages\/about-us\" title=\"https:\/\/lathene.com\/pages\/about-us\">The Nurse<\/a><\/p>","skincare-main-image":"shopify:\/\/shop_images\/Rectangle_6528.png","skincare-bg-img":"shopify:\/\/shop_images\/Group_1000005304.png"}},"media_AJwnfU":{"type":"media","settings":{"media-header":"<p><a href=\"https:\/\/lathene.com\/pages\/magazines\" title=\"https:\/\/lathene.com\/pages\/magazines\">Media<\/a><\/p>","media-subheader":"<p><a href=\"https:\/\/lathene.com\/pages\/magazines\" title=\"https:\/\/lathene.com\/pages\/magazines\">In The<\/a><\/p>","media-main-image":"shopify:\/\/shop_images\/Group_1000005305.png","media-bg-img":"shopify:\/\/shop_images\/Group_1000005303.png"}},"email_c4LyFk":{"type":"email","settings":{"email-header":"<p><a href=\"https:\/\/lathene.com\/collections\/exclusive-offers\" title=\"https:\/\/lathene.com\/collections\/exclusive-offers\">Offers<\/a><\/p>","email-subheader":"<p><a href=\"https:\/\/lathene.com\/collections\/exclusive-offers\" title=\"https:\/\/lathene.com\/collections\/exclusive-offers\">Exclusive<\/a><\/p>","email-bg-img":"shopify:\/\/shop_images\/Group_1000005251.png"}}},"block_order":["skincare_experts_7YUxi6","media_AJwnfU","email_c4LyFk"],"settings":{"bg-color":"#ffffff","text-color":"#57573d","padding_top_desktop":32,"padding_bottom_desktop":32,"padding_top_mobile":16,"padding_bottom_mobile":16}}},"order":["main","welome_page_jcjY3f","training_footer_section_gxWip7"]}