{"sections":{"main":{"type":"main-page","disabled":true,"settings":{"display_title":true,"color_text":"","color_background":"","color_background_gradient":"","padding_top_desktop":64,"padding_bottom_desktop":32,"padding_top_mobile":32,"padding_bottom_mobile":32,"style_line_top":"none","style_line_bottom":"none","color_line":""}},"custom_tab_section_GHQQhb":{"type":"custom-tab-section","blocks":{"tab_WeUtdF":{"type":"tab","settings":{"tab-title":"Sun Protection","page-content":"<div class=\"section-header\">\n    <h1>\nSun Protection <\/h1>\n<\/div>\n<div class=\"sect-caption\">\n    <p>Properly protecting your skin from the sun is very important for preserving the best skin integrity and minimizing the risks for advanced aging signs and skin cancer as much as possible.<\/p>\n<br>\n<h3>Who Needs It<\/h3>\n    <p>Everyone needs sun protection. Protection from the sun, prolonged exposure time and repeated instances of exposure can increase risk for skin changes on the cellular level if protection is not provided.<\/p>\n<\/div>\n \n<div class=\"cat-special sect-caption\">\n    <div class=\"cat-left\">\n        <h3>Definition of SPF<\/h3>\n        <p>\nSPF is Sun Protection Factor. This is a rating that determines how well the sunscreen deflects the sunrays and is based on how long it takes to get sunburned with sunscreen versus without sunscreen. An SPF of 30 or higher is usually recommended. Some experts recommend sticking to 30 SPF and reapplying frequently. Using high SPF like 60 or more does not give you double protection, and some experts believe can cause skin irritation when applied to sensitive skin.<\/p>\n    <\/div>\n    <div class=\"cat-right\"><img alt=\"Nan & Lil\" src=\"https:\/\/cdn.shopify.com\/s\/files\/1\/0585\/9727\/7801\/files\/sun_protection_1_260w.jpg?v=1715700176\" border=\"0\" class=\"loaded\"><\/div>\n\n<\/div>\n\n\n\n<div class=\"cat-special sect-caption\">\n<div class=\"cat-right\"><img alt=\"Nan & Lil\" src=\"https:\/\/cdn.shopify.com\/s\/files\/1\/0585\/9727\/7801\/files\/flip_flops_and_lotion.jpg?v=1715700372\" border=\"0\" class=\"loaded\"><\/div>\n    <div class=\"cat-left\">\n<h3>Sunscreens<\/h3>\n<p>Our formulas are composed of antioxidants, micronutrients, vitamins, fatty acids and proteins designed by nature to support, repair, detox and renew skin.<\/p>\n        <p>\nMany sunscreens use a combination of physical blockers and chemical filters. These are agents that block, reflect or deflect the UV sunrays. <\/p>\n\n <p>Physical blockers work by sitting on top of skin, either reflecting or scattering UV rays. Zinc oxide and titanium dioxide are physical filters. Zinc oxide can block against both UVA and UVB rays, covering the whole spectrum, while titanium dioxide only delivers protection from UVB rays. Both ingredients work well and are tolerated well, even with sensitive skin. <\/p>\n\n <p>Chemical sunscreen filters include Avobensone (Parsol 1789), Cinoxate, Ecamsule, Menthyl Anthranilate, Oxybenzone and others. <\/p>\n\n <p>At L’ATHENE, we recommend sunscreens that include physical filters because they tend to work very well with sensitive skin. The key for any type of SPF is to find one you like, use it and reapply often.<\/p>\n      \n   \n    <\/div>\n    \n\n<\/div>\n\n\n\n<div class=\"cat-special\">\n\n\n    <div class=\"cat-left\">\n<h3>Sun Protection Tips<\/h3>\n     <ul class=\"lathene-difference\">\n<li>Use an SPF 30 or more sunscreen daily, even on cloudy or rainy days. This should be done whether you are going to be outside or not. Reapply when going outside.<\/li>\n<li>Wear protective clothing when you are outside. The more skin that is directly exposed to the sun, the more protection needed. And be aware of reflective surfaces.<\/li>\n<li>Avoid the sun during peak hours—generally this is between 10 am and 4 pm regardless of the time of year. These hours are the prime hours for exposure to damaging ultraviolet (UV) radiation from the sun (even on cloudy days). Seek the shade.<\/li>\n<li>With outside activities, apply sunscreen liberally to all areas and reapply as indicated (at least every couple of hours) and more frequently if sweating or in water. Apply 30 minutes before exposure to the sun. Always wear SPF 30 or more.<\/li>\n<li>Wear a hat with at least a 2-3 inch brim.<\/li>\n<li>Protect your eyes and the skin around your eyes with sunglasses.<\/li>\n<li>Protect your lips with a SPF lip balm.<\/li>\n<li>Be careful of reflective sun—off snow, water and sand.<\/li>\n<\/ul>  \n\n    <\/div>\n    \n<div class=\"cat-right\"><img alt=\"Nan & Lil\" src=\"https:\/\/cdn.shopify.com\/s\/files\/1\/0585\/9727\/7801\/files\/sun_protection2.jpg?v=1715700513\" border=\"0\" class=\"loaded\"><\/div>\n<\/div>"}},"tab_fqPUWp":{"type":"tab","settings":{"tab-title":"Skin Cancer Risk","page-content":"<div class=\"section-header\">\n    <h1>\nSkin Cancer Risk<\/h1>\n<\/div>\n<div class=\"sect-caption\">\n    <p>Skin cancer is the most common type of cancer and it affects more than two million Americans each year.<\/p>\n<br>\n\n<\/div>\n\n<div class=\"cat-special sect-caption\">\n    <div class=\"cat-left\">\n        <h3>Definition of SPF<\/h3>\n        <p>\nSkin cancer is the abnormal growth of skin cells. It occurs when mutations form in the DNA of healthy skin cells. It usually develops on skin that is exposed to the sun; most commonly on the scalp, face, back, lips, neck, ears, chest, arms, hands and legs. However, it can also develop on areas that are not usually exposed to the sun, like the palms of your hands, the space between your toes, under your toenails and your genital area.<\/p>\n    <\/div>\n    <div class=\"cat-right\"><img alt=\"Nan & Lil\" src=\"https:\/\/cdn.shopify.com\/s\/files\/1\/0585\/9727\/7801\/files\/sunset_yellow.jpg?v=1715708645\" border=\"0\" class=\"loaded\"><\/div>\n\n<\/div>\n<br>\n <h3>Who it Affects<\/h3>\n    <p>Skin cancer affects all skin tones. All ages can be affected, however skin cancer is less common in children.<\/p>\n<br>\n<br>\n\n<div class=\"cat-special sect-caption\">\n<div class=\"cat-right\"><img alt=\"Nan & Lil\" src=\"https:\/\/cdn.shopify.com\/s\/files\/1\/0585\/9727\/7801\/files\/lady_with_mole.jpg?v=1715708852\" border=\"0\" class=\"loaded\"><\/div>\n    <div class=\"cat-left\">\n<h3>What to Look for<\/h3>\n<p>Evaluate your skin regularly and check your moles with the ABCDE’s of skin cancer. Make an appointment with your doctor if you notice any changes that worry you. Not all changes are cancer, but call your doctor right away if you notice:<br>\nA = Asymmetry - each side of the mole looks different<br>\nB = Border - irregular, blurry or jagged edges<br>\nC = Color - variations of color from one area of the mole to another<br>\nD = Diameter - if it is larger than a pencil eraser<br>\nE = Elevation - the mole is raised above the surface and has an uneven surface<\/p>  <\/div>\n<\/div>\n<br>\n <h3>Types - the three most common<\/h3>\n<br>\n<p>Basal Cell Carcinoma (BCC) is the most common type and is usually found on face, ears or scalp.<\/p><br>\n<br>\n    <p>Squamous Cell Carcinoma is the second most common type and also occurs on sun exposed areas like face, scalp, neck, arms, legs and hands. This is a more aggressive type of skin cancer and can invade deeper layers of the skin and fatty tissue.<\/p>\n<br>\n<p>Melanoma is the least common type of skin cancer and the most serious. It can develop anywhere on the body.<\/p>\n<br>\n<br>\n<div class=\"cat-special\">  <div class=\"cat-left\">\n<h3>Risk Factors<\/h3>\n     <ul class=\"lathene-difference\">\n<li>Pale complexion—difficulty tanning, easily sunburned<\/li>\n<li>Multiple and\/or unusual moles<\/li>\n<li>Excessive exposure to sunlight, tanning beds and unprotected skin<\/li>\n<li>Sunny or high altitude climates<\/li>\n<li>Severe sunburns<\/li>\n<li>Family history of skin cancers<\/li>\n<li>Weakened immune system—from medical conditions and\/or medications<\/li>\n<\/ul>  \n <\/div>\n    \n<div class=\"cat-right\"><img alt=\"Nan & Lil\" src=\"https:\/\/cdn.shopify.com\/s\/files\/1\/0585\/9727\/7801\/files\/beach_couple2.jpg?v=1715712407\" border=\"0\" class=\"loaded\"><\/div>\n<\/div>"}},"tab_ej4Ymx":{"type":"tab","settings":{"tab-title":"Good Diet Tips","page-content":"<div class=\"section-header\">\n    <h1>Good Diet Tips<\/h1>\n<\/div>\n<div class=\"sect-caption\">\n    <p>A secret to aging well is found in making good choices with your foods.<\/p>\n<br>\n<p>Choosing foods with anti-aging benefits and avoiding potential age-promoting choices can make a big difference.<\/p>\n<br>\n<\/div>\n \n<div class=\"cat-special sect-caption\">\n<div class=\"cat-right\"><img alt=\"Nan & Lil\" src=\"https:\/\/cdn.shopify.com\/s\/files\/1\/0585\/9727\/7801\/files\/berry_fruit.jpg?v=1715794722\" border=\"0\" class=\"loaded\"><\/div>\n    <div class=\"cat-left\">\n        <h3>Eat Antioxidant Foods<\/h3>\n        <p>Antioxidants play a significant role in anti-aging. These vitamin nutrients from plants help protect the body from the effects of aging and disease. Antioxidants help ‘gobble up’ the free radicals in your body that cause lines, wrinkles, and sun spots. Antioxidant-rich foods are blueberries, blackberries, strawberries, raspberries, cherries, as well as green leafy vegetables.<\/p>\n<\/div>\n<\/div>\n\n<br>\n<h3>Avoid Chemicals in Foods<\/h3>\n    <p>Just like you read the label with your skincare, it is also critical that you read the labels of your food. Many processed foods contain a high level of chemicals. Look for pure foods that are good for the body and the skin and are loaded with nutrients; foods like fruits, whole grain breads and cereals, vegetables and fish. Wash your fruits and vegetables well to remove pesticide residues.<\/p>\n<br>\n<br>\n<div class=\"cat-special sect-caption\">\n\n    <div class=\"cat-left\">\n<h3>Eat Omega-3 Fatty Acids<\/h3>\n<p>These essential fatty acids are ‘good fats’ known for their health benefits such as improving skin health, supporting cardiovascular health, and helping with healthy weight loss. Some Omega-3 rich foods are salmon, sardines, mackerel and herring. Transfats are ‘bad fats’(omega-6 fatty acids) found in all refined vegetable oils and processed foods. Extra virgin olive oil is a great option for cooking and salads.<\/p>\n  <\/div>\n    <div class=\"cat-right\"><img alt=\"Nan & Lil\" src=\"https:\/\/cdn.shopify.com\/s\/files\/1\/0585\/9727\/7801\/files\/lady_with_fishb.jpg?v=1715794901\" border=\"0\" class=\"loaded\">\n<\/div>\n<\/div>\n<br>\n<h3>Avoid Sugar<\/h3>\n    <p>Known as ‘empty calorie foods’, sugar is inflammatory for the body. Inflammatory foods can promote wrinkles, accelerate aging, and increase risk of disease.<\/p>\n<br>\n<br>\n\n\n<div class=\"cat-special\">\n<div class=\"cat-right\"><img alt=\"Nan & Lil\" src=\"https:\/\/cdn.shopify.com\/s\/files\/1\/0585\/9727\/7801\/files\/lady_with_drinking_water_2.jpg?v=1715795519\" border=\"0\" class=\"loaded\">\n<\/div>\n <div class=\"cat-left\">\n<h3>Drink Lots of Water<\/h3>\n    <p>It's true… drinking 8 glasses a day does make our bodies function optimally. Did you know that oftentimes when you think you are hungry, you are actually thirsty? So… in between meals, grab a glass of water instead of a snack. Keep a bottle at your desk, in your bag or in your car to remind you to drink plenty of water throughout the day. It's great for your skin as well.<\/p>\n<h3>Get Plenty of Rest<\/h3>\n    <p>So you are exhausted? Don't grab a chocolate bar or a coke to perk you up. Most of us are sleep deprived. We pack our calendars filled with things to do each day, and yet we do not get the rest we need to recharge our bodies. Get at least 7-8 hours of sleep a night to feel refreshed and renewed. You deserve it!<\/p>\n    <\/div>\n    \n\n<\/div>"}},"tab_xFm7xi":{"type":"tab","settings":{"tab-title":"Skin Facts","page-content":"<div class=\"section-header\">\n <h1>Skin Facts<\/h1>\n<\/div>\n<div class=\"sect-caption\">\n    <p>Interesting and Useful Tips for You<\/p>\n<br>\n<\/div>\n\n <div class=\"cat-special sect-caption\">\n<div class=\"cat-right\"><img alt=\"Nan & Lil\" src=\"https:\/\/cdn.shopify.com\/s\/files\/1\/0585\/9727\/7801\/files\/skin_facts_388h.jpg?v=1715797020\" border=\"0\" class=\"loaded\"><\/div>\n<div class=\"cat-left\">\n  <ul class=\"lathene-difference\">\n<li>Skin is the largest organ of the body.<\/li>\n<li>Skin grows faster than all other organs. The skin renews itself throughout our lives.<\/li>\n<li>You have about 19,000,000 skin cells on each square inch of your body.<\/li>\n<li>Always wash your hands before you begin your skincare ritual to decrease the amount of bacteria put on your face<\/li>\n<li>Rinse your face with water that is warm, not hot. Hot water can dry out the skin and can cause broken capillaries.<\/li>\n<li>Don't scrub, pull or drag your skin. Using forceful pressure on your skin can break capillaries, foster wrinkles and make skin sensitive.<\/li>\n<li>Avoid wearing makeup when you exercise. When you exercise and your body heats up, your pores open and the makeup can go in the pores. Later when you cool off and the pores close, the makeup can remain in the pores and can cause breakouts.<\/li>\n<li>Watch your stress level. Stress can affect our health as well as our skin. Stress stimulates adrenaline, cortisol and other hormones that can increase blemishes.<\/li>\n<li>Eat natural foods like fruit for a snack. Not only will you give your skin some extra Vitamins C and E, your skin will also benefit form the extra water fruit contains.<\/li>\n<\/ul>  \n  <\/div>\n<\/div>"}}},"block_order":["tab_WeUtdF","tab_fqPUWp","tab_ej4Ymx","tab_xFm7xi"],"settings":{"device-title":"HELPFUL TIPS"}}},"order":["main","custom_tab_section_GHQQhb"]}