{"sections":{"main":{"type":"main-page","disabled":true,"settings":{"display_title":false,"color_text":"","color_background":"","color_background_gradient":"","padding_top_desktop":64,"padding_bottom_desktop":32,"padding_top_mobile":32,"padding_bottom_mobile":32,"style_line_top":"none","style_line_bottom":"none","color_line":""}},"na_page_template_yFXrKL":{"type":"naPageTemplate","blocks":{"richtext_jdR4xk":{"type":"richtext","settings":{"checkbox":false,"title":"Sensitive Skin","sub-heading":"","desc":"<p>L'ATHENE offers a complete non-irritating natural skincare regimen... to nourish, calm and restore sensitive skin.<\/p><p>Sensitive skin is not a medical term. It is used to indicate any and all skin conditions that are susceptible to increased redness, itching, burning, drying and\/or breakouts.<\/p><p>Some people are born with sensitive skin, and others acquire it from product usage, aging, hormone imbalance, stress, alcohol, environment and over-exfoliation (this can be called sensitized skin).<\/p>","image_pos":"none"}},"richtext_BchRi4":{"type":"richtext","settings":{"checkbox":false,"title":"","sub-heading":"","desc":"<h4><strong>Avoid Skincare with Harsh Cosmetic Chemicals... which can Further Irritate Skin.<\/strong><\/h4><p>Many skin sensitivities start due to exposure to harsh chemicals found in many skincare products. Individuals with sensitive-type skin need to avoid harsh chemical skincare because it can make their skin more irritable.<\/p><p>L'ATHENE Pure Nutrient Skin Treatments are formulated with high-quality nutrients that are nourishing, mild and non-irritating.<\/p><p>Almost all skincare, including medical skincare brands, contain harsh alcohols, petroleum-derivatives, detergents, and many other potential skin irritating ingredients, that can cause redness, inflammation or discomfort. Often these chemicals are the bulk of the product. These chemicals are inexpensive and are product fillers. Become a label reader. <a href=\"\/pages\/why-choose-lathene\" title=\"Why Choose L'ATHENE\">Read more about the ingredients in L'ATHENE products.<\/a><\/p>","image_pos":"none"}},"richtext_cUMWWX":{"type":"richtext","settings":{"checkbox":false,"title":"","sub-heading":"","desc":"<h4><strong>L'ATHENE Helps Promote Skin Health to Achieve the Most Optimal Results.<\/strong><\/h4><p>If you are very concerned about trying skincare, you can always do a test patch before using any topical treatments. Test a small amount of product by applying it to the neck area. Leave on for 10 minutes. Remove with water. If uneventful, then continue on to another product until you have successfully used each of the treatments that you would like to use to achieve the desired result.<\/p>","image_pos":"none"}}},"block_order":["richtext_jdR4xk","richtext_BchRi4","richtext_cUMWWX"],"settings":{"bgClr":"#ffffff","tclr":"#3347aa","descClr":"#000000","text1":"","text2":"","title-l":"L'ATHENE's Skin Education Hub","menuList":"new-menu"}}},"order":["main","na_page_template_yFXrKL"]}