{"sections":{"main":{"type":"main-page","disabled":true,"settings":{"display_title":false,"color_text":"","color_background":"","color_background_gradient":"","padding_top_desktop":32,"padding_bottom_desktop":32,"padding_top_mobile":16,"padding_bottom_mobile":16,"style_line_top":"none","style_line_bottom":"none","color_line":""}},"rich_text_about":{"type":"rich-text","blocks":{"button_faqs":{"type":"button","settings":{"text":"Frequently Asked Questions","link":"shopify:\/\/pages\/faqs","style_button":"primary"}},"button_contact":{"type":"button","settings":{"text":"Contact Us","link":"shopify:\/\/pages\/contact","style_button":"secondary"}}},"block_order":["button_faqs","button_contact"],"disabled":true,"settings":{"icon":"mood","position_icon":"top","caption":"","heading":"The L'ATHENE STORY","heading_type":"h2","content":"<p>This high-performance breed of pure nutrient skincare - for anti-aging and challenged skin - was created by two Registered Nurses, Nan Brown and Lil Bogdan, who worked with burns and severe dermatological conditions at Johns Hopkins and other leading hospitals.<\/p>","alignment_text":"center","size_text":"lg","color_icon":"","color_border_icon":"","color_text":"","color_border":"","color_background":"rgba(0,0,0,0)","color_background_gradient":"","padding_top_desktop":80,"padding_bottom_desktop":96,"padding_top_mobile":40,"padding_bottom_mobile":56,"style_line_top":"none","style_line_bottom":"none","color_line":"","display_visibility":"hide-no"}},"banner_about":{"type":"banner","disabled":true,"settings":{"ratio_block":"widescreen","ratio_block_mobile":"square","alignment_vertical_dsk":false,"alignment_vertical":"center","alignment_horizontal":"center","icon":"","caption":"Made with ❤️","heading":"👋 Hi! We're Company XYZ","heading_type":"h2","subheading":"<p>As wellness pioneers for over 20 years, these nurses were among the first to speak about the need for cleaner skincare and the value of pure naturals and pure nutrients on the skin to create real results.<br\/>Healthy skin<em>becomes<\/em>Radiant Skin.<\/p>","button_url":"https:\/\/companyxyz.io","button_text":"More about us","style_button":"primary","style_link":"link-button","width_image":400,"fit_object":"cover","image_background":"shopify:\/\/shop_images\/pexels-rachel-claire-5490778_087cf6ee-529c-475a-8c9d-287c55c30314.jpg","color_background":"","color_background_gradient":"","color_icon":"","color_text":"#ffffff","color_subheading":"","color_overlay":"#000000","color_overlay_gradient":"","opacity_overlay":40,"padding_top_desktop":0,"padding_bottom_desktop":0,"padding_top_mobile":0,"padding_bottom_mobile":0,"style_line_top":"none","style_line_bottom":"none","color_line":"","display_visibility":"hide-no"}},"video_text":{"type":"video-text","blocks":{"rich_text_story":{"type":"rich_text","settings":{"position_icon":"top","alignment_text":"left","size_text":"md","icon":"","caption":"Build trust","heading":"How it Began","heading_type":"h2","content":"<p>After fifteen years of treating skin at its very worst in hospitals and studying clinical and holistic skin healing principles, they discovered that skin responds best to pure, potent, nutrient-rich natural preparations.<br\/>Nan herself struggled with sensitive skin, but found that marketplace products couldn't give the wonderful results that they knew were possible. <br\/><br\/>They then discovered that most skincare contained standard cosmetic chemicals.  Having experienced firsthand, both professionally and personally, the healing power of nature, Nan and Lil went on a quest to develop the most potent nutrient-rich skincare possible, with ingredients backed by science, and bring it to others everywhere.<br\/><br\/>To create the skincare, they worked with top nutritionists, organic chemists and leading aromatherapists. They sought out the best ingredients for skin health. They meticulously refined the formulas to make them the most effective - without resorting to many standard cosmetic chemicals, and they used only the highest quality ingredients.<\/p>","button_url":"","button_text":"","style_button":"primary","color_border":"","color_icon":"","color_border_icon":"","color_text":"","color_background":"","color_background_gradient":""}},"video_story":{"type":"video","settings":{"ratio_block":"square","video_autoplay":true,"video_loop":true,"video_mute":true,"display_controls":true,"url_video":"","url_video_hosted":"shopify:\/\/files\/videos\/3741677-sd_960_540_25fps.mp4","alignment_text":"left","caption":"","position_caption":"top","size_text":"md","color_text":""}}},"block_order":["rich_text_story","video_story"],"disabled":true,"settings":{"content_alignment":"center","icon":"","caption":"","heading_type":"h2","heading":"","subheading":"","button_url":"","button_text":"","style_button":"primary","color_icon":"","color_text":"","color_subheading":"","color_background":"","color_background_gradient":"","padding_top_desktop":32,"padding_bottom_desktop":32,"padding_top_mobile":16,"padding_bottom_mobile":16,"style_line_top":"none","style_line_bottom":"none","color_line":"","display_visibility":"hide-no"}},"heading_featured_content":{"type":"heading","disabled":true,"settings":{"alignment_text":"center","icon":"","caption":"Get inspired","heading_type":"h2","heading":"Our newest featured content","subheading":"","button_text":"Check it out","button_url":"","style_button":"primary","color_icon":"","color_text":"","color_subheading":"","color_background":"","color_background_gradient":"","padding_top_desktop":80,"padding_bottom_desktop":80,"padding_top_mobile":40,"padding_bottom_mobile":40,"style_line_top":"none","style_line_bottom":"none","color_line":"","display_visibility":"hide-no"}},"hero_tBPDge":{"type":"hero","blocks":{"rich_text_basic_G8Jbwi":{"type":"rich_text_basic","settings":{"content":"<p>The result was L'ATHENE - skincare power-packed with vitamins, minerals, antioxidants, fatty acids, proteins, and phytonutrients to create extraordinary results for the healthiest skin possible. From healthy skin comes radiant beauty.<\/p><p>Sold for 20 years, L'ATHENE products launched in Nordstrom stores and are found in spas, in medical offices, hospitals, medi-spas, and online.  L'ATHENE brings you everything your skin needs for maximum health and luminous, younger-looking skin - quickly.<\/p><p>Nan and Lil have consulted on thousands of womens' skin, including many nurses.  They are nationally publicized speakers and medical educators that have been featured in numerous medical and consumer publications.<\/p><p>They have traveled nationally, presenting their lecture - <em>Ageless Beauty<\/em> - and sharing their message that it is possible to create 'true beauty and wellness' at any age.<\/p>","size_text":"md","color_text":""}}},"block_order":["rich_text_basic_G8Jbwi"],"disabled":true,"settings":{"alignment_text":"left","style_hero":"left","image_featured":"shopify:\/\/shop_images\/nan_lil_coffee_b.png","color_icon":"","color_text":"","color_background":"","color_background_gradient":"","color_overlay":"","color_overlay_gradient":"","opacity_overlay":48,"padding_top_desktop":32,"padding_bottom_desktop":32,"padding_top_mobile":16,"padding_bottom_mobile":16,"style_line_top":"none","style_line_bottom":"none","color_line":"","display_visibility":"hide-no","alignment_horizontal":"left"}},"image_text":{"type":"image-text","blocks":{"rich_text_story_more":{"type":"rich_text","settings":{"position_icon":"top","alignment_text":"left","size_text":"md","icon":"","caption":"","heading":"Why is it called L'ATHENE","heading_type":"h2","content":"<p>The name L'ATHENE comes from Athena, the goddess of wisdom, health, purity and reason. These are the 4 pillars the brand revolves around. In Greek, the name Athena (or Athene) means Nurse and Flower.<br\/>So L'ATHENE is the perfect name to \"nurse your skin to health\".<\/p>","button_url":"","button_text":"","style_button":"primary","color_border":"","color_icon":"","color_border_icon":"","color_text":"","color_background":"","color_background_gradient":""}},"image_story":{"type":"image","settings":{"image":"shopify:\/\/shop_images\/dogwood_story_page_cropped.jpg","width_image":800,"style_image":"rounded_corners","ratio_block":"square","alignment_horizontal":"left","link":"","caption":"","alignment_text":"left","position_caption":"top","size_text":"md","color_text":""}}},"block_order":["rich_text_story_more","image_story"],"disabled":true,"settings":{"content_alignment":"center","icon":"","caption":"","heading":"","heading_type":"h2","subheading":"","button_url":"","button_text":"","style_button":"primary","color_icon":"","color_text":"","color_subheading":"","color_background":"","color_background_gradient":"","padding_top_desktop":32,"padding_bottom_desktop":32,"padding_top_mobile":16,"padding_bottom_mobile":16,"style_line_top":"none","style_line_bottom":"none","color_line":"","display_visibility":"hide-no"}},"featured_blog":{"type":"featured-blog","disabled":true,"settings":{"blog":"news","tag":"","count_items":0,"display_sort_by":"title","display_sort_order":"ascending","layout_desktop":"slider","layout_mobile":"slider","column_count_desktop":3,"column_count_mobile":1,"display_navigation":true,"display_pagination":false,"ratio_image":"default","style_card":"default","display_text_card":"default","settings_style_cta_card":"default","card_caption_article":"none","icon":"","caption":"New & featured","heading":"From the blog","heading_type":"h2","subheading":"","button_url":"","button_text":"Read all","style_button":"plain","color_icon":"","color_text":"","color_subheading":"","color_background":"","color_background_gradient":"","padding_top_desktop":32,"padding_bottom_desktop":32,"padding_top_mobile":16,"padding_bottom_mobile":16,"style_line_top":"none","style_line_bottom":"none","color_line":"","display_visibility":"hide-no"}},"testimonials":{"type":"testimonials","blocks":{"testimonial_01":{"type":"testimonial","settings":{"rating":5,"content":"<p>Provide a featured customer quote explaining more about the quality of your product or service.<\/p><p><em>Try to keep this quote short and sweet!<\/em><\/p>","source":"— Testimonial source","product":"","style_image":"circle"}},"testimonial_02":{"type":"testimonial","settings":{"rating":5,"content":"<p>Provide a featured customer quote explaining more about the quality of your product or service.<\/p><p><em>Try to keep this quote short and sweet!<\/em><\/p>","source":"— Testimonial source","product":"","style_image":"circle"}},"testimonial_03":{"type":"testimonial","settings":{"rating":5,"content":"<p>Provide a featured customer quote explaining more about the quality of your product or service.<\/p><p><em>Try to keep this quote short and sweet!<\/em><\/p>","source":"— Testimonial source","product":"","style_image":"circle"}}},"block_order":["testimonial_01","testimonial_02","testimonial_03"],"disabled":true,"settings":{"column_count_desktop":3,"column_count_mobile":1,"layout_desktop":"grid","layout_mobile":"grid","display_navigation":true,"display_pagination":false,"content_alignment":"top","stretch_content":false,"icon":"","caption":"These are not actually real! 😉","heading":"Real customers, real reviews","heading_type":"h2","subheading":"","button_url":"","button_text":"View all testimonials","style_button":"plain","color_icon":"","color_text":"","color_subheading":"","color_background":"","color_background_gradient":"","padding_top_desktop":32,"padding_bottom_desktop":32,"padding_top_mobile":16,"padding_bottom_mobile":16,"style_line_top":"none","style_line_bottom":"none","color_line":"","display_visibility":"hide-no"}},"custom_tab_section_4PWfmY":{"type":"custom-tab-section","blocks":{"tab_BhHhJJ":{"type":"tab","settings":{"tab-title":"The L'ATHENE Story","page-content":"<div class=\"section-header\">\n    <h1>The L'ATHENE Story<\/h1>\n<\/div>\n<div class=\"sect-caption\">\n    <p>This high-performance breed of pure nutrient skincare - for anti-aging and challenged skin - was created by two Registered Nurses, Nan Brown and Lil Bogdan, who worked with burns and severe dermatological conditions at Johns Hopkins and other leading hospitals.<\/p>\n    <p>As wellness pioneers for over 20 years, these nurses were among the first to speak about the need for cleaner skincare and the value of pure naturals and pure nutrients on the skin to create real results.\nHealthy skin becomes Radiant Skin.<\/p>\n<\/div>\n \n<div class=\"cat-special sect-caption\">\n    <div class=\"cat-left\">\n       <h3>How it Began<\/h3>\n<p>After fifteen years of treating skin at its very worst in hospitals and studying clinical and holistic skin healing principles, they discovered that skin responds best to pure, potent, nutrient-rich natural preparations.<\/p>\n<p>Nan herself struggled with sensitive skin, but found that marketplace products couldn't give the wonderful results that they knew were possible. They then discovered that most skincare contained standard cosmetic chemicals.  Having experienced firsthand, both professionally and personally, the healing power of nature, Nan and Lil went on a quest to develop the most potent nutrient-rich skincare possible, with ingredients backed by science, and bring it to others everywhere.<\/p>\n<p>To create the skincare, they worked with top nutritionists, organic chemists and leading aromatherapists. They sought out the best ingredients for skin health. They meticulously refined the formulas to make them the most effective - without resorting to many standard cosmetic chemicals, and they used only the highest quality ingredients.<\/p>\n        \n    <\/div>\n    <div class=\"cat-right\"><img alt=\"Nan & Lil\" src=\"https:\/\/cdn.shopify.com\/s\/files\/1\/0585\/9727\/7801\/files\/NAN_and_LIL_211.jpg?v=1714676809\" border=\"0\" class=\"loaded\"><\/div>\n<\/div>\n<div class=\"cat-special sect-caption\">\n<div class=\"cat-right\"><img alt=\"Nan & Lil\" src=\"https:\/\/cdn.shopify.com\/s\/files\/1\/0585\/9727\/7801\/files\/nan_lil_coffee_b_d22f58b6-2151-47fd-8510-ead45230f723.png?v=1714746900\" border=\"0\" class=\"loaded\"><\/div>\n    <div class=\"cat-left\">\n\n<p>The result was L'ATHENE - skincare power-packed with vitamins, minerals, antioxidants, fatty acids, proteins, and phytonutrients to create extraordinary results for the healthiest skin possible. From healthy skin comes radiant beauty<\/p>\n<p>Sold for 20 years, L'ATHENE products launched in Nordstrom stores and are found in spas, in medical offices, hospitals, medi-spas, and online.  L'ATHENE brings you everything your skin needs for maximum health and luminous, younger-looking skin - quickly.<\/p>\n<p>Nan and Lil have consulted on thousands of womens' skin, including many nurses.  They are nationally publicized speakers and medical educators that have been featured in numerous medical and consumer publications.<\/p>\n<p>They have traveled nationally, presenting their lecture - Ageless Beauty - and sharing their message that it is possible to create 'true beauty and wellness' at any age.<\/p>\n        \n    <\/div>\n    \n<\/div>\n<div class=\"cat-special sect-caption\">\n<div class=\"cat-right\"><img alt=\"Nan & Lil\" src=\"https:\/\/cdn.shopify.com\/s\/files\/1\/0585\/9727\/7801\/files\/dogwood_story_page_cropped_6bc513d9-20dd-4a46-b5e5-cec1bdeae4ea.jpg?v=1714747137\" border=\"0\" class=\"loaded\"><\/div>\n    <div class=\"cat-left\">\n<h3>Why is it called L'ATHENE<\/h3>\n<p>The name L'ATHENE comes from Athena, the goddess of wisdom, health, purity and reason. These are the 4 pillars the brand revolves around. In Greek, the name Athena (or Athene) means Nurse and Flower.\nSo L'ATHENE is the perfect name to \"nurse your skin to health\".<\/p>\n       <div class=\"shop-our-product\"><a href=\"\/collections\/all\">shop our product<\/a><\/div> \n    <\/div>\n    \n<\/div>"}},"tab_NcDynN":{"type":"tab","settings":{"tab-title":"Our Commitment","page-content":"<div class=\"section-header\">\n    <h1> Our Commitment<\/h1>\n<\/div>\n<div class=\"sect-caption\">\n<p>Our mission is to improve the health and wellbeing of consumers and to provide them with solutions they can understand and trust.  As nurses, we care. We are dedicated to truly helping others with their skin challenges.<\/p>\n<\/div>\n<div class=\"cat-special sect-caption\">\n <div class=cat-right\"><img alt=\"Nan &amp; Lil\" src=\"https:\/\/cdn.shopify.com\/s\/files\/1\/0585\/9727\/7801\/files\/lowres_cropped.jpg?v=1714748748\" border=\"0\"><\/div>\n        <div class=\" cat-left\">\n    \n    <p>We are proud of L’ATHENE powerful nutrient treatments and their effectiveness for skin health. These products are truly good for the skin. Scientifically based in nature, the rich, wholesome nutrients are restorative and supportive to the body.<\/p>\n <p>Naturals work in harmony with your body.  What you put on your body should be as natural and healthy as what you put into it.  We know, when the skin is fed the right nutrients, the skin can become radiant, smooth and healthy.<\/p>\n  <\/div>\n   \n    <\/div>\n\n<p>Our products are easy to use, made in the USA, vegan and not tested on animals. Our packaging is environmentally friendly with recyclability as the goal. We want the best for our customers in every way and this is reflected in everything we do.<\/p>\n<p>We deliver products without compromising the integrity of the natural ingredients or the enjoyment of the experience.<\/p>\n<p>\n<i>These nutrient concentrates are as luxurious and pleasing to the user, as they are nourishing and effective for skin.<\/i><\/p>\n    <\/div>"}}},"block_order":["tab_BhHhJJ","tab_NcDynN"],"settings":{"device-title":"about us"}}},"order":["main","rich_text_about","banner_about","video_text","heading_featured_content","hero_tBPDge","image_text","featured_blog","testimonials","custom_tab_section_4PWfmY"]}