{"sections":{"main":{"type":"main-page","disabled":true,"settings":{"display_title":false,"color_text":"","color_background":"","color_background_gradient":"","padding_top_desktop":64,"padding_bottom_desktop":32,"padding_top_mobile":32,"padding_bottom_mobile":32,"style_line_top":"none","style_line_bottom":"none","color_line":""}},"welome_page_tJbgrY":{"type":"welcome-page","blocks":{"image_text_HXPrmq":{"type":"image-text","settings":{"image-text-header":"<p>L’ATHENE Certification Materials<\/p>","image-text-text":"<p>This page is for NEW ACCOUNTS ONLY. <\/p><p><\/p><p>For Managers\/Owners.  Below are two links for the Certification for New Accounts.<\/p><h4>The first link is the Skin Quiz Packet.  This contains the following documents:<\/h4>","image-text-section-checkbox":true,"image-text-text1":"<ul><li>Skin Quiz<\/li><\/ul>","image-text-section-sublist-text1":"<ul><li>All participants of the training need to pass this quiz, prior to the facility receiving the L'ATHENE Training Certification.<\/li><\/ul>","image-text-text2":"<ul><li>Signature Page<\/li><\/ul>","image-text-section-sublist-text2":"<ul><li>This form needs to be filled out by every staff member after they pass their Skin Quiz.  This document verifies that all segments for the L'ATHENE Training Certification were completed by each staff member.<\/li><\/ul>","btn-checkbox":false,"image-text-section-btn-text":"","image-text-section-url":"","image-text-image":"shopify:\/\/shop_images\/Rectangle_6480_4.png","section_width":"one_third","image-text-section-full-width":""}},"sub_list_block_8A3hMP":{"type":"sub-list-block","disabled":true,"settings":{"sub-list":"<ul><li>All participants of the training need to pass this quiz, prior to the facility receiving the L'ATHENE Training Certification.<\/li><\/ul>","section_width":"one_third"}},"image_text_V7GPDH":{"type":"image-text","disabled":true,"settings":{"image-text-header":"","image-text-text":"<ul><li>Signature Page<\/li><\/ul>","image-text-section-checkbox":false,"image-text-text1":"","image-text-section-sublist-text1":"","image-text-text2":"","image-text-section-sublist-text2":"","btn-checkbox":false,"image-text-section-btn-text":"","image-text-section-url":"","section_width":"one_third","image-text-section-full-width":""}},"sub_list_block_6xzqbY":{"type":"sub-list-block","disabled":true,"settings":{"sub-list":"<ul><li>This form needs to be filled out by every staff member after they pass their Skin Quiz.  This document verifies that all segments for the L'ATHENE Training Certification were completed by each staff member.<\/li><\/ul>","section_width":"one_third"}},"without_card_list_block_QygKmY":{"type":"without-card-list-block","settings":{"without-card-list-header":"","without-card-list-subheader":"<p>The second link is the Certification Completion form.<\/p>","without-card-list-text":"<ul><li>You will fill out this form after all the Signature Pages are completed.  This document verifies that all segments for the L'ATHENE Training Certification were completed successfully by all the staff members who will be using or recommendng L'ATHENE products at your facility.<\/li><li>Then send this form along with the Signature Pages to L'ATHENE as the final step for certification.<\/li><\/ul>","sub-list-checkbox":false,"sublist-text":"","checkbox":false,"btn-checkbox":false,"without-card-section-box-text":"","without-card-section-box-url":""}},"horizontal_button_box_teQ8Qz":{"type":"horizontal-button-box","settings":{"horizontal-button-box-header":"<p>Click below and print.<\/p>","horizontal-button-box-desc":"","btn-checkbox":true,"horizontal-button-box-text":"Skin Quiz Packet","horizontal-button-box-url":"https:\/\/cdn.shopify.com\/s\/files\/1\/0585\/9727\/7801\/files\/skin_quiz_packet.pdf?v=1722335229","checkbox":true,"image-position":"right","horizontal-btn-box-img":"shopify:\/\/shop_images\/Frame_1000005273_11.png","section_width":"third_one"}},"horizontal_button_box_kTPiie":{"type":"horizontal-button-box","settings":{"horizontal-button-box-header":"<p>Click below and print.<\/p>","horizontal-button-box-desc":"","btn-checkbox":true,"horizontal-button-box-text":"Certification Completion form","horizontal-button-box-url":"https:\/\/cdn.shopify.com\/s\/files\/1\/0585\/9727\/7801\/files\/training_certification_completion_3.pdf?v=1747129860","checkbox":false,"image-position":"right","horizontal-btn-box-img":"shopify:\/\/shop_images\/Frame_1000005273_12.png","section_width":"third_one"}}},"block_order":["image_text_HXPrmq","sub_list_block_8A3hMP","image_text_V7GPDH","sub_list_block_6xzqbY","without_card_list_block_QygKmY","horizontal_button_box_teQ8Qz","horizontal_button_box_kTPiie"],"settings":{"bg-color":"#fff5f5","text-color":"#57573d","padding_top_desktop":32,"padding_bottom_desktop":0,"padding_top_mobile":16,"padding_bottom_mobile":0,"list-image":"shopify:\/\/shop_images\/Rectangle_6475.png","tab1":"Welcome Page","tab2":"Training Certification","tab3":"Training Modules","tab4":"L'ATHENE Facials Video","tab5":"Product Materials","tab6":"Certification Materials"}},"training_footer_section_XXABjY":{"type":"training-footer-section","blocks":{"skincare_experts_bT8M94":{"type":"skincare-experts","settings":{"skincare-header":"<p><a href=\"https:\/\/lathene.com\/pages\/about-us\" title=\"https:\/\/lathene.com\/pages\/about-us\">Skincare Experts<\/a><\/p>","skincare-subheader":"<p><a href=\"https:\/\/lathene.com\/pages\/about-us\" title=\"https:\/\/lathene.com\/pages\/about-us\">The Nurse<\/a><\/p>","skincare-main-image":"shopify:\/\/shop_images\/Rectangle_6528.png","skincare-bg-img":"shopify:\/\/shop_images\/Group_1000005304.png"}},"media_hPh4XV":{"type":"media","settings":{"media-header":"<p><a href=\"https:\/\/lathene.com\/pages\/magazines\" title=\"https:\/\/lathene.com\/pages\/magazines\">Media<\/a><\/p>","media-subheader":"<p><a href=\"https:\/\/lathene.com\/pages\/magazines\" title=\"https:\/\/lathene.com\/pages\/magazines\">In The<\/a><\/p>","media-main-image":"shopify:\/\/shop_images\/Group_1000005305.png","media-bg-img":"shopify:\/\/shop_images\/Group_1000005303.png"}},"email_UTqDdf":{"type":"email","settings":{"email-header":"<p><a href=\"https:\/\/lathene.com\/collections\/exclusive-offers\" title=\"https:\/\/lathene.com\/collections\/exclusive-offers\">Offers<\/a><\/p>","email-subheader":"<p><a href=\"https:\/\/lathene.com\/collections\/exclusive-offers\" title=\"https:\/\/lathene.com\/collections\/exclusive-offers\">Exclusive<\/a><\/p>","email-bg-img":"shopify:\/\/shop_images\/Group_1000005251.png"}}},"block_order":["skincare_experts_bT8M94","media_hPh4XV","email_UTqDdf"],"settings":{"bg-color":"#ffffff","text-color":"#57573d","padding_top_desktop":32,"padding_bottom_desktop":32,"padding_top_mobile":16,"padding_bottom_mobile":16}}},"order":["main","welome_page_tJbgrY","training_footer_section_XXABjY"]}