{"sections":{"main":{"type":"main-page","disabled":true,"settings":{"display_title":false,"color_text":"","color_background":"","color_background_gradient":"","padding_top_desktop":64,"padding_bottom_desktop":32,"padding_top_mobile":32,"padding_bottom_mobile":32,"style_line_top":"none","style_line_bottom":"none","color_line":""}},"welome_page_KyUyHj":{"type":"welcome-page","blocks":{"image_text_VgTrTC":{"type":"image-text","settings":{"image-text-header":"<p>L’ATHENE Facials<\/p>","image-text-text":"<p>The Facial Video below is for those of you who have L'ATHENE Facials in your facility.  If you don't, skip this part of the training and click here to continue.<\/p>","image-text-section-checkbox":false,"image-text-text1":"","image-text-section-sublist-text1":"","image-text-text2":"","image-text-section-sublist-text2":"","btn-checkbox":false,"image-text-section-btn-text":"Product Materials","image-text-section-url":"shopify:\/\/pages\/product-materials","image-text-image":"shopify:\/\/shop_images\/Rectangle_6480_2.png","section_width":"third_one","image-text-section-full-width":"<p>Two L'ATHENE Facials will be demonstrated in the video. Mineral Dermabrasion Facial and Rejuvenation Facial.  Click to the right of the photo to review the facials.  Also the Facial Steps are found in the five documents below the photo.  You will need to print these documents to follow along with the facial demonstrations in the video.<\/p>"}},"button_box_with_img_FBDPqh":{"type":"button-box-with-img","disabled":true,"settings":{"img-button-box-header":"","img-button-box-desc":"<p>Once the video is open, let it load and then click onto the full screen icon (a little box with an arrow pointing up to the right) usually found in the right lower area of your screen.<\/p>","btn-checkbox":false,"img-button-box-text":"Click Here for Video","img-button-box-url":"#","checkbox":false,"button-box-image-position":"left","btn-box-img":"shopify:\/\/shop_images\/Rectangle_6523_1.png"}},"horizontal_button_box_KdPWa7":{"type":"horizontal-button-box","settings":{"horizontal-button-box-header":"","horizontal-button-box-desc":"<p>Once the video is open, let it load and then click onto the full screen icon (a little box with an arrow pointing up to the right) usually found in the right lower area of your screen.<\/p>","btn-checkbox":true,"horizontal-button-box-text":"Click Here for Video","horizontal-button-box-url":"https:\/\/www.youtube.com\/watch?v=asrsX4M-IV4","checkbox":false,"image-position":"left","horizontal-btn-box-img":"shopify:\/\/shop_images\/training_video_facials.png","section_width":"half_half"}},"without_card_list_block_pzkkjW":{"type":"without-card-list-block","settings":{"without-card-list-header":"","without-card-list-subheader":"<p>Below is the Facials Packet link with all the materials you will need to do the two L'ATHENE Facials.  The packet includes the following documents:<\/p>","without-card-list-text":"<ul><li>Mineral Dermabrasion Facial<\/li><li>Rejuvenation Facial<\/li><li>Face Zones Diagram<\/li><li>Papaya Enzyme Preparation<\/li><li>Customized Skin Regimes<\/li><\/ul>","sub-list-checkbox":true,"sublist-text":"<ul><li>This card is to be completed for your clients after each L'ATHENE facial.  It helps you suggest which products are best for them to use at home, based on their skin type and what you have seen.<\/li><li>Your clients look to you for your professional expertise, and your recommendations for the best at-home skincare treatments for them is an important step for their optimum skin care regime.<\/li><li>Making good recommendations also builds client loyalty.<\/li><\/ul><p>Click onto the link below and print.<\/p>","checkbox":false,"btn-checkbox":true,"without-card-section-box-text":"Facials Packet","without-card-section-box-url":"https:\/\/cdn.shopify.com\/s\/files\/1\/0585\/9727\/7801\/files\/facials_packet.pdf?v=1722335099"}},"horizontal_button_box_PACfDK":{"type":"horizontal-button-box","settings":{"horizontal-button-box-header":"<p><a href=\"https:\/\/cdn.shopify.com\/s\/files\/1\/0585\/9727\/7801\/files\/facials_packet.pdf?v=1722335099\" target=\"_blank\" title=\"https:\/\/cdn.shopify.com\/s\/files\/1\/0585\/9727\/7801\/files\/facials_packet.pdf?v=1722335099\">Next, click the link below for the L'ATHENE reference materials to review.<\/a><\/p>","horizontal-button-box-desc":"","btn-checkbox":false,"horizontal-button-box-text":"PRODUCT MATERIALS - Click Here","horizontal-button-box-url":"shopify:\/\/pages\/product-materials","checkbox":false,"image-position":"right","horizontal-btn-box-img":"shopify:\/\/shop_images\/Frame_1000005273_9.png","section_width":"third_one"}}},"block_order":["image_text_VgTrTC","button_box_with_img_FBDPqh","horizontal_button_box_KdPWa7","without_card_list_block_pzkkjW","horizontal_button_box_PACfDK"],"settings":{"bg-color":"#fff5f3","text-color":"#57573d","padding_top_desktop":32,"padding_bottom_desktop":32,"padding_top_mobile":16,"padding_bottom_mobile":16,"list-image":"shopify:\/\/shop_images\/Rectangle_6475.png","tab1":"Welcome Page","tab2":"Training Certification","tab3":"Training Modules","tab4":"L'ATHENE Facials Video","tab5":"Product Materials","tab6":"Certification Materials"}},"training_footer_section_NkjN7y":{"type":"training-footer-section","blocks":{"skincare_experts_MQm94H":{"type":"skincare-experts","settings":{"skincare-header":"<p><a href=\"https:\/\/lathene.com\/pages\/about-us\" title=\"https:\/\/lathene.com\/pages\/about-us\">Skincare Experts<\/a><\/p>","skincare-subheader":"<p><a href=\"https:\/\/lathene.com\/pages\/about-us\" title=\"https:\/\/lathene.com\/pages\/about-us\">The Nurse<\/a><\/p>","skincare-main-image":"shopify:\/\/shop_images\/Rectangle_6528.png","skincare-bg-img":"shopify:\/\/shop_images\/Group_1000005304.png"}},"media_zrJ7qL":{"type":"media","settings":{"media-header":"<p><a href=\"https:\/\/lathene.com\/pages\/magazines\" title=\"https:\/\/lathene.com\/pages\/magazines\">Media<\/a><\/p>","media-subheader":"<p><a href=\"https:\/\/lathene.com\/pages\/magazines\" title=\"https:\/\/lathene.com\/pages\/magazines\">In The<\/a><\/p>","media-main-image":"shopify:\/\/shop_images\/Group_1000005305.png","media-bg-img":"shopify:\/\/shop_images\/Group_1000005303.png"}},"email_XRmwFV":{"type":"email","settings":{"email-header":"<p><a href=\"https:\/\/lathene.com\/collections\/exclusive-offers\" title=\"https:\/\/lathene.com\/collections\/exclusive-offers\">Offers<\/a><\/p>","email-subheader":"<p><a href=\"https:\/\/lathene.com\/collections\/exclusive-offers\" title=\"https:\/\/lathene.com\/collections\/exclusive-offers\">Exclusive<\/a><\/p>","email-bg-img":"shopify:\/\/shop_images\/Group_1000005251.png"}}},"block_order":["skincare_experts_MQm94H","media_zrJ7qL","email_XRmwFV"],"settings":{"bg-color":"#ffffff","text-color":"#57573d","padding_top_desktop":32,"padding_bottom_desktop":32,"padding_top_mobile":16,"padding_bottom_mobile":16}}},"order":["main","welome_page_KyUyHj","training_footer_section_NkjN7y"]}