{"sections":{"main":{"type":"main-page","disabled":true,"settings":{"display_title":false,"color_text":"","color_background":"","color_background_gradient":"","padding_top_desktop":32,"padding_bottom_desktop":32,"padding_top_mobile":16,"padding_bottom_mobile":16,"style_line_top":"none","style_line_bottom":"none","color_line":""}},"custom_tab_section_4PWfmY":{"type":"custom-tab-section","blocks":{"tab_BhHhJJ":{"type":"tab","settings":{"tab-title":"Magazines","page-content":"<div class=\"section-header\">\n    <h1>Magzine<\/h1>\n<\/div>\n<div class=\"wrapper\">\n    <div class=\"left-wrapper\">\n        <div class=\"left-wrapper-image\">\n <img src=\"https:\/\/cdn.shopify.com\/s\/files\/1\/0585\/9727\/7801\/files\/primeliving_152.jpg?v=1715189877\" alt=\"\">\n        <\/div>\n        <div class=\"left-wraper-text\">\n            <h3 class=\"wraper-sub-title\">Prime Living<\/h3>\n            <p class=\"wrapper-text\">VITAPURE Serum chosen as the SUPERHERO Serum.<\/p>\n        <\/div>\n    \n    <\/div>\n    <div class=\"right-wrapper\">\n        <div class=\"left-wrapper-image\">\n<img src=\"https:\/\/cdn.shopify.com\/s\/files\/1\/0585\/9727\/7801\/files\/skininc_152.jpg?v=1715189876\" alt=\"\">\n        <\/div>\n        <div class=\"left-wraper-text\">\n            <h3 class=\"wraper-sub-title\">Skin Inc.<\/h3>\n            <p class=\"wrapper-text\">Line focuses on anti-aging and sensitive skin care, and features 100% pure pharmaceutical-grade natural ingredients.<\/p>\n        <\/div>\n    <\/div>\n<\/div>\n\n<div class=\"wrapper\">\n    <div class=\"left-wrapper\">\n        <div class=\"left-wrapper-image\">\n <img src=\"https:\/\/cdn.shopify.com\/s\/files\/1\/0585\/9727\/7801\/files\/inwithskin_152.jpg?v=1715192528\" alt=\"\">\n        <\/div>\n        <div class=\"left-wraper-text\">\n            <h3 class=\"wraper-sub-title\">In With Skin<\/h3>\n            <p class=\"wrapper-text\">L'ATHENE treatments produce noticeable results for aging skin..<\/p>\n        <\/div>\n    \n    <\/div>\n    <div class=\"right-wrapper\">\n        <div class=\"left-wrapper-image\">\n<img src=\"https:\/\/cdn.shopify.com\/s\/files\/1\/0585\/9727\/7801\/files\/skindeep_166.jpg?v=1715192528\" alt=\"\">\n        <\/div>\n        <div class=\"left-wraper-text\">\n            <h3 class=\"wraper-sub-title\">Skin Deep<\/h3>\n            <p class=\"wrapper-text\">Spotlighted the MINERAL DERMA-SCRUB for ultimate exfoliation.<\/p>\n        <\/div>\n    <\/div>\n<\/div>\n\n<div class=\"wrapper\">\n    <div class=\"left-wrapper\">\n        <div class=\"left-wrapper-image\">\n <img src=\"https:\/\/cdn.shopify.com\/s\/files\/1\/0585\/9727\/7801\/files\/beautylaunchpad_152.jpg?v=1715192528\" alt=\"\">\n        <\/div>\n        <div class=\"left-wraper-text\">\n            <h3 class=\"wraper-sub-title\">Beauty Launch Pad<\/h3>\n            <p class=\"wrapper-text\">Spotlighted VITAPURE Serum<\/p>\n        <\/div>\n    \n    <\/div>\n    <div class=\"right-wrapper\">\n        <div class=\"left-wrapper-image\">\n<img src=\"https:\/\/cdn.shopify.com\/s\/files\/1\/0585\/9727\/7801\/files\/floralmanagement_152.jpg?v=1715192528\" alt=\"\">\n        <\/div>\n        <div class=\"left-wraper-text\">\n            <h3 class=\"wraper-sub-title\">Floral Management.<\/h3>\n            <p class=\"wrapper-text\">NEROLI Creme earned SHOWCASE PRODUCT by Society of American Florists.<\/p>\n        <\/div>\n    <\/div>\n<\/div>\n<div class=\"wrapper\">\n    <div class=\"left-wrapper\">\n        <div class=\"left-wrapper-image\">\n <img src=\"https:\/\/cdn.shopify.com\/s\/files\/1\/0585\/9727\/7801\/files\/fridaymagazine.jpg?v=1715192528\" alt=\"\">\n        <\/div>\n        <div class=\"left-wraper-text\">\n            <h3 class=\"wraper-sub-title\">Friday Magazine<\/h3>\n            <p class=\"wrapper-text\">International... from Dubai. L'ATHENE is not about catchy advertisements... observe the remarkable difference the products make.<\/p>\n        <\/div>\n    \n    <\/div>\n    <div class=\"right-wrapper\">\n        <div class=\"left-wrapper-image\">\n<img src=\"https:\/\/cdn.shopify.com\/s\/files\/1\/0585\/9727\/7801\/files\/rn_152.jpg?v=1715194208\" alt=\"\">\n        <\/div>\n        <div class=\"left-wraper-text\">\n            <h3 class=\"wraper-sub-title\">RN Magazine<\/h3>\n            <p class=\"wrapper-text\">L'ATHENE Nurses Earn RN Magazine Cover and Cover Story. RN Magazine says, \"The value of pure nutrients to promote healing.\"<\/p>\n        <\/div>\n    <\/div>\n<\/div>\n<div class=\"wrapper\">\n    <div class=\"left-wrapper\">\n        <div class=\"left-wrapper-image\">\n <img src=\"https:\/\/cdn.shopify.com\/s\/files\/1\/0585\/9727\/7801\/files\/sitting_on_boxesb_1208_cropped.jpg?v=1715194208\" alt=\"\">\n        <\/div>\n        <div class=\"left-wraper-text\">\n            <h3 class=\"wraper-sub-title\">The State Newspaper of South Carolina<\/h3>\n            <p class=\"wrapper-text\">You could see a significant difference within three days. With L'ATHENE... your skin will move to a healthy state.<\/p>\n        <\/div>\n    \n    <\/div>\n    <div class=\"right-wrapper\">\n        <div class=\"left-wrapper-image\">\n<img src=\"https:\/\/cdn.shopify.com\/s\/files\/1\/0585\/9727\/7801\/files\/spa_review_152.jpg?v=1715194208\" alt=\"\">\n        <\/div>\n        <div class=\"left-wraper-text\">\n            <h3 class=\"wraper-sub-title\">Worldwide Spa Review Magazine<\/h3>\n            <p class=\"wrapper-text\">L'ATHENE NUTRIAGE Antioxidant Eye Repair certainly beats surgery - far less puffiness and far fewer wrinkles.<\/p>\n        <\/div>\n    <\/div>\n<\/div>\n<div class=\"wrapper\">\n    <div class=\"left-wrapper\">\n        <div class=\"left-wrapper-image\">\n <img src=\"https:\/\/cdn.shopify.com\/s\/files\/1\/0585\/9727\/7801\/files\/press_more.jpg?v=1715194208\" alt=\"\">\n        <\/div>\n        <div class=\"left-wraper-text\">\n            <h3 class=\"wraper-sub-title\">More<\/h3>\n            <p class=\"wrapper-text\">L'ATHENE Skin Care Products on MORE's Top 100 Gotta-Try Products. L'ATHENE Complexion keepers for ultra-sensitive skin created by nurses who specialized in burn victims..<\/p>\n        <\/div>\n    \n    <\/div>\n    <div class=\"right-wrapper\">\n        <div class=\"left-wrapper-image\">\n<img src=\"https:\/\/cdn.shopify.com\/s\/files\/1\/0585\/9727\/7801\/files\/press_glamour.jpg?v=1715194208\" alt=\"\">\n        <\/div>\n        <div class=\"left-wraper-text\">\n            <h3 class=\"wraper-sub-title\">Glamour<\/h3>\n            <p class=\"wrapper-text\">GLAMOUR Magazine says that they are cheering for two burn nurses who launched L'ATHENE - it's first aid for your face. A winter dryness healer.<\/p>\n        <\/div>\n    <\/div>\n<\/div><div class=\"wrapper\">\n    <div class=\"left-wrapper\">\n        <div class=\"left-wrapper-image\">\n <img src=\"https:\/\/cdn.shopify.com\/s\/files\/1\/0585\/9727\/7801\/files\/press_self.jpg?v=1715194208\" alt=\"\">\n        <\/div>\n        <div class=\"left-wraper-text\">\n            <h3 class=\"wraper-sub-title\">Self<\/h3>\n            <p class=\"wrapper-text\">A SELF Beauty Best - L'ATHENE's NUTRIAGE Eye Repair Creme. A must if you have puffy eyes.<\/p>\n        <\/div>\n    \n    <\/div>\n    <div class=\"right-wrapper\">\n        <div class=\"left-wrapper-image\">\n<img src=\"https:\/\/cdn.shopify.com\/s\/files\/1\/0585\/9727\/7801\/files\/press_wwd.jpg?v=1715194208\" alt=\"\">\n        <\/div>\n        <div class=\"left-wraper-text\">\n            <h3 class=\"wraper-sub-title\">Womens' Wear Daily<\/h3>\n            <p class=\"wrapper-text\">Move over dermatologists, here come two nurses. The time is ripe for healthy skin care and L'ATHENE is the answer.<\/p>\n        <\/div>\n    <\/div>\n<\/div><div class=\"wrapper\">\n    <div class=\"left-wrapper\">\n        <div class=\"left-wrapper-image\">\n <img src=\"https:\/\/cdn.shopify.com\/s\/files\/1\/0585\/9727\/7801\/files\/COVERChasMagMarch07small.jpg?v=1715194208\" alt=\"\">\n        <\/div>\n        <div class=\"left-wraper-text\">\n            <h3 class=\"wraper-sub-title\">Charleston Magazine<\/h3>\n            <p class=\"wrapper-text\">VL'ATHENE rockets to the top of the anti-aging market. The nurses poured their expertise into a booming skincare line.<\/p>\n        <\/div>\n    \n    <\/div>\n    <div class=\"right-wrapper\">\n        <div class=\"left-wrapper-image\">\n<img src=\"https:\/\/cdn.shopify.com\/s\/files\/1\/0585\/9727\/7801\/files\/press_beauty.jpg?v=1715194210\" alt=\"\">\n        <\/div>\n        <div class=\"left-wraper-text\">\n            <h3 class=\"wraper-sub-title\">Beauty Fashion<\/h3>\n            <p class=\"wrapper-text\">Nutrients are important to skin health and beauty. L'ATHENE was created by nurses with first-hand experience treating patients with burns.<\/p>\n        <\/div>\n    <\/div>\n<\/div>\n<div class=\"wrapper\">\n    <div class=\"left-wrapper\">\n        <div class=\"left-wrapper-image\">\n <img src=\"https:\/\/cdn.shopify.com\/s\/files\/1\/0585\/9727\/7801\/files\/press_angeleno.jpg?v=1715194208\" alt=\"\">\n        <\/div>\n        <div class=\"left-wraper-text\">\n            <h3 class=\"wraper-sub-title\">Angelino<\/h3>\n            <p class=\"wrapper-text\">The World's Best Face Cremes. L'ATHENE RESTORE Balancing Moisturizer... worth its weight in gold.<\/p>\n        <\/div>\n    \n    <\/div>\n    <div class=\"right-wrapper\">\n        <div class=\"left-wrapper-image\">\n<img src=\"https:\/\/cdn.shopify.com\/s\/files\/1\/0585\/9727\/7801\/files\/press_cs.jpg?v=1715194208\" alt=\"\">\n        <\/div>\n        <div class=\"left-wraper-text\">\n            <h3 class=\"wraper-sub-title\">Chicago Social<\/h3>\n            <p class=\"wrapper-text\">The Buzz. L'ATHENE RESTORE Balancing Moisturizer... the Best For Your Face..<\/p>\n        <\/div>\n    <\/div>\n<\/div>\n<div class=\"wrapper\">\n    <div class=\"left-wrapper\">\n        <div class=\"left-wrapper-image\">\n <img src=\"https:\/\/cdn.shopify.com\/s\/files\/1\/0585\/9727\/7801\/files\/healthyagingcover.jpg?v=1715194208\" alt=\"\">\n        <\/div>\n        <div class=\"left-wraper-text\">\n            <h3 class=\"wraper-sub-title\">Healthy Aging<\/h3>\n            <p class=\"wrapper-text\">L'ATHENE goes beyond the basics of skin care with its pure elements precisely formulated for sensitive skin and to target the signs of aging.<\/p>\n        <\/div>\n    \n    <\/div>\n    <div class=\"right-wrapper\">\n        <div class=\"left-wrapper-image\">\n<img src=\"https:\/\/cdn.shopify.com\/s\/files\/1\/0585\/9727\/7801\/files\/nursing_spectrum_152.jpg?v=1715194208\" alt=\"\">\n        <\/div>\n        <div class=\"left-wraper-text\">\n            <h3 class=\"wraper-sub-title\">Nursing Spectrum.<\/h3>\n            <p class=\"wrapper-text\">Nurses Products Reign Over Pores. L'ATHENE is a fast-growing company with business doubling since last year.<\/p>\n        <\/div>\n    <\/div>\n<\/div>\n<div class=\"wrapper\">\n    <div class=\"left-wrapper\">\n        <div class=\"left-wrapper-image\">\n <img src=\"https:\/\/cdn.shopify.com\/s\/files\/1\/0585\/9727\/7801\/files\/gs_152.jpg?v=1715194208\" alt=\"\">\n        <\/div>\n        <div class=\"left-wraper-text\">\n            <h3 class=\"wraper-sub-title\">GS Magazine<\/h3>\n            <p class=\"wrapper-text\">More than Skin Deep. One of the spas most requested treatments is the L'ATHENE facial. \"It's our most popular facial.\" Estheticians say, \"I've seen such a huge difference in my skin using L'ATHENE.\"<\/p>\n        <\/div>\n    \n    <\/div>\n    <div class=\"right-wrapper\">\n        <div class=\"left-wrapper-image\">\n<img src=\"https:\/\/cdn.shopify.com\/s\/files\/1\/0585\/9727\/7801\/files\/charlestonmag_1011_152.jpg?v=1715194208\" alt=\"\">\n        <\/div>\n        <div class=\"left-wraper-text\">\n            <h3 class=\"wraper-sub-title\">Charleston Business Journal<\/h3>\n            <p class=\"wrapper-text\">For the women behind L'ATHENE, Inc., a Mount Pleasant-based cosmeceutical company, the aging of the baby boomer generation is a prescription for good business opportunities.<\/p>\n        <\/div>\n    <\/div>\n<\/div>\n<div class=\"wrapper\">\n    <div class=\"left-wrapper\">\n        <div class=\"left-wrapper-image\">\n <img src=\"https:\/\/cdn.shopify.com\/s\/files\/1\/0585\/9727\/7801\/files\/rn_2005_152.jpg?v=1715194208\" alt=\"\">\n        <\/div>\n        <div class=\"left-wraper-text\">\n            <h3 class=\"wraper-sub-title\">RN Magazine<\/h3>\n            <p class=\"wrapper-text\">Two nurses who have cared for patients and other severe skin problems have created a breed of chemical-free skin care products targeted for sensitive skin.<\/p>\n        <\/div>\n    \n    <\/div>\n    <div class=\"right-wrapper\">\n        <div class=\"left-wrapper-image\">\n<img src=\"https:\/\/cdn.shopify.com\/s\/files\/1\/0585\/9727\/7801\/files\/spa_review2_152.jpg?v=1715194208\" alt=\"\">\n        <\/div>\n        <div class=\"left-wraper-text\">\n            <h3 class=\"wraper-sub-title\">Worldwide Spa Review.<\/h3>\n            <p class=\"wrapper-text\">People can get startling results by using L'ATHENE. Their microderm facial gives really amazing results. The estheticians say how great this treatment is.<\/p>\n        <\/div>\n    <\/div>\n<\/div>\n<div class=\"wrapper\">\n    <div class=\"left-wrapper\">\n        <div class=\"left-wrapper-image\">\n <img src=\"https:\/\/cdn.shopify.com\/s\/files\/1\/0585\/9727\/7801\/files\/skirt_152.jpg?v=1715194208\" alt=\"\">\n        <\/div>\n        <div class=\"left-wraper-text\">\n            <h3 class=\"wraper-sub-title\">Skirt<\/h3>\n            <p class=\"wrapper-text\">Miracle Potion. Lil Bogdan and Nan Brown put their best face forward.<\/p>\n        <\/div>\n    \n    <\/div>\n    <div class=\"right-wrapper\">\n        <div class=\"left-wrapper-image\">\n<img src=\"https:\/\/cdn.shopify.com\/s\/files\/1\/0585\/9727\/7801\/files\/charlestonmag_1011_152.jpg?v=1715194208\" alt=\"\">\n        <\/div>\n        <div class=\"left-wraper-text\">\n            <h3 class=\"wraper-sub-title\">Charleston Magazine<\/h3>\n            <p class=\"wrapper-text\">The VITAPURE antioxidant serum is one step in L'ATHENE's three-part anti-aging starter kit.<\/p>\n        <\/div>\n    <\/div>\n<\/div>\n<div class=\"wrapper\">\n    <div class=\"left-wrapper\">\n        <div class=\"left-wrapper-image\">\n <img src=\"https:\/\/cdn.shopify.com\/s\/files\/1\/0585\/9727\/7801\/files\/press_soap.jpg?v=1715194208\" alt=\"\">\n        <\/div>\n        <div class=\"left-wraper-text\">\n            <h3 class=\"wraper-sub-title\">Soap and Cosmetics<\/h3>\n            <p class=\"wrapper-text\">VITAPURE Naturally Inspired- Nature's Beauty Remedies L'ATHENE's collection is created with an all natural base... power-packed with active ingredients.... addresses anti-aging treatment and prevention... begins with a skin rejuvenation system..<\/p>\n        <\/div>\n    \n    <\/div>\n    <div class=\"right-wrapper\">\n        <div class=\"left-wrapper-image\">\n<img src=\"https:\/\/cdn.shopify.com\/s\/files\/1\/0585\/9727\/7801\/files\/nurseconnect_152_1.jpg?v=1715194208\" alt=\"\">\n        <\/div>\n        <div class=\"left-wraper-text\">\n            <h3 class=\"wraper-sub-title\">Nurse Connect.<\/h3>\n            <p class=\"wrapper-text\">The owners of L'ATHENE share their story of going from being nurses to business owners.<\/p>\n        <\/div>\n    <\/div>\n<\/div><div class=\"wrapper\">\n    <div class=\"left-wrapper\">\n        <div class=\"left-wrapper-image\">\n <img src=\"https:\/\/cdn.shopify.com\/s\/files\/1\/0585\/9727\/7801\/files\/wherechasArticle.jpg?v=1715194208\" alt=\"\">\n        <\/div>\n        <div class=\"left-wraper-text\">\n            <h3 class=\"wraper-sub-title\">Where Charleston<\/h3>\n            <p class=\"wrapper-text\">Lil Bogdan and Nan Brown, two former Johns Hopkins nurses, are revolutionizing skin care.<\/p>\n        <\/div>\n    \n    <\/div>\n    <div class=\"right-wrapper\">\n        <div class=\"left-wrapper-image\">\n<img src=\"https:\/\/cdn.shopify.com\/s\/files\/1\/0585\/9727\/7801\/files\/nurseconnect_152_1.jpg?v=1715194208\" alt=\"\">\n        <\/div>\n        <div class=\"left-wraper-text\">\n            <h3 class=\"wraper-sub-title\">\nNurse Connect<\/h3>\n            <p class=\"wrapper-text\">Enthusiastic customers... heap praise on L'ATHENE for their dramatic results.<\/p>\n        <\/div>\n    <\/div>\n<\/div><div class=\"wrapper\">\n    <div class=\"left-wrapper\">\n        <div class=\"left-wrapper-image\">\n <img src=\"https:\/\/cdn.shopify.com\/s\/files\/1\/0585\/9727\/7801\/files\/nursezonelogo.jpg?v=1715194208\" alt=\"\">\n        <\/div>\n        <div class=\"left-wraper-text\">\n            <h3 class=\"wraper-sub-title\">Nursezone.com<\/h3>\n            <p class=\"wrapper-text\">What makes L'ATHENE unique is that everything in the products is pure. Pure nutrient skincare that works with the body..<\/p>\n        <\/div>\n    \n    <\/div>\n    <div class=\"right-wrapper\">\n        <div class=\"left-wrapper-image\">\n<img src=\"https:\/\/cdn.shopify.com\/s\/files\/1\/0585\/9727\/7801\/files\/radiantlifecover.jpg?v=1715194209\" alt=\"\">\n        <\/div>\n        <div class=\"left-wraper-text\">\n            <h3 class=\"wraper-sub-title\">Radiant Life<\/h3>\n            <p class=\"wrapper-text\">NEROLI Hand and Body Creme is the fix for dry, cracked hands..<\/p>\n        <\/div>\n    <\/div>\n<\/div>\n<div class=\"wrapper\">\n    <div class=\"left-wrapper\">\n        <div class=\"left-wrapper-image\">\n <img src=\"https:\/\/cdn.shopify.com\/s\/files\/1\/0585\/9727\/7801\/files\/teetimecover.jpg?v=1715194208\" alt=\"\">\n        <\/div>\n        <div class=\"left-wraper-text\">\n            <h3 class=\"wraper-sub-title\">Tee Time<\/h3>\n            <p class=\"wrapper-text\">Learn about sun damage from Nan and Lil and how to minimize the effect of the sun on your skin.<\/p>\n        <\/div>\n    \n    <\/div>\n    <div class=\"right-wrapper\">\n        <div class=\"left-wrapper-image\">\n<img src=\"https:\/\/cdn.shopify.com\/s\/files\/1\/0585\/9727\/7801\/files\/she_cover_400.jpg?v=1715194208\" alt=\"\">\n        <\/div>\n        <div class=\"left-wraper-text\">\n            <h3 class=\"wraper-sub-title\">She Magazine<\/h3>\n            <p class=\"wrapper-text\">Physician says, \"L'ATHENE Treatments are remarkable\".<\/p>\n        <\/div>\n    <\/div>\n<\/div><div class=\"wrapper\">\n    <div class=\"left-wrapper\">\n        <div class=\"left-wrapper-image\">\n <img src=\"https:\/\/cdn.shopify.com\/s\/files\/1\/0585\/9727\/7801\/files\/healthyagingcover.jpg?v=1715194208\" alt=\"\">\n        <\/div>\n        <div class=\"left-wraper-text\">\n            <h3 class=\"wraper-sub-title\">Healthcare Traveler<\/h3>\n            <p class=\"wrapper-text\">For the Healthcare Traveler on the go... L'ATHENE Trial Dose Sampler Kit to the rescue.<\/p>\n        <\/div>\n    \n    <\/div>\n    <div class=\"right-wrapper\">\n        <div class=\"left-wrapper-image\">\n<img src=\"https:\/\/cdn.shopify.com\/s\/files\/1\/0585\/9727\/7801\/files\/selecta_cover_400.jpg?v=1715194208\" alt=\"\">\n        <\/div>\n        <div class=\"left-wraper-text\">\n            <h3 class=\"wraper-sub-title\">Selecta<\/h3>\n            <p class=\"wrapper-text\">Line focuses on anti-aging and sensitive skin care, and features 100% pure pharmaceutical-grade natural ingredients.<\/p>\n        <\/div>\n    <\/div>\n<\/div>"}},"tab_NcDynN":{"type":"tab","settings":{"tab-title":"Online","page-content":"<div class=\"section-header\">\n    <h1>Online<\/h1>\n<\/div>\n<div class=\"wrapper\">\n    <div class=\"left-wrapper\">\n        <div class=\"left-wrapper-image\">\n <img src=\"https:\/\/cdn.shopify.com\/s\/files\/1\/0585\/9727\/7801\/files\/jacquelineluxe_152.jpg?v=1715196994\" alt=\"\">\n        <\/div>\n        <div class=\"left-wraper-text\">\n            <h3 class=\"wraper-sub-title\">\nJacqueline Luxe<\/h3>\n            <p class=\"wrapper-text\">Voted L'ATHENE Best Beauty Skin Care Product..<\/p>\n        <\/div>\n    \n    <\/div>\n    <div class=\"right-wrapper\">\n        <div class=\"left-wrapper-image\">\n<img src=\"https:\/\/cdn.shopify.com\/s\/files\/1\/0585\/9727\/7801\/files\/newagemama_152.jpg?v=1715197027\" alt=\"\">\n        <\/div>\n        <div class=\"left-wraper-text\">\n            <h3 class=\"wraper-sub-title\">\nNew Age Mama<\/h3>\n            <p class=\"wrapper-text\">L'ATHENE - These amazing products not only leave skin soft and touchable, they also help to prevent wrinkles.<\/p>\n        <\/div>\n    <\/div>\n<\/div>\n\n<div class=\"wrapper\">\n    <div class=\"left-wrapper\">\n        <div class=\"left-wrapper-image\">\n <img src=\"https:\/\/cdn.shopify.com\/s\/files\/1\/0585\/9727\/7801\/files\/itsaglamthing_030311_130.jpg?v=1715197095\" alt=\"\">\n        <\/div>\n        <div class=\"left-wraper-text\">\n            <h3 class=\"wraper-sub-title\">It's a Glam Thing<\/h3>\n            <p class=\"wrapper-text\"><\/p>\n        <\/div>\n    \n    <\/div>\n    <div class=\"right-wrapper\">\n        <div class=\"left-wrapper-image\">\n<img src=\"https:\/\/cdn.shopify.com\/s\/files\/1\/0585\/9727\/7801\/files\/makeherup_021011_130.jpg?v=1715197180\" alt=\"\">\n        <\/div>\n        <div class=\"left-wraper-text\">\n            <h3 class=\"wraper-sub-title\">Make Her Up<\/h3>\n            <p class=\"wrapper-text\">PRIMESSE - This all-in-one cleanser dissolves impurities, make-up and excess oil... without detergents.<\/p>\n        <\/div>\n    <\/div>\n<\/div>\n\n<div class=\"wrapper\">\n    <div class=\"left-wrapper\">\n        <div class=\"left-wrapper-image\">\n <img src=\"https:\/\/cdn.shopify.com\/s\/files\/1\/0585\/9727\/7801\/files\/insidecosmeceuticals_022511_130.jpg?v=1715197258\" alt=\"\">\n        <\/div>\n        <div class=\"left-wraper-text\">\n            <h3 class=\"wraper-sub-title\">Inside Cosmeceuticals<\/h3>\n            <p class=\"wrapper-text\">Each L'ATHENE product contains a blend of vitamins, minerals, proteins and fatty acids in a pure, bioactive form for healthy skin.<\/p>\n        <\/div>\n    \n    <\/div>\n    <div class=\"right-wrapper\">\n        <div class=\"left-wrapper-image\">\n<img src=\"https:\/\/cdn.shopify.com\/s\/files\/1\/0585\/9727\/7801\/files\/lipglossbreak_022011_130.jpg?v=1715197345\" alt=\"\">\n        <\/div>\n        <div class=\"left-wraper-text\">\n            <h3 class=\"wraper-sub-title\">Lip-Gloss Break<\/h3>\n            <p class=\"wrapper-text\"><\/p>\n        <\/div>\n    <\/div>\n<\/div>\n<div class=\"wrapper\">\n    <div class=\"left-wrapper\">\n        <div class=\"left-wrapper-image\">\n <img src=\"https:\/\/cdn.shopify.com\/s\/files\/1\/0585\/9727\/7801\/files\/savvy_020411_130.jpg?v=1715197417\" alt=\"\">\n        <\/div>\n        <div class=\"left-wraper-text\">\n            <h3 class=\"wraper-sub-title\">Savvy Houswife<\/h3>\n            <p class=\"wrapper-text\">My favorite product is the VITAPURE Antioxidant Serum. I can instantly feel the difference.<\/p>\n        <\/div>\n    \n    <\/div>\n    <div class=\"right-wrapper\">\n        <div class=\"left-wrapper-image\">\n<img src=\"https:\/\/cdn.shopify.com\/s\/files\/1\/0585\/9727\/7801\/files\/lipstick_030211_130.jpg?v=1715197473\" alt=\"\">\n        <\/div>\n        <div class=\"left-wraper-text\">\n            <h3 class=\"wraper-sub-title\">Lipstick to Crayons<\/h3>\n            <p class=\"wrapper-text\">Skin responds best to pure, potent, nutrient-rich natural preparations.\"<\/p>\n        <\/div>\n    <\/div>\n<\/div>\n<div class=\"wrapper\">\n    <div class=\"left-wrapper\">\n        <div class=\"left-wrapper-image\">\n <img src=\"https:\/\/cdn.shopify.com\/s\/files\/1\/0585\/9727\/7801\/files\/luxurybeauty_021611_130.jpg?v=1715197543\" alt=\"\">\n        <\/div>\n        <div class=\"left-wraper-text\">\n            <h3 class=\"wraper-sub-title\">Luxury Beauty Products<\/h3>\n            <p class=\"wrapper-text\">Can be used on minor burns or sunburned skin.<\/p>\n        <\/div>\n    \n    <\/div>\n    <div class=\"right-wrapper\">\n        <div class=\"left-wrapper-image\">\n<img src=\"https:\/\/cdn.shopify.com\/s\/files\/1\/0585\/9727\/7801\/files\/justbecause_022811_130.jpg?v=1715197617\" alt=\"\">\n        <\/div>\n        <div class=\"left-wraper-text\">\n            <h3 class=\"wraper-sub-title\">Just Because I'm a Mom<\/h3>\n            <p class=\"wrapper-text\">What they (L'ATHENE) don't put in their products is as important as what they do!<\/p>\n        <\/div>\n    <\/div>\n<\/div>\n<div class=\"wrapper\">\n    <div class=\"left-wrapper\">\n        <div class=\"left-wrapper-image\">\n <img src=\"https:\/\/cdn.shopify.com\/s\/files\/1\/0585\/9727\/7801\/files\/wordsearch_022811_130.jpg?v=1715197681\" alt=\"\">\n        <\/div>\n        <div class=\"left-wraper-text\">\n            <h3 class=\"wraper-sub-title\">\nSammi's Blog of Life<\/h3>\n            <p class=\"wrapper-text\">Does your skin need a boost? Well, I have just the product for you!<\/p>\n        <\/div>\n    \n    <\/div>\n    <div class=\"right-wrapper\">\n        <div class=\"left-wrapper-image\">\n<img src=\"https:\/\/cdn.shopify.com\/s\/files\/1\/0585\/9727\/7801\/files\/makeupuniversity_022711_130.jpg?v=1715197746\" alt=\"\">\n        <\/div>\n        <div class=\"left-wraper-text\">\n            <h3 class=\"wraper-sub-title\">Make Up University<\/h3>\n            <p class=\"wrapper-text\">L'ATHENE: Skin care that packs a 99% chemical-free punch.<\/p>\n        <\/div>\n    <\/div>\n<\/div><div class=\"wrapper\">\n    <div class=\"left-wrapper\">\n        <div class=\"left-wrapper-image\">\n <img src=\"https:\/\/cdn.shopify.com\/s\/files\/1\/0585\/9727\/7801\/files\/livinglife_022811_130.jpg?v=1715197818\" alt=\"\">\n        <\/div>\n        <div class=\"left-wraper-text\">\n            <h3 class=\"wraper-sub-title\">Living Life<\/h3>\n            <p class=\"wrapper-text\">Even has anitoxidant protection. For use following the post-op program, when your skin is ready for skin care products.<\/p>\n        <\/div>\n    \n    <\/div>\n    <div class=\"right-wrapper\">\n        <div class=\"left-wrapper-image\">\n<img src=\"https:\/\/cdn.shopify.com\/s\/files\/1\/0585\/9727\/7801\/files\/myohmomma_030111_130.jpg?v=1715197870\" alt=\"\">\n        <\/div>\n        <div class=\"left-wraper-text\">\n            <h3 class=\"wraper-sub-title\">My Oh Momma<\/h3>\n            <p class=\"wrapper-text\">Helps minimize signs of aging.<\/p>\n        <\/div>\n    <\/div>\n<\/div><div class=\"wrapper\">\n    <div class=\"left-wrapper\">\n        <div class=\"left-wrapper-image\">\n <img src=\"https:\/\/cdn.shopify.com\/s\/files\/1\/0585\/9727\/7801\/files\/glamca_021711_130.jpg?v=1715197933\" alt=\"\">\n        <\/div>\n        <div class=\"left-wraper-text\">\n            <h3 class=\"wraper-sub-title\">Glam Canada<\/h3>\n            <p class=\"wrapper-text\">L'ATHENE brings everything the skin needs for maximum health and radiant beauty.<\/p>\n        <\/div>\n    \n    <\/div>\n    <div class=\"right-wrapper\">\n        <div class=\"left-wrapper-image\">\n<img src=\"https:\/\/cdn.shopify.com\/s\/files\/1\/0585\/9727\/7801\/files\/evoluchuns_021811_130.jpg?v=1715197989\" alt=\"\">\n        <\/div>\n        <div class=\"left-wraper-text\">\n            <h3 class=\"wraper-sub-title\">Evoluchun's Miscellaneous<\/h3>\n            <p class=\"wrapper-text\">Nan and Lil created L'ATHENE to produce quick, noticeable results.<\/p>\n        <\/div>\n    <\/div>\n<\/div>\n<div class=\"wrapper\">\n    <div class=\"left-wrapper\">\n        <div class=\"left-wrapper-image\">\n <img src=\"https:\/\/cdn.shopify.com\/s\/files\/1\/0585\/9727\/7801\/files\/cefashion_022811_130.jpg?v=1715198060\" alt=\"\">\n        <\/div>\n        <div class=\"left-wraper-text\">\n            <h3 class=\"wraper-sub-title\">Calculatus Eliminatus<\/h3>\n            <p class=\"wrapper-text\">Great for men, too!<\/p>\n        <\/div>\n    \n    <\/div>\n    <div class=\"right-wrapper\">\n        <div class=\"left-wrapper-image\">\n<img src=\"https:\/\/cdn.shopify.com\/s\/files\/1\/0585\/9727\/7801\/files\/glossdaily_021711_130.jpg?v=1715198113\" alt=\"\">\n        <\/div>\n        <div class=\"left-wraper-text\">\n            <h3 class=\"wraper-sub-title\">Gloss Daily<\/h3>\n<p class=\"wrapper-text\"><\/p>\n        <\/div>\n    <\/div>\n<\/div>\n<div class=\"wrapper\">\n    <div class=\"left-wrapper\">\n        <div class=\"left-wrapper-image\">\n <img src=\"https:\/\/cdn.shopify.com\/s\/files\/1\/0585\/9727\/7801\/files\/pickles_021711_130.jpg?v=1715198186\" alt=\"\">\n        <\/div>\n        <div class=\"left-wraper-text\">\n            <h3 class=\"wraper-sub-title\">Pickles & Lollipops<\/h3>\n            <p class=\"wrapper-text\">Triple antioxidant potency of Vitamin E, Echineacea and Rose Hips restores skin balance and gives anti-aging protection.<\/p>\n        <\/div>\n    \n    <\/div>\n    <div class=\"right-wrapper\">\n        <div class=\"left-wrapper-image\">\n<img src=\"https:\/\/cdn.shopify.com\/s\/files\/1\/0585\/9727\/7801\/files\/beautyalmanac_030711_130.jpg?v=1715198216\" alt=\"\">\n        <\/div>\n        <div class=\"left-wraper-text\">\n            <h3 class=\"wraper-sub-title\">Beauty Almanac<\/h3>\n            <p class=\"wrapper-text\"><\/p>\n        <\/div>\n    <\/div>\n<\/div>\n<div class=\"wrapper\">\n    <div class=\"left-wrapper\">\n        <div class=\"left-wrapper-image\">\n <img src=\"https:\/\/cdn.shopify.com\/s\/files\/1\/0585\/9727\/7801\/files\/shesheme_130.jpg?v=1715198311\" alt=\"\">\n        <\/div>\n        <div class=\"left-wraper-text\">\n            <h3 class=\"wraper-sub-title\">She She Me<\/h3>\n            <p class=\"wrapper-text\">Americans are seeing the correlation between food they eat and health, and the products they use on their skin.<\/p>\n        <\/div>\n    \n    <\/div>\n    <div class=\"right-wrapper\">\n        <div class=\"left-wrapper-image\">\n<img src=\"https:\/\/cdn.shopify.com\/s\/files\/1\/0585\/9727\/7801\/files\/realmomreviews_130_-_Copy.jpg?v=1715198310\" alt=\"\">\n        <\/div>\n        <div class=\"left-wraper-text\">\n            <h3 class=\"wraper-sub-title\">Real Mom Reviews<\/h3>\n            <p class=\"wrapper-text\">L'ATHENE packs a 99% chemical-free punch.<\/p>\n        <\/div>\n    <\/div>\n<\/div>\n<div class=\"wrapper\">\n    <div class=\"left-wrapper\">\n        <div class=\"left-wrapper-image\">\n <img src=\"https:\/\/cdn.shopify.com\/s\/files\/1\/0585\/9727\/7801\/files\/thefashionablebambino_130.jpg?v=1715198441\" alt=\"\">\n        <\/div>\n        <div class=\"left-wraper-text\">\n            <h3 class=\"wraper-sub-title\">\nThe Fashionable Bambino<\/h3>\n            <p class=\"wrapper-text\">Skin responds best to pure, potent, nutrient-rich natural preparations.<\/p>\n        <\/div>\n    \n    <\/div>\n    <div class=\"right-wrapper\">\n        <div class=\"left-wrapper-image\">\n<img src=\"https:\/\/cdn.shopify.com\/s\/files\/1\/0585\/9727\/7801\/files\/notsoaveragemama_130.jpg?v=1715198546\" alt=\"\">\n        <\/div>\n        <div class=\"left-wraper-text\">\n            <h3 class=\"wraper-sub-title\">Not So Average Mama<\/h3>\n            <p class=\"wrapper-text\">If you can't find it, why not invent it? That's just what two registered nurses did.<\/p>\n        <\/div>\n    <\/div>\n<\/div>\n<div class=\"wrapper\">\n    <div class=\"left-wrapper\">\n        <div class=\"left-wrapper-image\">\n <img src=\"https:\/\/cdn.shopify.com\/s\/files\/1\/0585\/9727\/7801\/files\/thetwincities_130.jpg?v=1715198600\" alt=\"\">\n        <\/div>\n        <div class=\"left-wraper-text\">\n            <h3 class=\"wraper-sub-title\">The Twin Cities<\/h3>\n            <p class=\"wrapper-text\">Most facial cleansers are loaded with chemicals, part of the reason some of them fail so badly.<\/p>\n        <\/div>\n    \n    <\/div>\n    <div class=\"right-wrapper\">\n        <div class=\"left-wrapper-image\">\n<img src=\"https:\/\/cdn.shopify.com\/s\/files\/1\/0585\/9727\/7801\/files\/gseemoore_130.jpg?v=1715198654\" alt=\"\">\n        <\/div>\n        <div class=\"left-wraper-text\">\n            <h3 class=\"wraper-sub-title\">G See Moore<\/h3>\n            <p class=\"wrapper-text\">For MEN too, for healthy great-looking skin.<\/p>\n        <\/div>\n    <\/div>\n<\/div>\n<div class=\"wrapper\">\n    <div class=\"left-wrapper\">\n        <div class=\"left-wrapper-image\">\n <img src=\"https:\/\/cdn.shopify.com\/s\/files\/1\/0585\/9727\/7801\/files\/healthystyleny_130.jpg?v=1715198706\" alt=\"\">\n        <\/div>\n        <div class=\"left-wraper-text\">\n            <h3 class=\"wraper-sub-title\">Healthy Style New York<\/h3>\n            <p class=\"wrapper-text\">Non-irritating... Balancing... Anti-Aging.<\/p>\n        <\/div>\n    \n    <\/div>\n    <div class=\"right-wrapper\">\n        <div class=\"left-wrapper-image\">\n<img src=\"https:\/\/cdn.shopify.com\/s\/files\/1\/0585\/9727\/7801\/files\/themamareport_130.jpg?v=1715198804\" alt=\"\">\n        <\/div>\n        <div class=\"left-wraper-text\">\n            <h3 class=\"wraper-sub-title\">The Mama Report<\/h3>\n            <p class=\"wrapper-text\">L'ATHENE skincare is about noticeable quick results of younger-looking skin.<\/p>\n        <\/div>\n    <\/div>\n<\/div><div class=\"wrapper\">\n    <div class=\"left-wrapper\">\n        <div class=\"left-wrapper-image\">\n <img src=\"https:\/\/cdn.shopify.com\/s\/files\/1\/0585\/9727\/7801\/files\/livingbetterat50_130.jpg?v=1715198907\" alt=\"\">\n        <\/div>\n        <div class=\"left-wraper-text\">\n            <h3 class=\"wraper-sub-title\">In With Skin<\/h3>\n            <p class=\"wrapper-text\">Packed with proteins, fatty acids, antioxidants and vitamins for intense hydration and protection from external elements.<\/p>\n        <\/div>\n    \n    <\/div>\n    <div class=\"right-wrapper\">\n        <div class=\"left-wrapper-image\">\n<img src=\"https:\/\/cdn.shopify.com\/s\/files\/1\/0585\/9727\/7801\/files\/livingbetterat50_130.jpg?v=1715198907\" alt=\"\">\n        <\/div>\n        <div class=\"left-wraper-text\">\n            <h3 class=\"wraper-sub-title\">\nLiving Better at 50<\/h3>\n            <p class=\"wrapper-text\"><\/p>\n        <\/div>\n    <\/div>\n<\/div>"}}},"block_order":["tab_BhHhJJ","tab_NcDynN"],"custom_css":["@media (max-width: 768px) {.wrapper {flex-direction: column; } .left-wrapper, .right-wrapper {width: 100%; flex-wrap: wrap !important; margin-bottom: 20px; }}"],"settings":{"device-title":"Press"}}},"order":["main","custom_tab_section_4PWfmY"]}