{"sections":{"main":{"type":"main-page","disabled":true,"settings":{"display_title":false,"color_text":"","color_background":"","color_background_gradient":"","padding_top_desktop":64,"padding_bottom_desktop":32,"padding_top_mobile":32,"padding_bottom_mobile":32,"style_line_top":"none","style_line_bottom":"none","color_line":""}},"na_page_template_x7zm9F":{"type":"naPageTemplate","blocks":{"richtext_dbTXpF":{"type":"richtext","settings":{"checkbox":false,"title":"Dry Skin","sub-heading":"","desc":"<p>Recharge and renew skin with ultra-performance anti-aging and skin-preserving ingredients... to perfectly hydrate and firm.<\/p><p>Promote cell turnover, diminish appearance of lines and wrinkles, improve skin texture and brighten skin.<\/p>","image_pos":"none"}},"image_text_7LiJAx":{"type":"imageText","settings":{"title":"Keep Dry Skin Hydrated","desc":"<p>Skin needs to be hydrated from the inside and outside. Those with dry skin must be especially mindful of good hydration. Use <a href=\"\/products\/ultra-intensive-moisture-therapy\" title=\"ULTRA Intensive Moisture Therapy\">ULTRA Intensive Moisture Therapy <\/a>each morning and night and for extra dry skin times, such as cold weather, wind or air travel. Reapply one to two times throughout the day. Don't forget to keep a bottle of water with you at all times to remind you to drink lots of water. Also, rinse, rinse, rinse skin after cleansing.<\/p>","product":"ultra-intensive-moisture-therapy"}},"products_9zTfr7":{"type":"products","settings":{"title":"Help Minimize Look of Wrinkles and Lines","desc":"<p>Lines on the skin can worsen when skin is dry. Apply <a href=\"\/products\/vitapure-ultra-antioxidant-nutrient-serum\" title=\"VITAPURE Ultra Antioxidant Nutrient Serum\">VITAPURE Ultra Antioxidant Nutrient Serum <\/a>twice daily to attack free radicals for combating lines and wrinkles. Leaves skin fresh, vibrant and smooth. Lines and wrinkles from facial expressions can be further lessened with <a href=\"\/products\/intensive-wrinkle-treatment\" title=\"INTENSIVE WRINKLE TREATMENT\">INTENSIVE WRINKLE TREATMENT<\/a>. Apply twice daily to forehead, eyes and lines around mouth. This treatment can reduce lines up to ~30% in 30 days.<\/p>","pro":"vitapure-ultra-antioxidant-nutrient-serum","pro1":"on-sale-intensive-wrinkle-treatment","pro2":""}},"products_XyGtKA":{"type":"products","settings":{"title":"Prevent Concealer and Foundation Dryness","desc":"<p>Concealers can be drying to our fragile tissue around the eyes. Before using a concealer, dab <a href=\"\/products\/nutriage-total-eye-repair-creme\" title=\"NUTRIAGE Total Eye Repair Creme\">NUTRIAGE Total Eye Repair Creme <\/a>under the eye to nurture the dry skin and keep it soft and youthful. Dryness can occur with foundation. To avoid this, mix <a href=\"\/products\/restore-balancing-skin-moisturizer\" title=\"RESTORE Balancing Skin Moisturizer\">RESTORE Balancing Skin Moisturizer <\/a>with your foundation before applying.<\/p>","pro":"nutriage-total-eye-repair-creme","pro1":"restore-balancing-skin-moisturizer","pro2":""}},"products_cTkWXh":{"type":"products","settings":{"title":"Remove Dead, Dull Cells","desc":"<p><a href=\"\/products\/mineral-derma-scrub\" title=\"MINERAL DERMA-SCRUB\">MINERAL DERMA-SCRUB <\/a>At-Home Microdermabrasion Treatment removes dead cells that dull the surface. Use once or twice a week to brighten skin. Also, <a href=\"\/products\/rejuvenate-skin-resurfacing-night-creme\" title=\"REJUVENATE Skin Resurfacing Night Creme\">REJUVENATE Skin Resurfacing Night Creme <\/a>helps dissolve dead cells at night with Glycolic Acids. Use nightly and awaken to a fresh, new look.<\/p>","pro":"mineral-derma-scrub","pro1":"rejuvenate-skin-resurfacing-night-creme","pro2":""}},"products_AGr79F":{"type":"products","settings":{"title":"Correct Super Dry Skin","desc":"<p>With a history of super dry skin, use <a href=\"\/products\/extract-dry-skin-hydrating-plant-oil\" title=\"EXTRACT Dry Skin Hydrating Plant Oil\">EXTRACT Dry Skin Hydrating Plant Oil<\/a> twice a day under <a href=\"\/products\/ultra-intensive-moisture-therapy\" title=\"ULTRA Intensive Moisture Therapy\">ULTRA Intensive Moisture Therapy<\/a>. Also try cleansing with <a href=\"\/products\/primesse-essential-facial-cleanser\" title=\"PRIMESSE Essential Facial Cleanser\">PRIMESSE Essential Facial Cleanser<\/a> at bedtime only. This gentle, yet effective cleanser removes dirt and makeup from skin without stripping the skin of the natural oils. In the morning, rinse face with lots of water, then apply <a href=\"https:\/\/www.lathene.com\/vitapureultraantioxidantnutrientserum.aspx\">VITAPURE Ultra Antioxidant Nutrient Serum<\/a>, next EXTRACT Dry Skin Hydrating Plant Oil, and then ULTRA Intensive Moisture Therapy. This is an excellent healthy skincare routine for the most challenged dry skin.<\/p>","pro":"extract-dry-skin-hydrating-plant-oil","pro1":"primesse-essential-facial-cleanser","pro2":"vitapure-ultra-antioxidant-nutrient-serum"}}},"block_order":["richtext_dbTXpF","image_text_7LiJAx","products_9zTfr7","products_XyGtKA","products_cTkWXh","products_AGr79F"],"settings":{"bgClr":"#ffffff","tclr":"#3347aa","descClr":"#000000","text1":"","text2":"","title-l":"L'ATHENE's Skin Education Hub","menuList":"new-menu"}}},"order":["main","na_page_template_x7zm9F"]}