{"sections":{"main":{"type":"main-page","settings":{"display_title":false,"color_text":"","color_background":"","color_background_gradient":"","padding_top_desktop":64,"padding_bottom_desktop":32,"padding_top_mobile":32,"padding_bottom_mobile":32,"style_line_top":"none","style_line_bottom":"none","color_line":""}},"na_page_template_QjNrXk":{"type":"naPageTemplate","blocks":{"richtext_zCeUrb":{"type":"richtext","settings":{"checkbox":false,"title":"2-STEP SOLUTION - Exfoliating Duo (See Products Below)","sub-heading":"","desc":"<p>It’s no secret that as we age, our skin, like our body, needs more to help keep it looking its best. One key to unlock your skin’s most radiant potential is<strong>‘to do but not overdo’<\/strong>exfoliation. <strong>What does that mean?<\/strong>What we have found from over 20 years helping people (mainly women) get the best results is to use <strong>performance products<\/strong>, in combination, that are complimentary and not harsh or aggressive. When our skin cell turnover slows down and thickened dehydrated cells accumulate on the surface, exfoliation is a great answer. However, exfoliation products that cause the skin to get very red, inflamed and flaky can cause too much inflammation, leading to skin that looks more aging.<\/p><p>To achieve the<strong>best results<\/strong>, use the 2-STEP SOLUTION - (1) use an effective surface exfoliant nightly, <a href=\"\/products\/rejuvenate-skin-resurfacing-night-creme\" title=\"REJUVENATE Skin Resurfacing Night Creme\">REJUVENATE Glycolic Acid Night Crème<\/a>, to gently break the dead skin cells bonds on the surface; and (2) use a ‘mechanical exfoliant’ once a week, <a href=\"\/products\/mineral-derma-scrub\" title=\"MINERAL DERMA-SCRUB\">MINERAL DERMA-SCRUB<\/a>, to help slough off the surface dead cells and to gently and effectively provide deeper surface removal, revealing fresh healthy-looking cells beneath. <strong>Don’t settle for ordinary looking skin - get that immediate extraordinary look!<\/strong><\/p>","image_pos":"none"}},"richtext_PUcKrc":{"type":"richtext","settings":{"checkbox":false,"title":"","sub-heading":"<h3>The Power of the 2-Step will:<\/h3>","desc":"<ul><li>Help to reveal fresh healthy skin every day<\/li><li>Brighten the skin without causing redness<\/li><li>Help stimulate the body’s skin cells production and blood flow<\/li><li>Provide for thorough removal of dead, dull, dehydrated cells<\/li><li>Help skin treatments\/nutrients to infuse into skin faster<\/li><li>Provide premium, deep penetrating hydration utilized instantly by the cells<\/li><li>Help to lessen sun damage consistently<\/li><\/ul>","image_pos":"right","custom_img":"shopify:\/\/shop_images\/2step_resized.jpg"}},"richtext_CwVdhq":{"type":"richtext","settings":{"checkbox":true,"title":"","sub-heading":"<h3>Easy Steps to Do:<\/h3>","desc":"<ul><li>Each evening, cleanse with <a href=\"\/products\/primesse-essential-facial-cleanser\" title=\"PRIMESSE Essential Facial Cleanser\">PRIMESSE Cleanser<\/a> or <a href=\"\/products\/citrus-foam-exfoliating-cleanser\" title=\"CITRUS FOAM Exfoliating Cleanser\">CITRUS FOAM<\/a>, rinse thoroughly. If you have a L’ATHENE silk sponge, you can use it to remove the cleanser. Then, apply <a href=\"\/products\/vitapure-ultra-antioxidant-nutrient-serum\" title=\"VITAPURE Ultra Antioxidant Nutrient Serum\">VITAPURE Antioxidant Serum<\/a> to the dampened skin so it spreads far.<\/li><li>Apply the <a href=\"\/products\/rejuvenate-skin-resurfacing-night-creme\" title=\"REJUVENATE Skin Resurfacing Night Creme\">REJUVENATE Skin Resurfacing Night Crème<\/a> to your entire face (excluding the eye area), then apply the <a href=\"\/products\/nutriage-total-eye-repair-creme\" title=\"NUTRIAGE Total Eye Repair Creme\">NUTRIAGE Eye Repair Crème <\/a>to the eye area. NOTE: If you are also using the <a href=\"\/products\/intensive-wrinkle-treatment\" title=\"INTENSIVE WRINKLE TREATMENT\">INTENSIVE WRINKLE TREATMENT<\/a>, be sure to apply after serum and before night crème.<\/li><li>Before bed (preferably) once a week, remove a pea-sized amount of the <a href=\"\/products\/mineral-derma-scrub\" title=\"MINERAL DERMA-SCRUB\">MINERAL DERMA-SCRUB <\/a>and portion it out to your chin, cheeks and forehead. If you are doing the neck remedy, be sure to remove a little more and apply to the neck too. Wet your fingertips and begin to scrub in a small circles all over the face (avoiding the eye area). Keep the circles small and keep the pressure light to medium. Avoid any areas of broken capillaries or any areas of concern. Scrub for no more than 2 minutes. If your fingers get dry, wet them again and keep doing the circles each time picking up product already on the skin. Rinse with lots and lots and lots of water. This is a deep exfoliation, so you want to be sure to get all the surface cells and dirt removed from the skin.<\/li><li>Apply <a href=\"\/products\/vitapure-ultra-antioxidant-nutrient-serum\" title=\"VITAPURE Ultra Antioxidant Nutrient Serum\">VITAPURE Serum<\/a> and the rest of your evening steps for the face and neck. You can use the <a href=\"\/products\/rejuvenate-skin-resurfacing-night-creme\" title=\"REJUVENATE Skin Resurfacing Night Creme\">REJUVENATE Skin Resurfacing Night Crème<\/a> on the night that you do the scrub.<\/li><li>NOTE: If you are doing the neck treatment, get <a href=\"\/pages\/na-neck-remedy\" title=\"Na Neck Remedy\">instructions here<\/a>.<\/li><\/ul><p><\/p><h3>What Customers are Saying<\/h3><p>\"On vacation, I had a L'ATHENE facial and the results were amazing - been a customer ever since.\" <span style=\"text-decoration:underline\">Susan F.<\/span><\/p><p>\"Your REJUVENATE is the best night creme.\" <span style=\"text-decoration:underline\">Amanda B.<\/span><\/p><p>\"REALLY have noticed a difference in my skin!!!\" <span style=\"text-decoration:underline\">Amy O.<\/span><\/p>","image_pos":"right","custom_img":"shopify:\/\/shop_images\/2step_crop.jpg"}},"richtext_GaWc6b":{"type":"richtext","disabled":true,"settings":{"checkbox":false,"title":"","sub-heading":"<h3>What Customers are Saying<\/h3>","desc":"<p>\"On vacation, I had a L'ATHENE facial and the results were amazing - been a customer ever since.\" <span style=\"text-decoration:underline\">Susan F.<\/span><\/p><p>\"Your REJUVENATE is the best night creme.\" <span style=\"text-decoration:underline\">Amanda B.<\/span><\/p><p>\"REALLY have noticed a difference in my skin!!!\" <span style=\"text-decoration:underline\">Amy O.<\/span><\/p>","image_pos":"none"}},"products_KbdeFP":{"type":"products","settings":{"title":"","desc":"","pro":"rejuvenate-skin-resurfacing-night-creme","pro1":"mineral-derma-scrub","pro2":""}}},"block_order":["richtext_zCeUrb","richtext_PUcKrc","richtext_CwVdhq","richtext_GaWc6b","products_KbdeFP"],"settings":{"bgClr":"#fff","tclr":"#808080","descClr":"#000","text1":"Created by Nurses","text2":"FREE U.S. Shipping over $65!","title-l":"SHOP BY PRODUCT","menuList":"new-menu"}}},"order":["main","na_page_template_QjNrXk"]}