{"sections":{"main":{"type":"main-page","disabled":true,"settings":{"display_title":false,"color_text":"","color_background":"","color_background_gradient":"","padding_top_desktop":64,"padding_bottom_desktop":32,"padding_top_mobile":32,"padding_bottom_mobile":32,"style_line_top":"none","style_line_bottom":"none","color_line":""}},"rich_text_cTN9dC":{"type":"rich-text","settings":{"icon":"","position_icon":"top","caption":"","heading":"Pregnancy","heading_type":"h2","content":"<p>Care of pregnant skin is important... to help reduce stretch marks and create clean, smooth facial skin.<\/p><p>Pregnancy is a wonderful time in a woman's life. However, stretch marks, changes in your facial skin, and a heightened sensitivity to smells are challenges that most women want to reduce.<\/p><h3>Diminish Look of Stretch Marks<\/h3><p>During pregnancy, the skin on the abdomen, breasts, thighs and buttocks has to expand to accommodate the growing baby and the weight gain. Over 90% of pregnant women will experience stretch marks. <a href=\"\/products\/neroli-hand-and-body-nutrient-creme\" title=\"NEROLI Hand and Body Nutrient Creme\">NEROLI Body Silkening Nutrient Crème<\/a> can help! Apply to the abdomen and hips twice daily - this keeps the skin soft, supple, nourished and maximally hydrated which helps reduce the look of stretch marks. If abdomen gets dry from clothing, apply <a href=\"\/products\/extract-dry-skin-hydrating-plant-oil\" title=\"EXTRACT Dry Skin Hydrating Plant Oil\">EXTRACT Dry Skin Hydrating Plant Oil<\/a> which is specifically formulated for challenged dry skin, and then follow with NEROLI Body Silkening Nutrient Creme.<\/p>","alignment_text":"left","size_text":"md","color_icon":"","color_border_icon":"","color_text":"","color_border":"","color_background":"","color_background_gradient":"","padding_top_desktop":32,"padding_bottom_desktop":32,"padding_top_mobile":16,"padding_bottom_mobile":16,"style_line_top":"none","style_line_bottom":"none","color_line":"","display_visibility":"hide-no"}},"linkable_image_with_button_aqBmrN":{"type":"linkable-image-with-button","blocks":{"image_m4w3Xf":{"type":"image","settings":{"image":"shopify:\/\/shop_images\/Neroli_side_of_cartonA.jpg","link":"shopify:\/\/products\/neroli-hand-and-body-nutrient-creme","text-box-title":"NEROLI<br>Body Silkening Nutrient Creme"}},"image_bJq8CH":{"type":"image","settings":{"image":"shopify:\/\/shop_images\/extract_with_carton_cropped_f1e6ad8b-d534-49ce-be5d-1045ec4eec2b.jpg","link":"shopify:\/\/products\/extract-dry-skin-hydrating-plant-oil","text-box-title":"EXTRACT<br>Dry Skin Hydrating Plant Oil"}}},"block_order":["image_m4w3Xf","image_bJq8CH"],"settings":{"text-box":"Title"}},"rich_text_nBh7p8":{"type":"rich-text","settings":{"icon":"","position_icon":"top","caption":"","heading":"","heading_type":"h2","content":"<h3>Minimize Breakouts<\/h3><p>Due to the changes in hormones, skin oil glands often secrete more oil, which can cause more breakouts. Apply <a href=\"\/products\/clarifique-purifying-clay-mask\" title=\"CLARIFIQUE Purifying Clay Mask\">CLARIFIQUE Purifying Clay Mask<\/a> to the breakout area a couple times a week to help reduce the breakouts. You will see cleaner, healthier, more beautiful skin. This soft mineral clay helps to deeply cleanse, detoxify and lift impurities from the skin. Also, you can spot treat an area and sleep in mask overnight, and the area dramatically improves by the morning. Also, <a href=\"\/products\/sr-3-daily-skin-rejuvenation-starter-kit-restore\" title=\"SR-3 Daily Skin Rejuvenation Starter Kit - RESTORE\">SR-3 Skin Rejuvenation Starter Kit<\/a> can help to get your skin back in balance. Included in the kit are 3 pure nutrient products. These 3 simple steps done twice daily can help significantly improve the look of your skin during this challenging time. Products are daily non-detergent cleanser, antioxidant repair serum and hydrating moisturizer. For oil-prone skin, <a href=\"\/products\/citrus-foam-exfoliating-cleanser\" title=\"CITRUS FOAM Exfoliating Cleanser\">CITRUS FOAM Exfoliating Cleanser<\/a> provides deep-pore cleansing and can help minimize excess oil and breakouts.<\/p>","alignment_text":"left","size_text":"md","color_icon":"","color_border_icon":"","color_text":"","color_border":"","color_background":"","color_background_gradient":"","padding_top_desktop":32,"padding_bottom_desktop":32,"padding_top_mobile":16,"padding_bottom_mobile":16,"style_line_top":"none","style_line_bottom":"none","color_line":"","display_visibility":"hide-no"}},"linkable_image_with_button_FDMUne":{"type":"linkable-image-with-button","blocks":{"image_jp838h":{"type":"image","settings":{"image":"shopify:\/\/shop_images\/Clarifique_with_carton_cropped_74b972ab-0ea7-4329-b451-47057889c808.jpg","link":"shopify:\/\/products\/clarifique-purifying-clay-mask","text-box-title":"CLARIFIQUE <br>Purifying Clay Mask"}},"image_iR8i6T":{"type":"image","settings":{"image":"shopify:\/\/shop_images\/sr3_Restore_1122_cropped_b_1_ce8ed2e5-3572-4e98-8c1a-def48ed79957.jpg","link":"shopify:\/\/products\/sr-3-daily-skin-rejuvenation-starter-kit-restore","text-box-title":"SR-3 Skin Rejuvenation Starter Kit"}},"image_qPHqrh":{"type":"image","settings":{"image":"shopify:\/\/shop_images\/citrusfoam5oz_with_carton_cropped_1.jpg","link":"shopify:\/\/products\/citrus-foam-exfoliating-cleanser","text-box-title":"CITRUS FOAM <br>Exfoliating Cleanser"}}},"block_order":["image_jp838h","image_iR8i6T","image_qPHqrh"],"settings":{"text-box":"Title"}},"rich_text_nR73Wf":{"type":"rich-text","settings":{"icon":"","position_icon":"top","caption":"","heading":"Additional Information","heading_type":"h2","content":"<h3>Making Healthier Choices for You and Your Baby<\/h3><p>It is important to avoid skincare products made with chemicals (which is most skincare) which can potentially imbalance skin (due to stripping of the skin and irritation). L'ATHENE Pure Nutrient Skin Treatments are effective in rebalancing the oil, minimizing dry areas and creating healthier, more beautiful skin. They work in harmony with the body and truly nourish the skin with the best health and best results for you!<\/p><h3>Tips:<\/h3><ul><li>Shower with an organic shampoo to cleanse the abdomen to help keep the skin in better moisture balance. This decreases the detergents on your body to keep the skin from being stripped and dry.<\/li><li>Hydrate by drinking more. Drier skin, which often occurs on the belly, is more likely to get stretch marks, so keeping well hydrated with fluids throughout the day as well as moisturizing your skin with pure nutrients can help to reduce the likelihood of dry skin.<\/li><li>Be consistent for optimal results.<\/li><\/ul>","alignment_text":"left","size_text":"md","color_icon":"","color_border_icon":"","color_text":"","color_border":"","color_background":"","color_background_gradient":"","padding_top_desktop":32,"padding_bottom_desktop":32,"padding_top_mobile":16,"padding_bottom_mobile":16,"style_line_top":"none","style_line_bottom":"none","color_line":"","display_visibility":"hide-no"}}},"order":["main","rich_text_cTN9dC","linkable_image_with_button_aqBmrN","rich_text_nBh7p8","linkable_image_with_button_FDMUne","rich_text_nR73Wf"]}