{"sections":{"main":{"type":"main-page","disabled":true,"settings":{"display_title":false,"color_text":"","color_background":"","color_background_gradient":"","padding_top_desktop":64,"padding_bottom_desktop":32,"padding_top_mobile":32,"padding_bottom_mobile":32,"style_line_top":"none","style_line_bottom":"none","color_line":""}},"rich_text_VpdJw3":{"type":"rich-text","settings":{"icon":"","position_icon":"top","caption":"","heading":"Scars","heading_type":"h2","content":"<p>L'ATHENE Pure Nutrient Skin Treatments help... to soften and lighten the look of old and new scars. Also minimizes redness and irritation. Soothes and calms skin. And maximally nourishes this skin that needs added support.<\/p><p>Implement skincare as soon as possible, once your physician says you are ready for skincare. Scar tissue is not identical to the normal skin that it replaces. It is generally inferior in appearance and functional quality. Therefore, it needs more care to function normally. If the scar is on the face, begin a regime with L'ATHENE SR-3 Daily Skin Rejuvenation Kit.<\/p>","alignment_text":"left","size_text":"md","color_icon":"","color_border_icon":"","color_text":"","color_border":"","color_background":"","color_background_gradient":"","padding_top_desktop":32,"padding_bottom_desktop":32,"padding_top_mobile":16,"padding_bottom_mobile":16,"style_line_top":"none","style_line_bottom":"none","color_line":"","display_visibility":"hide-no"}},"image_with_text_bock_jFyB74":{"type":"image-with-text-bock","blocks":{"image_RthR7d":{"type":"image","settings":{"image":"shopify:\/\/shop_images\/sr3_Restore_1122_cropped_b_1_ce8ed2e5-3572-4e98-8c1a-def48ed79957.jpg","link":"shopify:\/\/products\/sr-3-daily-skin-rejuvenation-starter-kit-ultra","text-box-title":"SR-3 Skin Rejuvenation Starter Kit","text-box-content":"<p>Starting on a regime of effective daily care is a great way to protect your skin. The <a href=\"\/products\/sr-3-daily-skin-rejuvenation-starter-kit-restore\" title=\"SR-3 Daily Skin Rejuvenation Starter Kit - RESTORE\">SR-3 Skin Rejuvenation Starter Kit <\/a>is a three-step kit to treat and protect skin in an effective, non-irritating way. First is cleansing the skin twice daily with a good non-detergent cleanser. Next, apply the nutrient serum, thin layer, to entire face and add an extra layer to the scarred area. Antioxidants can help improve the appearance of damaged skin and improve elasticity and tone. Next, follow with the moisturizer to hydrate and protect skin. Add sunscreen last.<\/p>"}}},"block_order":["image_RthR7d"],"settings":{"text-box":"Reduce the Look of Redness of the Scar on the Face"}},"image_with_text_bock_HD3z6f":{"type":"image-with-text-bock","blocks":{"image_R7ALcm":{"type":"image","settings":{"image":"shopify:\/\/shop_images\/Nutriage_with_carton_cropped_6d2ed8ef-d4a7-4cff-a11e-267896310d29.jpg","link":"shopify:\/\/products\/nutriage-total-eye-repair-creme","text-box-title":"NUTRIAGE <br>Total Eye Repair Creme","text-box-content":"<p>Apply <a href=\"\/products\/nutriage-total-eye-repair-creme\" title=\"NUTRIAGE Total Eye Repair Creme\">NUTRIAGE Total Eye repair Creme<\/a> - a powerful antioxidant-rich eye creme which boosts the antioxidant level around eyes to improve tone, softness and help correct lines and wrinkles. Also, this nutrient-rich eye creme can help reduce the redness of the scar following eye lid surgery (blepharoplasty).<\/p><p>Below is a link to an example of results following an injury. This woman was burned when the hot wax from her home spa treatment splattered onto her face.<\/p>"}}},"block_order":["image_R7ALcm"],"settings":{"text-box":""}},"rich_text_pPdBqp":{"type":"rich-text","settings":{"icon":"","position_icon":"top","caption":"","heading":"On the Body, Reduce the Look of Redness of the Scar","heading_type":"h3","content":"<p>For scars on the body, use a natural, non-detergent shampoo on your body and hair to avoid exposure of your skin to potentially irritating ingredients. After showering apply <a href=\"\/products\/vitapure-ultra-antioxidant-nutrient-serum\" title=\"VITAPURE Ultra Antioxidant Nutrient Serum\">VITAPURE Ultra Antioxidant Nutrient Serum<\/a> to body scarred area and follow with <a href=\"\/products\/neroli-hand-and-body-nutrient-creme\" title=\"NEROLI Hand and Body Nutrient Creme\">NEROLI Body Silkening Nutrient Crème<\/a>. If scar has a scabbed area, after adding antioxidant serum, add a drop of <a href=\"\/products\/extract-dry-skin-hydrating-plant-oil\" title=\"EXTRACT Dry Skin Hydrating Plant Oil\">EXTRACT Dry Skin Hydrating Plant Oil<\/a>. Follow with NEROLI. Always cover with a sun block. In the presence of UV light, scarred skin can accumulate pigment and can become unsightly.<\/p><p>The below image shows a surgical scar from a knee replacement. This woman used the L'ATHENE products on the incision line.<\/p><p><a href=\"https:\/\/cdn.shopify.com\/s\/files\/1\/0585\/9727\/7801\/files\/KneeReplacement800_b90726a3-21c7-4ad3-91b7-e4dd5fddfce1.jpg?v=1718969637\" title=\"https:\/\/cdn.shopify.com\/s\/files\/1\/0585\/9727\/7801\/files\/KneeReplacement800_b90726a3-21c7-4ad3-91b7-e4dd5fddfce1.jpg?v=1718969637\">Before and After Photo<\/a><\/p>","alignment_text":"left","size_text":"md","color_icon":"","color_border_icon":"","color_text":"","color_border":"","color_background":"","color_background_gradient":"","padding_top_desktop":32,"padding_bottom_desktop":32,"padding_top_mobile":16,"padding_bottom_mobile":16,"style_line_top":"none","style_line_bottom":"none","color_line":"","display_visibility":"hide-no"}},"linkable_image_with_button_M3Uchy":{"type":"linkable-image-with-button","blocks":{"image_Ljb3JD":{"type":"image","settings":{"image":"shopify:\/\/shop_images\/Vitapure_thumb_1.jpg","link":"shopify:\/\/products\/vitapure-ultra-antioxidant-nutrient-serum","text-box-title":"VITAPURE<br>Ultra Antioxidant Nutrient Serum"}},"image_gG3gKV":{"type":"image","settings":{"image":"shopify:\/\/shop_images\/Neroli_side_of_cartonA.jpg","link":"shopify:\/\/products\/neroli-hand-and-body-nutrient-creme","text-box-title":"NEROLI <br>Body Silkening Nutrient Creme"}},"image_g4HcCJ":{"type":"image","settings":{"image":"shopify:\/\/shop_images\/extract_with_carton_cropped_f1e6ad8b-d534-49ce-be5d-1045ec4eec2b.jpg","link":"shopify:\/\/products\/extract-dry-skin-hydrating-plant-oil","text-box-title":"EXTRACT<br>Dry Skin Hydrating Plant Oil"}}},"block_order":["image_Ljb3JD","image_gG3gKV","image_g4HcCJ"],"settings":{"text-box":""}},"rich_text_jfYaNi":{"type":"rich-text","settings":{"icon":"","position_icon":"top","caption":"","heading":"Keep Optimally Supporting Skin that Has Been Altered","heading_type":"h3","content":"<p>L'ATHENE products are nutritive and are very helpful to support 'injured' skin. These powerful products are formulated with high-quality nutrients that are nourishing, mild and non-irritating. They work in harmony WITH the body to TRULY nourish skin for the best health and best results in ALL ways for you! <a href=\"\/products\/sr-3-daily-skin-rejuvenation-starter-kit-restore\" title=\"SR-3 Daily Skin Rejuvenation Starter Kit - RESTORE\">SR-3 Skin Rejuvenation Starter Kit <\/a>is a great way to start for the face and <a href=\"\/products\/neroli-hand-and-body-nutrient-creme\" title=\"NEROLI Hand and Body Nutrient Creme\">NEROLI Body Silkening Nutrient Crème <\/a>for the body. L'ATHENE products help to optimally support skin that has been altered. If scar has a scabbed area, after adding antioxidant serum, add a drop of <a href=\"\/products\/extract-dry-skin-hydrating-plant-oil\" title=\"EXTRACT Dry Skin Hydrating Plant Oil\">EXTRACT Dry Skin Hydrating Plant Oil<\/a>.  Follow with NEROLI.<\/p>","alignment_text":"left","size_text":"md","color_icon":"","color_border_icon":"","color_text":"","color_border":"","color_background":"","color_background_gradient":"","padding_top_desktop":32,"padding_bottom_desktop":32,"padding_top_mobile":16,"padding_bottom_mobile":16,"style_line_top":"none","style_line_bottom":"none","color_line":"","display_visibility":"hide-no"}},"linkable_image_with_button_LLN396":{"type":"linkable-image-with-button","blocks":{"image_TDaJg9":{"type":"image","settings":{"image":"shopify:\/\/shop_images\/sr3_Restore_1122_cropped_b_1_ce8ed2e5-3572-4e98-8c1a-def48ed79957.jpg","link":"shopify:\/\/products\/sr-3-daily-skin-rejuvenation-starter-kit-restore","text-box-title":"SR-3 Skin Rejuvenation Starter Kit"}},"image_6NQ9fq":{"type":"image","settings":{"image":"shopify:\/\/shop_images\/Neroli_side_of_cartonA.jpg","link":"shopify:\/\/products\/neroli-hand-and-body-nutrient-creme","text-box-title":"NEROLI <br>Body Silkening Nutrient Creme"}},"image_fgDRAV":{"type":"image","settings":{"image":"shopify:\/\/shop_images\/extract_with_carton_cropped_f1e6ad8b-d534-49ce-be5d-1045ec4eec2b.jpg","link":"shopify:\/\/products\/extract-dry-skin-hydrating-plant-oil","text-box-title":"EXTRACT<br>Dry Skin Hydrating Plant Oil"}}},"block_order":["image_TDaJg9","image_6NQ9fq","image_fgDRAV"],"settings":{"text-box":"Title"}},"image_with_text_bock_7twkAz":{"type":"image-with-text-bock","blocks":{"image_8g9Vnz":{"type":"image","settings":{"image":"shopify:\/\/shop_images\/DermaScrub_with_carton_cropped.jpg","link":"shopify:\/\/products\/mineral-derma-scrub","text-box-title":"MINERAL DERMA-SCRUB<br>Microdermabrasion At-Home","text-box-content":"<p>For older scars that are sunken below the skin surface or raised above the surface, gentle exfoliation with <a href=\"\/products\/mineral-derma-scrub\" title=\"MINERAL DERMA-SCRUB\">MINERAL DERMA-SCRUB <\/a>stimulates collagen re-building and helps to remove the dead surface cells. A routine of gentle exfoliation and good skin care for 90 days will help you to achieve your best result. If after this time, you desire more changes for your old scar, a physician may be able to recommend collagen injections or laser therapy as a solution. Keep using pure nutrient skin care during these secondary treatments.<\/p>"}}},"block_order":["image_8g9Vnz"],"settings":{"text-box":"Exfoliate... Those Older Scars"}},"rich_text_97yTNr":{"type":"rich-text","settings":{"icon":"","position_icon":"top","caption":"","heading":"Use L'ATHENE Products Two Weeks in Advance of Radiation... to Maximize Skin Health","heading_type":"h3","content":"<p>To keep your skin in the best health possible prior to radiation, for the face, use <a href=\"\/products\/sr-3-daily-skin-rejuvenation-starter-kit-restore\" title=\"SR-3 Daily Skin Rejuvenation Starter Kit - RESTORE\">SR-3 Skin Rejuvenation  Starter Kit - ULTRA <\/a>and, for the body, use  <a href=\"\/products\/neroli-hand-and-body-nutrient-creme\" title=\"NEROLI Hand and Body Nutrient Creme\">NEROLI Body Silkening Nutrient Creme.<\/a>.. on and around areas that are to be irradiated. Use 2 times a day everyday 2 weeks prior to your first treatment.<\/p>","alignment_text":"left","size_text":"md","color_icon":"","color_border_icon":"","color_text":"","color_border":"","color_background":"","color_background_gradient":"","padding_top_desktop":32,"padding_bottom_desktop":32,"padding_top_mobile":16,"padding_bottom_mobile":16,"style_line_top":"none","style_line_bottom":"none","color_line":"","display_visibility":"hide-no"}},"linkable_image_with_button_tVPMJq":{"type":"linkable-image-with-button","blocks":{"image_cxBUm4":{"type":"image","settings":{"image":"shopify:\/\/shop_images\/sr3_Restore_1122_cropped_b_1_ce8ed2e5-3572-4e98-8c1a-def48ed79957.jpg","link":"shopify:\/\/products\/sr-3-daily-skin-rejuvenation-starter-kit-restore","text-box-title":"SR-3 Skin Rejuvenation Starter Kit"}},"image_CktRNX":{"type":"image","settings":{"image":"shopify:\/\/shop_images\/DermaScrub_with_carton_cropped.jpg","link":"shopify:\/\/products\/mineral-derma-scrub","text-box-title":"MINERAL DERMA-SCRUB<br>Microdermabrasion At-Home"}},"image_3GNTFJ":{"type":"image","settings":{"image":"shopify:\/\/shop_images\/citrusfoam5oz_with_carton_cropped_1.jpg","link":"shopify:\/\/products\/citrus-foam-exfoliating-cleanser","text-box-title":"CITRUS FOAM <br>Exfoliating Cleanser"}}},"block_order":["image_cxBUm4","image_CktRNX","image_3GNTFJ"],"settings":{"text-box":"Title"}},"rich_text_PwbJrY":{"type":"rich-text","settings":{"icon":"","position_icon":"top","caption":"","heading":"Additional Information","heading_type":"h2","content":"<h3>More about Scars<\/h3><p>Scars are a result of the body's process of wound repair whether from injury or surgery. Therefore, scarring is a normal process in healing. L'ATHENE offers a complete natural skincare regimen to help support scarred skin and to help promote skin health. To reduce the look of scars, good skincare intervention can optimize the outcome. The earlier the intervention, the more ideal the results; however, the look of many old scars can be improved with antioxidant enriched products.<\/p><p>Scars come in all shapes and sizes and in all elevations. Some can be raised, some can be sunken, some can become keloid and unsightly. On all types, implementing good skincare and good protection from the sun is important. With the advances in medicine, there are also many surgical revisions to scars that were not formerly available.<\/p><h3>Avoid Skincare with Harsh Cosmetic Chemicals... to Promote Maximum Skin Health<\/h3><p>Almost all skincare, including medical skincare brands, contain harsh alcohols, petroleum-derivatives, detergents, and many other potentially skin irritating ingredients, that can possibly cause redness, inflammation or discomfort. Choosing skincare products that are non-irritating is important. Become a label reader. <a href=\"\/pages\/why-choose-lathene\" title=\"Why Choose L'ATHENE\">Read more about the ingredients in L'ATHENE products.<\/a><\/p>","alignment_text":"left","size_text":"md","color_icon":"","color_border_icon":"","color_text":"","color_border":"","color_background":"","color_background_gradient":"","padding_top_desktop":32,"padding_bottom_desktop":32,"padding_top_mobile":16,"padding_bottom_mobile":16,"style_line_top":"none","style_line_bottom":"none","color_line":"","display_visibility":"hide-no"}}},"order":["main","rich_text_VpdJw3","image_with_text_bock_jFyB74","image_with_text_bock_HD3z6f","rich_text_pPdBqp","linkable_image_with_button_M3Uchy","rich_text_jfYaNi","linkable_image_with_button_LLN396","image_with_text_bock_7twkAz","rich_text_97yTNr","linkable_image_with_button_tVPMJq","rich_text_PwbJrY"]}