{"sections":{"rich_text_intro":{"type":"rich-text","settings":{"icon":"help","position_icon":"top","caption":"","heading":"","heading_type":"h2","content":"<p><em>Sometimes it's nice to have a <\/em><em><strong>page template<\/strong><\/em><em> version of your homepage for testing, or as a place to sketch ideas. Do it here!<\/em><\/p>","alignment_text":"center","size_text":"md","color_icon":"rgba(0,0,0,0)","color_border_icon":"rgba(0,0,0,0)","color_text":"rgba(0,0,0,0)","color_border":"rgba(0,0,0,0)","color_background":"rgba(0,0,0,0)","color_background_gradient":"","padding_top_desktop":80,"padding_bottom_desktop":96,"padding_top_mobile":40,"padding_bottom_mobile":56,"style_line_top":"none","style_line_bottom":"none","color_line":"","display_visibility":"hide-no"}},"main":{"type":"main-page","disabled":true,"settings":{"display_title":true,"color_text":"","color_background":"","color_background_gradient":"","padding_top_desktop":64,"padding_bottom_desktop":64,"padding_top_mobile":32,"padding_bottom_mobile":32,"style_line_top":"none","style_line_bottom":"none","color_line":""}},"banner_intro":{"type":"banner","settings":{"ratio_block":"landscape","ratio_block_mobile":"default","alignment_vertical":"bottom","alignment_horizontal":"left","icon":"","caption":"Made with ❤️","heading":"Your slogan here","heading_type":"h1","subheading":"","button_url":"","button_text":"Shop now","style_button":"primary","style_link":"link-button","width_image":400,"fit_object":"cover","color_background":"","color_background_gradient":"","color_icon":"","color_text":"#ffffff","color_subheading":"","color_overlay":"#000000","color_overlay_gradient":"","opacity_overlay":24,"padding_top_desktop":32,"padding_bottom_desktop":32,"padding_top_mobile":16,"padding_bottom_mobile":16,"style_line_top":"none","style_line_bottom":"none","color_line":"","display_visibility":"hide-no"}},"logo_list":{"type":"logo-list","blocks":{"rich_text_seen_in":{"type":"rich_text_basic","settings":{"content":"<p>As seen in<\/p>","size_text":"sm","color_text":""}},"logo_item_01":{"type":"logo_item","settings":{"text":"","width_image":80,"link":""}},"logo_item_02":{"type":"logo_item","settings":{"text":"","width_image":80,"link":""}},"logo_item_03":{"type":"logo_item","settings":{"text":"","width_image":80,"link":""}},"logo_item_04":{"type":"logo_item","settings":{"text":"","width_image":80,"link":""}},"button_view_all":{"type":"button","settings":{"text":"View all","link":"","style_button":"sm-secondary"}}},"block_order":["rich_text_seen_in","logo_item_01","logo_item_02","logo_item_03","logo_item_04","button_view_all"],"settings":{"alignment_horizontal":"center","icon":"","caption":"","heading":"","heading_type":"h2","subheading":"","button_url":"","button_text":"","style_button":"primary","color_icon":"","color_text":"","color_subheading":"","color_background":"","color_background_gradient":"","padding_top_desktop":32,"padding_bottom_desktop":32,"padding_top_mobile":16,"padding_bottom_mobile":16,"style_line_top":"none","style_line_bottom":"none","color_line":"","display_visibility":"hide-no"}},"multicolumn_intro":{"type":"multicolumn","blocks":{"banner_new_products":{"type":"banner","settings":{"display_fill_available":false,"ratio_block":"square","ratio_block_mobile":"default","alignment_vertical":"bottom","alignment_horizontal":"left","icon":"","caption":"Say 👋 to","heading":"Hot new products","heading_type":"h2","subheading":"","button_url":"","button_text":"Shop now","style_button":"primary","style_link":"link-full-button","width_image":400,"fit_object":"cover","color_background":"","color_background_gradient":"","color_icon":"","color_text":"#ffffff","color_subheading":"","color_overlay":"#000000","color_overlay_gradient":"","opacity_overlay":24}},"banner_new_favorites":{"type":"banner","settings":{"display_fill_available":false,"ratio_block":"square","ratio_block_mobile":"default","alignment_vertical":"bottom","alignment_horizontal":"left","icon":"","caption":"Back in stock","heading":"Your new favorites","heading_type":"h2","subheading":"","button_url":"","button_text":"Get them while they last ✨","style_button":"primary","style_link":"link-full-button","width_image":400,"fit_object":"cover","color_background":"","color_background_gradient":"","color_icon":"","color_text":"#ffffff","color_subheading":"","color_overlay":"#000000","color_overlay_gradient":"","opacity_overlay":24}}},"block_order":["banner_new_products","banner_new_favorites"],"settings":{"column_count_desktop":2,"column_count_tablet":2,"column_count_mobile":1,"content_alignment":"top","stretch_content":false,"layout_mobile_swipe":false,"icon":"","caption":"","heading":"","heading_type":"h2","subheading":"","button_url":"","button_text":"","style_button":"primary","color_icon":"","color_text":"","color_subheading":"","color_background":"","color_background_gradient":"","padding_top_desktop":32,"padding_bottom_desktop":32,"padding_top_mobile":16,"padding_bottom_mobile":16,"style_line_top":"none","style_line_bottom":"none","color_line":"","display_visibility":"hide-no"}},"banner_about":{"type":"banner","settings":{"ratio_block":"widescreen","ratio_block_mobile":"square","alignment_vertical":"center","alignment_horizontal":"center","icon":"","caption":"Made with ❤️","heading":"👋 Hi! We're Company XYZ","heading_type":"h2","subheading":"<p>This is a sample layout meant to demonstrate the Align theme.<\/p>","button_url":"https:\/\/companyxyz.io","button_text":"More about us","style_button":"primary","style_link":"link-button","width_image":400,"fit_object":"cover","color_background":"","color_background_gradient":"","color_icon":"","color_text":"#ffffff","color_subheading":"","color_overlay":"#000000","color_overlay_gradient":"","opacity_overlay":40,"padding_top_desktop":0,"padding_bottom_desktop":0,"padding_top_mobile":0,"padding_bottom_mobile":0,"style_line_top":"none","style_line_bottom":"none","color_line":"","display_visibility":"hide-no"}},"featured_collection":{"type":"featured-collection","settings":{"collection":"","count_items":0,"column_count_desktop":3,"column_count_mobile":1,"layout_desktop":"slider","layout_mobile":"grid","display_navigation":true,"display_pagination":false,"icon":"","caption":"","heading":"Most popular ✨","heading_type":"h2","subheading":"<p>Folks seem to like these!<\/p>","button_url":"","button_text":"Shop all","style_button":"plain","ratio_image":"default","style_card":"default","display_text_card":"default","color_icon":"","color_text":"","color_subheading":"","color_background":"","color_background_gradient":"","padding_top_desktop":32,"padding_bottom_desktop":32,"padding_top_mobile":16,"padding_bottom_mobile":16,"style_line_top":"none","style_line_bottom":"none","color_line":"","display_visibility":"hide-no"}},"multicolumn_banner_product":{"type":"multicolumn","blocks":{"banner_exclusive":{"type":"banner","settings":{"display_fill_available":true,"ratio_block":"default","ratio_block_mobile":"default","alignment_vertical":"bottom","alignment_horizontal":"left","icon":"","caption":"Exclusive of the week","heading":"Sell the experience","heading_type":"h2","subheading":"","button_url":"","button_text":"Shop exclusives","style_button":"primary","style_link":"link-full-button","width_image":400,"fit_object":"cover","color_background":"rgba(0,0,0,0)","color_background_gradient":"","color_icon":"","color_text":"#ffffff","color_subheading":"","color_overlay":"#000000","color_overlay_gradient":"","opacity_overlay":20}},"multicolumn_banner_products_01":{"type":"product","settings":{"display_fill_available":false,"product":"","ratio_image":"default","style_card":"default","display_text_card":"text_title"}},"multicolumn_banner_products_02":{"type":"product","settings":{"display_fill_available":false,"product":"","ratio_image":"default","style_card":"default","display_text_card":"default"}},"multicolumn_banner_products_03":{"type":"product","settings":{"display_fill_available":false,"product":"","ratio_image":"default","style_card":"default","display_text_card":"default"}},"banner_sale":{"type":"banner","settings":{"display_fill_available":true,"ratio_block":"square","ratio_block_mobile":"default","alignment_vertical":"bottom","alignment_horizontal":"left","icon":"","caption":"Big savings","heading":"Seasonal Sale","heading_type":"h2","subheading":"","button_url":"","button_text":"Shop sale","style_button":"primary","style_link":"link-full-button","width_image":400,"fit_object":"cover","color_background":"","color_background_gradient":"","color_icon":"","color_text":"#ffffff","color_subheading":"","color_overlay":"#000000","color_overlay_gradient":"","opacity_overlay":20}}},"block_order":["banner_exclusive","multicolumn_banner_products_01","multicolumn_banner_products_02","multicolumn_banner_products_03","banner_sale"],"settings":{"column_count_desktop":3,"column_count_tablet":3,"column_count_mobile":1,"content_alignment":"top","stretch_content":true,"layout_mobile_swipe":false,"icon":"","caption":"","heading":"Featured exclusive","heading_type":"h2","subheading":"","button_url":"","button_text":"Shop all exclusives","style_button":"plain","color_icon":"","color_text":"","color_subheading":"","color_background":"rgba(0,0,0,0)","color_background_gradient":"","padding_top_desktop":32,"padding_bottom_desktop":32,"padding_top_mobile":16,"padding_bottom_mobile":16,"style_line_top":"none","style_line_bottom":"none","color_line":"","display_visibility":"hide-no"}},"featured_product":{"type":"featured-product","blocks":{"featured_product_title":{"type":"title","settings":{"size_text":"md","color_text":"","display_ui_share":true,"display_ui_print":false}},"featured_product_price":{"type":"price","settings":{"display_policy_shipping":true,"size_text":"md","color_text":"","color_sale":""}},"featured_product_description":{"type":"description","settings":{"size_text":"md","color_text":"","ux_expandable":false}},"featured_product_benefits":{"type":"benefits","settings":{"icon_1":"verified","heading_1":"Benefit","subheading_1":"Subheading","icon_2":"verified","heading_2":"Benefit","subheading_2":"Subheading","icon_3":"verified","heading_3":"Benefit","subheading_3":"Subheading"}},"featured_product_variant_selector":{"type":"variant_selector","settings":{}},"featured_product_quantity_selector":{"type":"quantity_selector","settings":{"display_availability":true}},"featured_product_add_to_cart_button":{"type":"add_to_cart_button","settings":{"icon_button":"shopping cart","display_additional_buttons":true,"display_free_shipping":true,"display_gift_card_recipient":false,"display_local_pickup":true,"display_payment_icons":true,"display_sticky_cart":true}}},"block_order":["featured_product_title","featured_product_price","featured_product_description","featured_product_benefits","featured_product_variant_selector","featured_product_quantity_selector","featured_product_add_to_cart_button"],"settings":{"product":"","position_gallery":"left","ratio_image":"square","padding_top_desktop":32,"padding_bottom_desktop":32,"padding_top_mobile":16,"padding_bottom_mobile":16,"style_line_top":"none","style_line_bottom":"none","color_line":"","display_visibility":"hide-no"}},"slideshow_text_controls":{"type":"slideshow-text-controls","blocks":{"slideshow_text_controls_slide_01":{"type":"slide","settings":{"icon":"campaign","heading":"Our story","content":"<p>Our story is an important part of why we well products. We will tell our story with high-impact images or videos.<\/p>","color_overlay_inactive":"#000000","opacity_overlay":40}},"slideshow_text_controls_slide_02":{"type":"slide","settings":{"icon":"auto_awesome","heading":"Our results","content":"<p>We increase trust by being <em>clear, informative,<\/em> and, <em>transparent<\/em> with your customers. We show proof because we have it!<\/p>","color_overlay_inactive":"#000000","opacity_overlay":40}},"slideshow_text_controls_slide_03":{"type":"slide","settings":{"icon":"favorite","heading":"Be unforgettable","content":"<p>Make yourself impossible to forget. Offer great support and guarantees, and leave them wanting more!<\/p>","color_overlay_inactive":"#000000","opacity_overlay":40}}},"block_order":["slideshow_text_controls_slide_01","slideshow_text_controls_slide_02","slideshow_text_controls_slide_03"],"settings":{"position_controls":"right","display_navigation":true,"display_pagination":false,"icon":"","caption":"","heading":"Why you'll love it","heading_type":"h2","subheading":"","button_url":"","button_text":"","style_button":"primary","color_icon":"","color_text":"","color_subheading":"","color_background":"rgba(0,0,0,0)","color_background_gradient":"","padding_top_desktop":32,"padding_bottom_desktop":32,"padding_top_mobile":16,"padding_bottom_mobile":16,"style_line_top":"none","style_line_bottom":"none","color_line":"","display_visibility":"hide-no"}},"multicolumn_usp":{"type":"multicolumn","blocks":{"multicolumn_rich_text_usp_01":{"type":"rich_text","settings":{"display_fill_available":false,"position_icon":"top","alignment_text":"center","size_text":"md","icon":"electric_rickshaw","caption":"","heading":"Free delivery","heading_type":"h3","content":"<p>Get it free and fast to your door<\/p>","button_url":"","button_text":"","style_button":"primary","color_border":"","color_icon":"","color_border_icon":"","color_text":"","color_background":"","color_background_gradient":""}},"multicolumn_rich_text_usp_02":{"type":"rich_text","settings":{"display_fill_available":false,"position_icon":"top","alignment_text":"center","size_text":"md","icon":"hotel_class","caption":"","heading":"Customer reviews","heading_type":"h3","content":"<p>Real people, real feelings<\/p>","button_url":"","button_text":"","style_button":"primary","color_border":"","color_icon":"","color_border_icon":"","color_text":"","color_background":"","color_background_gradient":""}},"multicolumn_rich_text_usp_03":{"type":"rich_text","settings":{"display_fill_available":false,"position_icon":"top","alignment_text":"center","size_text":"md","icon":"new_releases","caption":"","heading":"Guaranteed","heading_type":"h3","content":"<p>Buy with confidence<\/p>","button_url":"","button_text":"","style_button":"primary","color_border":"","color_icon":"","color_border_icon":"","color_text":"","color_background":"","color_background_gradient":""}}},"block_order":["multicolumn_rich_text_usp_01","multicolumn_rich_text_usp_02","multicolumn_rich_text_usp_03"],"settings":{"column_count_desktop":3,"column_count_tablet":3,"column_count_mobile":1,"content_alignment":"top","stretch_content":false,"layout_mobile_swipe":false,"icon":"","caption":"","heading":"","heading_type":"h2","subheading":"","button_url":"","button_text":"","style_button":"primary","color_icon":"","color_text":"","color_subheading":"","color_background":"","color_background_gradient":"","padding_top_desktop":80,"padding_bottom_desktop":96,"padding_top_mobile":40,"padding_bottom_mobile":52,"style_line_top":"none","style_line_bottom":"none","color_line":"","display_visibility":"hide-no"}},"featured_products":{"type":"featured-products","settings":{"products":[],"count_items":0,"column_count_desktop":3,"column_count_mobile":2,"layout_desktop":"slider","layout_mobile":"slider","display_navigation":true,"display_pagination":false,"icon":"","caption":"Like toast with butter 🧈🍞","heading":"This goes great with...","heading_type":"h2","subheading":"","button_url":"","button_text":"","style_button":"plain","ratio_image":"default","style_card":"default","display_text_card":"default","color_icon":"","color_text":"","color_subheading":"","color_background":"","color_background_gradient":"","padding_top_desktop":32,"padding_bottom_desktop":32,"padding_top_mobile":16,"padding_bottom_mobile":16,"style_line_top":"none","style_line_bottom":"none","color_line":"","display_visibility":"hide-no"}},"collage":{"type":"collage","blocks":{"banner_collage_01":{"type":"banner","settings":{"ratio_block":"portrait","ratio_block_mobile":"square","alignment_vertical":"top","alignment_horizontal":"left","icon":"","caption":"Don't tell anyone 🤐","heading":"Exclusives","heading_type":"h2","subheading":"","button_url":"","button_text":"Shop now","style_button":"primary","style_link":"link-button","width_image":400,"fit_object":"cover","color_background":"","color_background_gradient":"","color_icon":"","color_text":"#ffffff","color_subheading":"","color_overlay":"#000000","color_overlay_gradient":"","opacity_overlay":16,"title":""}},"banner_collage_02":{"type":"banner","settings":{"ratio_block":"landscape","ratio_block_mobile":"landscape","alignment_vertical":"top","alignment_horizontal":"left","icon":"","caption":"Still hot 🔥","heading":"Discover your new favorite","heading_type":"h2","subheading":"","button_url":"","button_text":"Shop classics","style_button":"primary","style_link":"link-full-button","width_image":400,"fit_object":"cover","color_background":"","color_background_gradient":"","color_icon":"","color_text":"#ffffff","color_subheading":"","color_overlay":"#000000","color_overlay_gradient":"","opacity_overlay":32,"title":""}},"banner_collage_03":{"type":"banner","settings":{"ratio_block":"square","ratio_block_mobile":"square","alignment_vertical":"center","alignment_horizontal":"left","icon":"","caption":"Too good to last","heading":"Crowd favorites  👀","heading_type":"h2","subheading":"","button_url":"","button_text":"Shop now","style_button":"primary","style_link":"link-button","width_image":400,"fit_object":"cover","color_background":"","color_background_gradient":"","color_icon":"","color_text":"#ffffff","color_subheading":"","color_overlay":"#000000","color_overlay_gradient":"","opacity_overlay":24,"title":""}}},"block_order":["banner_collage_01","banner_collage_02","banner_collage_03"],"settings":{"style_collage":"large_left","icon":"","caption":"","heading":"","heading_type":"h2","subheading":"","button_url":"","button_text":"","style_button":"plain","color_icon":"","color_text":"","color_subheading":"","color_background":"","color_background_gradient":"","padding_top_desktop":32,"padding_bottom_desktop":32,"padding_top_mobile":16,"padding_bottom_mobile":16,"style_line_top":"none","style_line_bottom":"none","color_line":"","display_visibility":"hide-no"}},"collection_list":{"type":"collection-list","settings":{"collections":[],"column_count_desktop":4,"column_count_mobile":2,"layout_desktop":"slider","layout_mobile":"slider","display_navigation":true,"display_pagination":false,"icon":"","caption":"Explore more","heading":"Featured collections","heading_type":"h2","subheading":"","button_url":"shopify:\/\/collections","button_text":"View all collections","style_button":"plain","ratio_image":"portrait","style_card":"no_padding","display_text_card":"default","color_icon":"","color_text":"","color_subheading":"","color_background":"","color_background_gradient":"","padding_top_desktop":32,"padding_bottom_desktop":32,"padding_top_mobile":16,"padding_bottom_mobile":16,"style_line_top":"none","style_line_bottom":"none","color_line":""}},"testimonials":{"type":"testimonials","blocks":{"testimonial_01":{"type":"testimonial","settings":{"rating":5,"content":"<p>Provide a featured customer quote explaining more about the quality of your product or service.<\/p><p><em>Try to keep this quote short and sweet!<\/em><\/p>","source":"— Testimonial source","product":"","style_image":"circle"}},"testimonial_02":{"type":"testimonial","settings":{"rating":5,"content":"<p>Provide a featured customer quote explaining more about the quality of your product or service.<\/p><p><em>Try to keep this quote short and sweet!<\/em><\/p>","source":"— Testimonial source","product":"","style_image":"circle"}},"testimonial_03":{"type":"testimonial","settings":{"rating":5,"content":"<p>Provide a featured customer quote explaining more about the quality of your product or service.<\/p><p><em>Try to keep this quote short and sweet!<\/em><\/p>","source":"— Testimonial source","product":"","style_image":"circle"}}},"block_order":["testimonial_01","testimonial_02","testimonial_03"],"settings":{"column_count_desktop":3,"column_count_mobile":1,"content_alignment":"top","stretch_content":false,"icon":"","caption":"These are not actually real! 😉","heading":"Real customers, real reviews","heading_type":"h2","subheading":"","button_url":"","button_text":"View all testimonials","style_button":"plain","color_icon":"","color_text":"","color_subheading":"","color_background":"","color_background_gradient":"","padding_top_desktop":32,"padding_bottom_desktop":32,"padding_top_mobile":16,"padding_bottom_mobile":16,"style_line_top":"none","style_line_bottom":"none","color_line":"","display_visibility":"hide-no"}},"hero_sponsored":{"type":"hero","blocks":{"heading":{"type":"heading","settings":{"heading":"You're going to love this","heading_type":"h2","color_text":""}},"icon_with_text":{"type":"icon_with_text","settings":{"icon":"Visibility","text":"Enjoy an exclusive look at upcoming products","color_text":"","color_icon":""}},"separator":{"type":"separator","settings":{"height_desktop":32,"height_mobile":16,"style_line":"none","color_line":""}},"rich_text_basic":{"type":"rich_text_basic","settings":{"content":"<p>brought to you by<\/p>","size_text":"sm","color_text":""}},"image":{"type":"image","settings":{"width_image":112,"style_image":"default","ratio_block":"default","alignment_horizontal":"center","link":""}}},"block_order":["heading","icon_with_text","separator","rich_text_basic","image"],"settings":{"alignment_text":"center","style_hero":"background","color_icon":"#ffffff","color_text":"#ffffff","color_background":"","color_background_gradient":"","color_overlay":"#000000","color_overlay_gradient":"","opacity_overlay":40,"padding_top_desktop":64,"padding_bottom_desktop":64,"padding_top_mobile":32,"padding_bottom_mobile":32,"style_line_top":"none","style_line_bottom":"none","color_line":"","display_visibility":"hide-no","alignment_horizontal":"left"}},"rich_text_about":{"type":"rich-text","blocks":{"button_faqs":{"type":"button","settings":{"text":"Frequently Asked Questions","link":"","style_button":"primary"}},"button_contact":{"type":"button","settings":{"text":"Contact Us","link":"shopify:\/\/pages\/contact","style_button":"secondary"}}},"block_order":["button_faqs","button_contact"],"settings":{"icon":"mood","position_icon":"top","caption":"","heading":"About us","heading_type":"h2","content":"<p>We are a small, independent team united by a core belief in doing everything <strong>the right way<\/strong>.<\/p>","alignment_text":"center","size_text":"lg","color_icon":"","color_border_icon":"","color_text":"","color_border":"","color_background":"rgba(0,0,0,0)","color_background_gradient":"","padding_top_desktop":80,"padding_bottom_desktop":96,"padding_top_mobile":40,"padding_bottom_mobile":56,"style_line_top":"none","style_line_bottom":"none","color_line":"","display_visibility":"hide-no"}},"video_text":{"type":"video-text","blocks":{"rich_text_story":{"type":"rich_text","settings":{"position_icon":"top","alignment_text":"left","size_text":"md","icon":"","caption":"Build trust","heading":"Tell your story","heading_type":"h2","content":"<p>Add relevant text content with the richtext editor. Note that you can also include <a href=\"”#”\">links<\/a> and basic formatting in this content, e.g. <strong>bold<\/strong> and <em>italic<\/em>.<\/p>","button_url":"","button_text":"","style_button":"primary","color_border":"","color_icon":"","color_border_icon":"","color_text":"","color_background":"","color_background_gradient":""}},"video_story":{"type":"video","settings":{"ratio_block":"square","video_autoplay":false,"video_loop":false,"video_mute":true,"display_controls":true,"url_video":"https:\/\/www.youtube.com\/watch?v=_9VUPq3SxOc"}}},"block_order":["rich_text_story","video_story"],"settings":{"content_alignment":"center","icon":"","caption":"","heading_type":"h2","heading":"","subheading":"","button_url":"","button_text":"","style_button":"primary","color_icon":"","color_text":"","color_subheading":"","color_background":"","color_background_gradient":"","padding_top_desktop":32,"padding_bottom_desktop":32,"padding_top_mobile":16,"padding_bottom_mobile":16,"style_line_top":"none","style_line_bottom":"none","color_line":"","display_visibility":"hide-no"}},"image_text":{"type":"image-text","blocks":{"image_story":{"type":"image","settings":{"width_image":800,"style_image":"rounded_corners","ratio_block":"square","alignment_horizontal":"left","link":""}},"rich_text_story_more":{"type":"rich_text","settings":{"position_icon":"top","alignment_text":"left","size_text":"md","icon":"","caption":"Who we are","heading":"More about you","heading_type":"h2","content":"<p>Add relevant text content with the richtext editor. Note that you can also include <a href=\"”#”\">links<\/a> and basic formatting in this content, e.g. <strong>bold<\/strong> and <em>italic<\/em>.<\/p>","button_url":"","button_text":"","style_button":"primary","color_border":"","color_icon":"","color_border_icon":"","color_text":"","color_background":"","color_background_gradient":""}}},"block_order":["image_story","rich_text_story_more"],"settings":{"content_alignment":"center","icon":"","caption":"","heading":"","heading_type":"h2","subheading":"","button_url":"","button_text":"","style_button":"primary","color_icon":"","color_text":"","color_subheading":"","color_background":"","color_background_gradient":"","padding_top_desktop":32,"padding_bottom_desktop":32,"padding_top_mobile":16,"padding_bottom_mobile":16,"style_line_top":"none","style_line_bottom":"none","color_line":"","display_visibility":"hide-no"}},"heading_featured_content":{"type":"heading","settings":{"alignment_text":"center","icon":"","caption":"Get inspired","heading_type":"h2","heading":"Our newest featured content","subheading":"","button_text":"Check it out","button_url":"","style_button":"primary","color_icon":"","color_text":"","color_subheading":"","color_background":"","color_background_gradient":"","padding_top_desktop":80,"padding_bottom_desktop":80,"padding_top_mobile":40,"padding_bottom_mobile":40,"style_line_top":"none","style_line_bottom":"none","color_line":"","display_visibility":"hide-no"}},"slideshow_featured_content":{"type":"slideshow","blocks":{"banner_featured_content_01":{"type":"banner","settings":{"ratio_block":"landscape","ratio_block_mobile":"default","alignment_vertical":"bottom","alignment_horizontal":"left","icon":"","caption":"Our brand values","heading":"Discover what we stand for","heading_type":"h2","subheading":"","button_url":"","button_text":"About Us","style_button":"primary","style_link":"link-full-button","width_image":400,"fit_object":"cover","color_background":"","color_background_gradient":"","color_icon":"","color_text":"#ffffff","color_subheading":"","color_overlay":"#000000","color_overlay_gradient":"","opacity_overlay":24,"title":""}},"banner_featured_content_02":{"type":"banner","settings":{"ratio_block":"landscape","ratio_block_mobile":"default","alignment_vertical":"bottom","alignment_horizontal":"left","icon":"","caption":"Clarity is important","heading":"Get answers you are looking for","heading_type":"h2","subheading":"","button_url":"","button_text":"Read FAQs","style_button":"primary","style_link":"link-full-button","width_image":400,"fit_object":"cover","color_background":"","color_background_gradient":"","color_icon":"","color_text":"#ffffff","color_subheading":"","color_overlay":"#000000","color_overlay_gradient":"","opacity_overlay":24,"title":""}},"banner_featured_content_03":{"type":"banner","settings":{"ratio_block":"landscape","ratio_block_mobile":"default","alignment_vertical":"bottom","alignment_horizontal":"left","icon":"","caption":"New and great","heading":"More of what you love","heading_type":"h2","subheading":"","button_url":"","button_text":"Check it out","style_button":"primary","style_link":"link-full-button","width_image":400,"fit_object":"cover","color_background":"","color_background_gradient":"","color_icon":"","color_text":"#ffffff","color_subheading":"","color_overlay":"#000000","color_overlay_gradient":"","opacity_overlay":24,"title":""}}},"block_order":["banner_featured_content_01","banner_featured_content_02","banner_featured_content_03"],"settings":{"display_navigation":false,"display_pagination":false,"column_count_desktop":1,"column_count_tablet":0,"column_count_mobile":1,"layout_mobile_stack":false,"stretch_content":false,"icon":"","caption":"","heading":"","heading_type":"h2","subheading":"","button_url":"","button_text":"","style_button":"primary","color_icon":"","color_text":"","color_subheading":"","color_background":"","color_background_gradient":"","padding_top_desktop":32,"padding_bottom_desktop":0,"padding_top_mobile":16,"padding_bottom_mobile":16,"style_line_top":"none","style_line_bottom":"none","color_line":"","display_visibility":"hide-no"}},"featured_blog":{"type":"featured-blog","settings":{"blog":"news","tag":"","count_items":0,"display_sort_by":"title","display_sort_order":"ascending","layout_desktop":"slider","layout_mobile":"slider","column_count_desktop":3,"column_count_mobile":1,"display_navigation":true,"display_pagination":false,"ratio_image":"default","style_card":"default","display_text_card":"default","settings_style_cta_card":"default","card_caption_article":"none","icon":"","caption":"New & featured","heading":"From the blog","heading_type":"h2","subheading":"","button_url":"","button_text":"Read all","style_button":"plain","color_icon":"","color_text":"","color_subheading":"","color_background":"","color_background_gradient":"","padding_top_desktop":32,"padding_bottom_desktop":32,"padding_top_mobile":16,"padding_bottom_mobile":16,"style_line_top":"none","style_line_bottom":"none","color_line":"","display_visibility":"hide-no"}},"rich_text_questions":{"type":"rich-text","blocks":{"button_faqs":{"type":"button","settings":{"text":"Frequently Asked Questions","link":"","style_button":"primary"}},"button_contact":{"type":"button","settings":{"text":"Contact Us","link":"shopify:\/\/pages\/contact","style_button":"secondary"}}},"block_order":["button_faqs","button_contact"],"settings":{"icon":"mood","position_icon":"top","caption":"","heading":"How can we help?","heading_type":"h2","content":"<p>Browse our FAQs or contact us and we'll get your questions answered as quickly as possible.<\/p>","alignment_text":"center","size_text":"md","color_icon":"","color_border_icon":"","color_text":"","color_border":"","color_background":"rgba(0,0,0,0)","color_background_gradient":"","padding_top_desktop":32,"padding_bottom_desktop":64,"padding_top_mobile":32,"padding_bottom_mobile":32,"style_line_top":"none","style_line_bottom":"none","color_line":"","display_visibility":"hide-no"}},"accordion_support_orders":{"type":"accordion","blocks":{"accordion_support_orders_row_01":{"type":"row","settings":{"display_open":false,"article":"","page":"","title":"How do I make a purchase?","content":"<p>Note that this text is a demonstration example of a response you would add to answer a relevant question.<\/p><p><strong>Tip:<\/strong> Increase trust by being <em>clear<\/em>, <em>informative<\/em> and <em>transparent<\/em> with your customers.<\/p><p>Have further questions? <a href=\"\/pages\/contact\" title=\"Contact\">Contact us<\/a><\/p>","button_url":"","button_text":"","style_button":"primary","display_imagery":"bottom","url_video":"","video_autoplay":false,"video_loop":false,"video_mute":true}},"accordion_support_orders_row_02":{"type":"row","settings":{"display_open":false,"article":"","page":"","title":"How can I check my order status?","content":"<p>Note that this text is a demonstration example of a response you would add to answer a relevant question.<\/p><p><strong>Tip:<\/strong> Increase trust by being <em>clear<\/em>, <em>informative<\/em> and <em>transparent<\/em> with your customers.<\/p><p>Have further questions? <a href=\"\/pages\/contact\" title=\"Contact\">Contact us<\/a><\/p>","button_url":"","button_text":"","style_button":"primary","display_imagery":"bottom","url_video":"","video_autoplay":false,"video_loop":false,"video_mute":true}},"accordion_support_orders_row_03":{"type":"row","settings":{"display_open":false,"article":"","page":"","title":"How do I cancel my order?","content":"<p>Note that this text is a demonstration example of a response you would add to answer a relevant question.<\/p><p><strong>Tip:<\/strong> Increase trust by being <em>clear<\/em>, <em>informative<\/em> and <em>transparent<\/em> with your customers.<\/p><p>Have further questions? <a href=\"\/pages\/contact\" title=\"Contact\">Contact us<\/a><\/p>","button_url":"","button_text":"","style_button":"primary","display_imagery":"bottom","url_video":"","video_autoplay":false,"video_loop":false,"video_mute":true}},"accordion_support_orders_row_04":{"type":"row","settings":{"display_open":false,"article":"","page":"","title":"How do I know if my order is confirmed?","content":"<p>Note that this text is a demonstration example of a response you would add to answer a relevant question.<\/p><p><strong>Tip:<\/strong> Increase trust by being <em>clear<\/em>, <em>informative<\/em> and <em>transparent<\/em> with your customers.<\/p><p>Have further questions? <a href=\"\/pages\/contact\" title=\"Contact\">Contact us<\/a><\/p>","button_url":"","button_text":"","style_button":"primary","display_imagery":"bottom","url_video":"","video_autoplay":false,"video_loop":false,"video_mute":true}},"accordion_support_orders_row_05":{"type":"row","settings":{"display_open":true,"article":"","page":"","title":"What payment methods do you accept?","content":"<p><em>You can start any accordion row open by default — check out the \"show open by default\" block settings. <\/em><\/p><p>Note that this text is a demonstration example of a response you would add to answer a relevant question.<strong>Tip:<\/strong> Increase trust by being <em>clear<\/em>, <em>informative<\/em> and <em>transparent<\/em> with your customers.<\/p><p>Have further questions? <a href=\"\/pages\/contact\" title=\"Contact\">Contact us<\/a><\/p>","button_url":"","button_text":"","style_button":"primary","display_imagery":"bottom","url_video":"","video_autoplay":false,"video_loop":false,"video_mute":true}}},"block_order":["accordion_support_orders_row_01","accordion_support_orders_row_02","accordion_support_orders_row_03","accordion_support_orders_row_04","accordion_support_orders_row_05"],"settings":{"blog":"","tag":"","count_items":0,"display_sort_by":"title","display_sort_order":"ascending","display_full_width":false,"sticky_header":true,"icon":"","caption":"We have answers!","heading":"Orders & support","heading_type":"h2","subheading":"<p><strong>You can create full Accordion sections automatically by using dynamic content <\/strong>(i.e. you can automatically use the title and content from articles within a blog or blog tag, or from specific articles or pages).<br\/><br\/>Check out the \"blog\" setting at the top of the section settings to learn more; or you can add a Row block and check out the block settings for Blog posts and\/or Pages.<\/p><p>This can be a powerful way to build a library of FAQs or related content, and can be great for SEO.<\/p>","button_url":"https:\/\/companyxyz.io\/blogs\/sections\/accordion","button_text":"Learn more →","style_button":"plain","color_icon":"","color_text":"","color_subheading":"","color_background":"rgba(0,0,0,0)","color_background_gradient":"","padding_top_desktop":32,"padding_bottom_desktop":32,"padding_top_mobile":16,"padding_bottom_mobile":16,"style_line_top":"none","style_line_bottom":"none","color_line":"","display_visibility":"hide-no"}},"hero_search":{"type":"hero","blocks":{"heading":{"type":"heading","settings":{"heading":"Find your new favorite","heading_type":"h2","color_text":""}},"separator":{"type":"separator","settings":{"height_desktop":32,"height_mobile":32,"style_line":"none","color_line":""}},"icon_with_text":{"type":"icon_with_text","settings":{"icon":"help","text":"Looking for something?","color_text":"","color_icon":""}},"predictive_search":{"type":"predictive_search","settings":{"placeholder":"Enter your search terms","button_text_search":"Search","layout_search":"fill","display_fill_available":false,"display_centered":false,"ux_predictive":true,"display_features_bar":true,"title_default_results":"Trending Searches","results_default":"main-menu","results_secondary":"main-menu","display_banner":false,"alignment_vertical":"bottom","alignment_horizontal":"left","icon":"","caption":"","headline":"Banner headline","subheading":"","button_url":"","button_text":"Button text","style_button":"primary","style_link":"link-button","color_icon":"","color_text":"","color_subheading":"","color_background":"","color_background_gradient":"","color_overlay":"","color_overlay_gradient":"","opacity_overlay":40,"title":"Predictive search"}}},"block_order":["heading","separator","icon_with_text","predictive_search"],"settings":{"alignment_text":"center","style_hero":"background","color_icon":"#ffffff","color_text":"#ffffff","color_background":"","color_background_gradient":"","color_overlay":"#000000","color_overlay_gradient":"","opacity_overlay":40,"padding_top_desktop":64,"padding_bottom_desktop":16,"padding_top_mobile":16,"padding_bottom_mobile":16,"style_line_top":"none","style_line_bottom":"none","color_line":"","display_visibility":"hide-no","alignment_horizontal":"left"}}},"order":["rich_text_intro","main","banner_intro","logo_list","multicolumn_intro","banner_about","featured_collection","multicolumn_banner_product","featured_product","slideshow_text_controls","multicolumn_usp","featured_products","collage","collection_list","testimonials","hero_sponsored","rich_text_about","video_text","image_text","heading_featured_content","slideshow_featured_content","featured_blog","rich_text_questions","accordion_support_orders","hero_search"]}