{"sections":{"main":{"type":"main-page","disabled":true,"settings":{"display_title":false,"color_text":"","color_background":"","color_background_gradient":"","padding_top_desktop":64,"padding_bottom_desktop":32,"padding_top_mobile":32,"padding_bottom_mobile":32,"style_line_top":"none","style_line_bottom":"none","color_line":""}},"rich_text_cTN9dC":{"type":"rich-text","settings":{"icon":"","position_icon":"top","caption":"","heading":"Premature Aging","heading_type":"h2","content":"<p>Beginning the repair and prevention process early is vital... to create younger-looking skin your whole life.<\/p><p>In our mid to late 20's, the beginning signs of the normal aging process start. Collagen and elastin production begins to slow down, and the skin does not spring back as quickly. Cell turnover also slows down. While you cannot totally eliminate the natural aging process, the earlier you implement good skin choices, the more you minimize the effects.<\/p><h3>Treat Your Skin Wisely<\/h3><p>Your skin is your largest organ and requires care to keep it looking its best. Avoid cleansing and toning products that are made with harsh chemicals. These chemicals, found in most skin care brands, even the medical ones, can strip the skin and can cause the skin to overproduce oil. Also, these harsh agents can make the skin look worse. It is best to use products that are effective but non-irritating and work in harmony with the body.<\/p><h3>Choose a Good Daily Skin Regime<\/h3><p>Starting on a regime of effective daily care is a great way to protect your skin. The <a href=\"\/products\/sr-3-daily-skin-rejuvenation-starter-kit-restore\" title=\"SR-3 Daily Skin Rejuvenation Starter Kit - RESTORE\">SR-3 Skin Rejuvenation Starter Kit<\/a> is a three-step kit to treat and correct skin in an effective, non-irritating way. First step, cleanse twice daily with the non-detergent cleanser. Consistent cleansing removes excess oil and dirt and avoids oil buildup. This prevents breakouts from happening or lessens their duration when they do occur. Second step, apply the antioxidant nutrient serum which helps to repair and rebuild skin's collagen and elastin. The third step, apply the moisturizer to protect the skin from moisture loss. Also, the skin around the eye area is very thin and needs extra anti-aging care. <a href=\"\/products\/nutriage-total-eye-repair-creme\" title=\"NUTRIAGE Total Eye Repair Creme\">NUTRIAGE Total Eye Repair Creme<\/a> helps decrease puffiness, lines, dryness, and dark circles. Sometimes during the late 20's, 30's and beyond, hormone changes can affect your skin. With oil concerns, <a href=\"\/products\/citrus-foam-exfoliating-cleanser\" title=\"CITRUS FOAM Exfoliating Cleanser\">CITRUS FOAM Exfoliating Cleanser<\/a> is a great way to reduce excess oil and dead cells without stripping the skin and causing oil rebound. <a href=\"\/pages\/oily-skin\" title=\"Oily Skin\">For more information about Oily Skin, click here.<\/a><\/p>","alignment_text":"left","size_text":"md","color_icon":"","color_border_icon":"","color_text":"","color_border":"","color_background":"","color_background_gradient":"","padding_top_desktop":32,"padding_bottom_desktop":32,"padding_top_mobile":16,"padding_bottom_mobile":16,"style_line_top":"none","style_line_bottom":"none","color_line":"","display_visibility":"hide-no"}},"linkable_image_with_button_FDMUne":{"type":"linkable-image-with-button","blocks":{"image_qPHqrh":{"type":"image","settings":{"image":"shopify:\/\/shop_images\/citrusfoam5oz_with_carton_cropped_1.jpg","link":"shopify:\/\/products\/citrus-foam-exfoliating-cleanser","text-box-title":"CITRUS FOAM <br>Exfoliating Cleanser"}},"image_jp838h":{"type":"image","settings":{"image":"shopify:\/\/shop_images\/Clarifique_with_carton_cropped_74b972ab-0ea7-4329-b451-47057889c808.jpg","link":"shopify:\/\/products\/clarifique-purifying-clay-mask","text-box-title":"CLARIFIQUE <br>Purifying Clay Mask"}},"image_iR8i6T":{"type":"image","settings":{"image":"shopify:\/\/shop_images\/DermaScrub_with_carton_cropped.jpg","link":"shopify:\/\/products\/mineral-derma-scrub","text-box-title":"MINERAL DERMA-SCRUB<br>Microdermabrasion At-Home"}}},"block_order":["image_qPHqrh","image_jp838h","image_iR8i6T"],"settings":{"text-box":"Title"}},"image_with_text_bock_c6DRFK":{"type":"image-with-text-bock","blocks":{"image_c8N46t":{"type":"image","settings":{"image":"shopify:\/\/shop_images\/Clarifique_with_carton_cropped_74b972ab-0ea7-4329-b451-47057889c808.jpg","link":"shopify:\/\/products\/clarifique-purifying-clay-mask","text-box-title":"CLARIFIQUE<br>Purifying Clay Mask","text-box-content":"<h3>Large Pores<\/h3><p>Individuals with oilier skin tend to have larger pores. Pore size is enlarged by build up of dirt, dead skin cells and oil. Toners are virtually ineffective at helping with pore size and oftentimes cause oil rebound which leads to more oil. Mineral clays help to clear the excess oil, dirt and dead cells from deep within the pores. Two to three times a week use <a href=\"\/products\/clarifique-purifying-clay-mask\" title=\"CLARIFIQUE Purifying Clay Mask\">CLARIFIQUE Purifying Clay Mask<\/a> to filter and lift these impurities. Also, it is helpful to spot treat with the mask on problem areas and sleep in it up to every other night.<\/p>"}},"image_xArtXc":{"type":"image","settings":{"image":"shopify:\/\/shop_images\/citrusfoam5oz_with_carton_cropped_1.jpg","link":"shopify:\/\/products\/citrus-foam-exfoliating-cleanser","text-box-title":"CITRUS FOAM<br>Exfoliating Cleanser<","text-box-content":"<h3>Excessive Oil and Blackheads<\/h3><p>Diminish oil with the astringent, antiseptic properties of <a href=\"\/products\/citrus-foam-exfoliating-cleanser\" title=\"CITRUS FOAM Exfoliating Cleanser\">CITRUS FOAM Exfoliating Cleanser<\/a>. This cleanser removes excess oil without stripping the skin or causing redness. Be sure to cleanse twice daily and after exercise if you have moderate to severe oil concerns. Blackheads can be softened and released from the pore with CLARIFIQUE Deep Pore Cleansing Mask. Allow mask to sit on the area of the blackheads for at least 1-2 hours. The essential oils in the mask will help to break apart the blackhead cap on top of the pore.<\/p>"}}},"block_order":["image_c8N46t","image_xArtXc"],"settings":{"text-box":""}}},"order":["main","rich_text_cTN9dC","linkable_image_with_button_FDMUne","image_with_text_bock_c6DRFK"]}