{"sections":{"main":{"type":"main-page","disabled":true,"settings":{"display_title":false,"color_text":"","color_background":"","color_background_gradient":"","padding_top_desktop":64,"padding_bottom_desktop":32,"padding_top_mobile":32,"padding_bottom_mobile":32,"style_line_top":"none","style_line_bottom":"none","color_line":""}},"na_page_template_6XLgYc":{"type":"naPageTemplate","blocks":{"richtext_A484fW":{"type":"richtext","settings":{"checkbox":false,"title":"Acne-Prone","sub-heading":"","desc":"<p>L'ATHENE offers a complete natural skincare regimen... to help calm skin, clean and reduce oil without stimulating inflammation.<\/p><p>Acne-prone skin is a medical condition characterized by excessive and non-resolving breakouts affecting teens and adults. The goal for acne-prone skin is to keep the skin clean and free of contaminates as much as possible and to treat problem areas promptly.<\/p>","image_pos":"none"}},"image_text_Hxfeyd":{"type":"imageText","settings":{"title":"Keep Skin Clean and Clear... and Avoid Skin Irritants","desc":"<p>For oil-prone skin, <a href=\"\/products\/citrus-foam-exfoliating-cleanser\" title=\"CITRUS FOAM Exfoliating Cleanser\">CITRUS FOAM Exfoliating Cleanser<\/a> is an ideal choice as a non-detergent astringent cleanser that leaves the skin clean and refreshed without stripping the skin. When the acid mantle skin is stripped with standard harsh detergents in cleansers, it can cause potential oil rebound. Also, almost all skincare, including medical skincare brands, contain harsh alcohols, petroleum-derivatives, detergents, and many other potential skin irritating ingredients, that can cause further redness, inflammation or discomfort. This also includes many products that claim they are good for acne-prone skin. Become a label reader. <a href=\"\/pages\/why-choose-lathene\" title=\"Why Choose L'ATHENE\">Read more about the ingredients in L'ATHENE products.<\/a><\/p>","product":"citrus-foam-exfoliating-cleanser"}},"image_text_MdPPUn":{"type":"imageText","settings":{"title":"Treat Breakouts Promptly","desc":"<p>Breakouts need proper attention. Whether you are treating breakouts with a medicated cream from the dermatologist or using <a href=\"\/products\/clarifique-purifying-clay-mask\" title=\"CLARIFIQUE Purifying Clay Mask\">CLARIFIQUE Purifying Clay Mask<\/a>, it is important to treat the breakouts as soon as you feel them coming on. Do not pick, poke, squeeze or push on any breakouts. This can lead to scarring that can be very difficult to treat later. Click here to read more about treating old scars from previous acne, under <a href=\"\/pages\/na-scars\" title=\"Na Scars\">Scars<\/a>.<\/p>","product":"clarifique-purifying-clay-mask"}}},"block_order":["richtext_A484fW","image_text_Hxfeyd","image_text_MdPPUn"],"settings":{"bgClr":"#ffffff","tclr":"#3347aa","descClr":"#000000","text1":"","text2":"","title-l":"L'ATHENE's Skin Education Hub","menuList":"new-menu"}}},"order":["main","na_page_template_6XLgYc"]}