{"sections":{"main":{"type":"main-page","disabled":true,"settings":{"display_title":false,"color_text":"","color_background":"","color_background_gradient":"","padding_top_desktop":64,"padding_bottom_desktop":32,"padding_top_mobile":32,"padding_bottom_mobile":32,"style_line_top":"none","style_line_bottom":"none","color_line":""}},"rich_text_nN8KYz":{"type":"rich-text","settings":{"icon":"","position_icon":"top","caption":"","heading":"Lip Lines - 3 Easy Steps to Looking Better (See Products Below)","heading_type":"h2","content":"<p><em>Have you noticed vertical lines on your top lip?<\/em>  Your lip area can show aging signs. The good news is you can help soften those lines with a few steps, using products that are <em>designed to sink in deep<\/em>. As an injection-less approach, once you do these simple steps regularly, you will notice a visual improvement.<br\/><br\/>Our goal with pure nutrient skincare is radiant, well-cared for, beautiful skin—at any age and from any starting point. First, let’s discuss what can cause lip lines and then, we’ll go over the <em>3 Easy Steps to Better Looking Lips<\/em>!<\/p>","alignment_text":"left","size_text":"md","color_icon":"","color_border_icon":"","color_text":"","color_border":"","color_background":"","color_background_gradient":"","padding_top_desktop":32,"padding_bottom_desktop":32,"padding_top_mobile":16,"padding_bottom_mobile":16,"style_line_top":"none","style_line_bottom":"none","color_line":"","display_visibility":"hide-no"}},"image_text_rRzExm":{"type":"image-text","blocks":{"rich_text_dTCjek":{"type":"rich_text","settings":{"position_icon":"top","alignment_text":"left","size_text":"md","icon":"","caption":"","heading":"","heading_type":"h2","content":"<h3>What causes Lip Lines?<\/h3><ul><li>Aging – as we age, the skin collagen, elastin and hyaluronic acid lessens.<\/li><li>Smoking – pursing of the lips and the oxidative stress from smoking can form deep creases.<\/li><li>Sun Exposure – UV damage to the skin can accelerate aging and dehydrated- look of the skin.<\/li><li>Lack of hydration – in both inside and outside of the body – can cause dry skin, which can make the lip lines look deeper. Plus, not drinking enough water can dry out our cells.<\/li><li>Using products that are harsh on your skin can strip the skin of precious moisture.<\/li><\/ul><p><strong>\"<\/strong><em><strong>Recently I was asked, how do you take care of your lips? These are the steps I take that I thought I would share.<\/strong><\/em><strong>\" Lil Bogdan, RN, Co-Founder<\/strong><\/p>","button_url":"","button_text":"","style_button":"primary","color_border":"","color_icon":"","color_border_icon":"","color_text":"","color_background":"","color_background_gradient":""}},"image_BC8U9f":{"type":"image","settings":{"image":"shopify:\/\/shop_images\/lip_line_care_for_lipline_page_B_cropped.jpg","width_image":480,"style_image":"default","ratio_block":"default","alignment_horizontal":"right","link":"","caption":"","alignment_text":"left","position_caption":"top","size_text":"md","color_text":""}}},"block_order":["rich_text_dTCjek","image_BC8U9f"],"custom_css":["ul {list-style-type: none;}"],"settings":{"custom_class":"","content_alignment":"top","icon":"","caption":"","heading":"","heading_type":"h2","subheading":"","button_url":"","button_text":"","style_button":"primary","color_icon":"","color_text":"","color_subheading":"","color_background":"","color_background_gradient":"","padding_top_desktop":32,"padding_bottom_desktop":32,"padding_top_mobile":16,"padding_bottom_mobile":16,"style_line_top":"none","style_line_bottom":"none","color_line":"","display_visibility":"hide-no"}},"image_text_ChNAPN":{"type":"image-text","blocks":{"image_4k3xmM":{"type":"image","settings":{"image":"shopify:\/\/shop_images\/lip_products_cropped.jpg","width_image":480,"style_image":"default","ratio_block":"default","alignment_horizontal":"left","link":"","caption":"","alignment_text":"left","position_caption":"top","size_text":"md","color_text":""}},"rich_text_R4CVMM":{"type":"rich_text","settings":{"position_icon":"top","alignment_text":"left","size_text":"md","icon":"","caption":"","heading":"","heading_type":"h2","content":"<ul><li><strong>Exfoliate<\/strong>: Apply a small amount of <a href=\"https:\/\/www.lathene.com\/mineralderma-scrub.aspx\">MINERAL DERMA-SCRUB<\/a> to your damp face (after cleansing) and gently scrub in small circles all over your face and across your lip area. Be sure to use gentle pressure and scrub for no more than 2 minutes. If it gets dry, apply a dab more cleanser and keep going. Rinse with lots of lukewarm water.<\/li><li><strong>Treat<\/strong>: First, apply a thin layer of <a href=\"https:\/\/www.lathene.com\/vitapureultraantioxidantnutrientserum.aspx\">VITAPURE Ultra Antioxidant Nutrient Serum<\/a> to help boost the collagen and elastin formation to help soften the lines. Next, apply the <a href=\"https:\/\/www.lathene.com\/intensivewrinkletreatment.aspx\">INTENSIVE WRINKLE TREATMENT<\/a> across the lip line area. The product has AH-3 Peptide and Hyaluronic Acid that will help to plump up the line area. Allow to absorb. You may notice a slight tingling sensation and your skin may briefly turn a slight pink color – this will dissipate in a few minutes as your skin absorbs the product.<\/li><li><strong>Hydrate<\/strong>: Once you have finished your treatments, apply a hydrating treatment. Apply liberally your day moisturizer or night crème. If your skin needs a little more of a hydrating boost or you have deeper lip creases, use <a href=\"https:\/\/www.lathene.com\/extractdryskinhydratingplantoil.aspx\">EXTRACT Hydrating Plant Oil<\/a> under your moisturizer in the lip area. This will enhance the softening the lip lines by providing more fatty acids.<\/li><\/ul>","button_url":"","button_text":"","style_button":"primary","color_border":"","color_icon":"","color_border_icon":"","color_text":"","color_background":"","color_background_gradient":""}}},"block_order":["image_4k3xmM","rich_text_R4CVMM"],"custom_css":["ul {list-style-type: none;}"],"settings":{"custom_class":"","content_alignment":"top","icon":"","caption":"","heading":"Easy Steps to Better Looking Lips","heading_type":"h3","subheading":"","button_url":"","button_text":"","style_button":"primary","color_icon":"","color_text":"","color_subheading":"","color_background":"","color_background_gradient":"","padding_top_desktop":32,"padding_bottom_desktop":32,"padding_top_mobile":16,"padding_bottom_mobile":16,"style_line_top":"none","style_line_bottom":"none","color_line":"","display_visibility":"hide-no"}},"rich_text_hbU4Rj":{"type":"rich-text","settings":{"icon":"","position_icon":"top","caption":"","heading":"","heading_type":"h2","content":"<p>Additional Tips we recommend:<br\/>Use a<strong> non-detergent cleanser<\/strong>. Cleansers can be very irritating to the skin because they contain harsh detergent ingredients and that can make the skin drier and more aging-looking.<br\/>Wear <strong>sun protection.<\/strong><br\/>Choose a chap stick, lip stick or lip balm that works with your lips and try to avoid licking your lips. Also, deep staining lip sticks can be difficult to remove and the action of removing them can be irritating to your lip area.<br\/><strong>Be patient and gentle with your skin<\/strong>. It takes time to make a change in a deep crease and harsh scrubbing or really abrasive agents can cause capillaries to break. By following this simple and effective guide… you can have a less-lined lip area. So why wait? Start today and you’ll step into a world of ultimate care.<\/p><p><strong>CARE FOR YOUR LIP LINES... START WITH ONE or CHOOSE THE SYSTEM.<\/strong><\/p>","alignment_text":"left","size_text":"md","color_icon":"","color_border_icon":"","color_text":"","color_border":"","color_background":"","color_background_gradient":"","padding_top_desktop":32,"padding_bottom_desktop":32,"padding_top_mobile":16,"padding_bottom_mobile":16,"style_line_top":"none","style_line_bottom":"none","color_line":"","display_visibility":"hide-no"}},"linkable_image_with_button_BBrFCi":{"type":"linkable-image-with-button","blocks":{"image_KBBWa9":{"type":"image","settings":{"image":"shopify:\/\/shop_images\/DermaScrub_with_carton_cropped.jpg","link":"shopify:\/\/products\/mineral-derma-scrub","text-box-title":"Mineral Derma-Scrub"}},"image_bja4gd":{"type":"image","settings":{"image":"shopify:\/\/shop_images\/Vitapure_thumb_1.jpg","link":"shopify:\/\/products\/vitapure-ultra-antioxidant-nutrient-serum","text-box-title":"Vitapure Antioxidant Serum"}},"image_7cXGme":{"type":"image","disabled":true,"settings":{"image":"shopify:\/\/shop_images\/wrinkle_side_of_carton_for_website_18ce8c34-d110-4dd1-8c24-3a0cff7791af.jpg","link":"shopify:\/\/products\/on-sale-intensive-wrinkle-treatment","text-box-title":"Intensive Wrinkle Treatment"}}},"block_order":["image_KBBWa9","image_bja4gd","image_7cXGme"],"settings":{"text-box":""}}},"order":["main","rich_text_nN8KYz","image_text_rRzExm","image_text_ChNAPN","rich_text_hbU4Rj","linkable_image_with_button_BBrFCi"]}