{"sections":{"hero_search":{"type":"hero","blocks":{"icon_with_text":{"type":"icon_with_text","settings":{"icon":"help","text":"Looking for something?","color_text":"","color_icon":""}},"heading":{"type":"heading","settings":{"heading":"Find your new favorite","heading_type":"h2","color_text":""}},"separator":{"type":"separator","settings":{"height_desktop":32,"height_mobile":32,"style_line":"none","color_line":""}},"predictive_search":{"type":"predictive_search","settings":{"placeholder":"Enter your search terms","button_text_search":"Search","layout_search":"fill","display_fill_available":false,"display_centered":false,"ux_predictive":true,"display_features_bar":true,"title_default_results":"Trending Searches","results_default":"main-menu","results_secondary":"main-menu","display_banner":false,"alignment_vertical":"bottom","alignment_horizontal":"left","icon":"","caption":"","headline":"Banner headline","subheading":"","button_url":"","button_text":"Button text","style_button":"primary","style_link":"link-button","color_icon":"","color_text":"","color_subheading":"","color_background":"","color_background_gradient":"","color_overlay":"","color_overlay_gradient":"","opacity_overlay":40,"title":"Predictive search"}}},"block_order":["icon_with_text","heading","separator","predictive_search"],"settings":{"alignment_text":"center","style_hero":"background","color_icon":"#ffffff","color_text":"#ffffff","color_background":"","color_background_gradient":"","color_overlay":"#000000","color_overlay_gradient":"","opacity_overlay":40,"padding_top_desktop":64,"padding_bottom_desktop":16,"padding_top_mobile":16,"padding_bottom_mobile":16,"style_line_top":"none","style_line_bottom":"none","color_line":"","display_visibility":"hide-no","alignment_horizontal":"left"}},"main":{"type":"main-page","disabled":true,"settings":{"display_title":false,"color_text":"","color_background":"","color_background_gradient":"","padding_top_desktop":64,"padding_bottom_desktop":64,"padding_top_mobile":32,"padding_bottom_mobile":32,"style_line_top":"none","style_line_bottom":"none","color_line":""}},"featured_collection":{"type":"featured-collection","settings":{"collection":"","count_items":0,"column_count_desktop":3,"column_count_mobile":1,"layout_desktop":"slider","layout_mobile":"grid","display_navigation":true,"display_pagination":false,"icon":"","caption":"","heading":"Most popular ✨","heading_type":"h2","subheading":"<p>Folks seem to like these!<\/p>","button_url":"","button_text":"Shop all","style_button":"plain","ratio_image":"default","style_card":"default","display_text_card":"default","color_icon":"","color_text":"","color_subheading":"","color_background":"","color_background_gradient":"","padding_top_desktop":32,"padding_bottom_desktop":32,"padding_top_mobile":16,"padding_bottom_mobile":16,"style_line_top":"none","style_line_bottom":"none","color_line":"","display_visibility":"hide-no"}},"collection_list":{"type":"collection-list","settings":{"collections":[],"column_count_desktop":4,"column_count_mobile":2,"layout_desktop":"slider","layout_mobile":"slider","display_navigation":true,"display_pagination":false,"icon":"","caption":"Explore more","heading":"Featured collections","heading_type":"h2","subheading":"","button_url":"shopify:\/\/collections","button_text":"View all collections","style_button":"plain","ratio_image":"portrait","style_card":"no_padding","display_text_card":"default","color_icon":"","color_text":"","color_subheading":"","color_background":"","color_background_gradient":"","padding_top_desktop":32,"padding_bottom_desktop":32,"padding_top_mobile":16,"padding_bottom_mobile":16,"style_line_top":"none","style_line_bottom":"none","color_line":""}},"slideshow_featured_content":{"type":"slideshow","blocks":{"banner_featured_content_01":{"type":"banner","settings":{"ratio_block":"landscape","ratio_block_mobile":"default","alignment_vertical":"bottom","alignment_horizontal":"left","icon":"","caption":"Our brand values","heading":"Discover what we stand for","heading_type":"h2","subheading":"","button_url":"","button_text":"About Us","style_button":"primary","style_link":"link-full-button","width_image":400,"fit_object":"cover","color_background":"","color_background_gradient":"","color_icon":"","color_text":"#ffffff","color_subheading":"","color_overlay":"#000000","color_overlay_gradient":"","opacity_overlay":24,"title":""}},"banner_featured_content_02":{"type":"banner","settings":{"ratio_block":"landscape","ratio_block_mobile":"default","alignment_vertical":"bottom","alignment_horizontal":"left","icon":"","caption":"Clarity is important","heading":"Get answers you are looking for","heading_type":"h2","subheading":"","button_url":"","button_text":"Read FAQs","style_button":"primary","style_link":"link-full-button","width_image":400,"fit_object":"cover","color_background":"","color_background_gradient":"","color_icon":"","color_text":"#ffffff","color_subheading":"","color_overlay":"#000000","color_overlay_gradient":"","opacity_overlay":24,"title":""}},"banner_featured_content_03":{"type":"banner","settings":{"ratio_block":"landscape","ratio_block_mobile":"default","alignment_vertical":"bottom","alignment_horizontal":"left","icon":"","caption":"New and great","heading":"More of what you love","heading_type":"h2","subheading":"","button_url":"","button_text":"Check it out","style_button":"primary","style_link":"link-full-button","width_image":400,"fit_object":"cover","color_background":"","color_background_gradient":"","color_icon":"","color_text":"#ffffff","color_subheading":"","color_overlay":"#000000","color_overlay_gradient":"","opacity_overlay":24,"title":""}}},"block_order":["banner_featured_content_01","banner_featured_content_02","banner_featured_content_03"],"settings":{"display_navigation":false,"display_pagination":false,"column_count_desktop":1,"column_count_tablet":0,"column_count_mobile":1,"layout_mobile_stack":false,"stretch_content":false,"icon":"","caption":"","heading":"","heading_type":"h2","subheading":"","button_url":"","button_text":"","style_button":"primary","color_icon":"","color_text":"","color_subheading":"","color_background":"","color_background_gradient":"","padding_top_desktop":32,"padding_bottom_desktop":0,"padding_top_mobile":16,"padding_bottom_mobile":16,"style_line_top":"none","style_line_bottom":"none","color_line":"","display_visibility":"hide-no"}},"featured_blog":{"type":"featured-blog","settings":{"blog":"news","tag":"","count_items":0,"display_sort_by":"title","display_sort_order":"ascending","layout_desktop":"slider","layout_mobile":"slider","column_count_desktop":3,"column_count_mobile":1,"display_navigation":true,"display_pagination":false,"ratio_image":"default","style_card":"default","display_text_card":"default","settings_style_cta_card":"default","card_caption_article":"none","icon":"","caption":"New & featured","heading":"From the blog","heading_type":"h2","subheading":"","button_url":"","button_text":"Read all","style_button":"plain","color_icon":"","color_text":"","color_subheading":"","color_background":"","color_background_gradient":"","padding_top_desktop":32,"padding_bottom_desktop":32,"padding_top_mobile":16,"padding_bottom_mobile":16,"style_line_top":"none","style_line_bottom":"none","color_line":"","display_visibility":"hide-no"}},"rich_text_questions":{"type":"rich-text","blocks":{"button_faqs":{"type":"button","settings":{"text":"Frequently Asked Questions","link":"","style_button":"primary"}},"button_contact":{"type":"button","settings":{"text":"Contact Us","link":"shopify:\/\/pages\/contact","style_button":"secondary"}}},"block_order":["button_faqs","button_contact"],"settings":{"icon":"mood","position_icon":"top","caption":"","heading":"How can we help?","heading_type":"h2","content":"<p>Browse our FAQs or contact us and we'll get your questions answered as quickly as possible.<\/p>","alignment_text":"center","size_text":"md","color_icon":"","color_border_icon":"","color_text":"","color_border":"","color_background":"rgba(0,0,0,0)","color_background_gradient":"","padding_top_desktop":32,"padding_bottom_desktop":64,"padding_top_mobile":32,"padding_bottom_mobile":32,"style_line_top":"none","style_line_bottom":"none","color_line":"","display_visibility":"hide-no"}},"multicolumn_nav_faqs":{"type":"multicolumn","blocks":{"multicolumn-banner-01":{"type":"banner","settings":{"display_fill_available":false,"ratio_block":"square","ratio_block_mobile":"default","alignment_vertical":"bottom","alignment_horizontal":"left","icon":"","caption":"","heading":"Orders & support","heading_type":"h2","subheading":"","button_url":"","button_text":"Link to the section ID","style_button":"primary","style_link":"link-full-button","width_image":400,"fit_object":"cover","color_background":"","color_background_gradient":"","color_icon":"","color_text":"#ffffff","color_subheading":"","color_overlay":"#000000","color_overlay_gradient":"","opacity_overlay":24}},"multicolumn-banner-02":{"type":"banner","settings":{"display_fill_available":false,"ratio_block":"square","ratio_block_mobile":"default","alignment_vertical":"bottom","alignment_horizontal":"left","icon":"","caption":"","heading":"Shipping & returns","heading_type":"h2","subheading":"","button_url":"","button_text":"Link to the section ID","style_button":"primary","style_link":"link-full-button","width_image":400,"fit_object":"cover","color_background":"","color_background_gradient":"","color_icon":"","color_text":"#ffffff","color_subheading":"","color_overlay":"#000000","color_overlay_gradient":"","opacity_overlay":24}},"multicolumn-banner-03":{"type":"banner","settings":{"display_fill_available":false,"ratio_block":"square","ratio_block_mobile":"default","alignment_vertical":"bottom","alignment_horizontal":"left","icon":"","caption":"","heading":"Products","heading_type":"h2","subheading":"","button_url":"","button_text":"Link to the section ID","style_button":"primary","style_link":"link-full-button","width_image":400,"fit_object":"cover","color_background":"","color_background_gradient":"","color_icon":"","color_text":"#ffffff","color_subheading":"","color_overlay":"#000000","color_overlay_gradient":"","opacity_overlay":24}}},"block_order":["multicolumn-banner-01","multicolumn-banner-02","multicolumn-banner-03"],"settings":{"column_count_desktop":3,"column_count_tablet":0,"column_count_mobile":1,"content_alignment":"top","stretch_content":false,"layout_mobile_swipe":true,"icon":"","caption":"","heading":"","heading_type":"h2","subheading":"","button_url":"","button_text":"","style_button":"primary","color_icon":"","color_text":"","color_subheading":"","color_background":"","color_background_gradient":"","padding_top_desktop":32,"padding_bottom_desktop":32,"padding_top_mobile":16,"padding_bottom_mobile":16,"style_line_top":"none","style_line_bottom":"none","color_line":"","display_visibility":"hide-no"}},"accordion_support_orders":{"type":"accordion","blocks":{"accordion_support_orders_row_01":{"type":"row","settings":{"display_open":false,"article":"","page":"","title":"How do I make a purchase?","content":"<p>Note that this text is a demonstration example of a response you would add to answer a relevant question.<\/p><p><strong>Tip:<\/strong> Increase trust by being <em>clear<\/em>, <em>informative<\/em> and <em>transparent<\/em> with your customers.<\/p><p>Have further questions? <a href=\"\/pages\/contact\" title=\"Contact\">Contact us<\/a><\/p>","button_url":"","button_text":"","style_button":"primary","display_imagery":"bottom","url_video":"","video_autoplay":false,"video_loop":false,"video_mute":true}},"accordion_support_orders_row_02":{"type":"row","settings":{"display_open":false,"article":"","page":"","title":"How can I check my order status?","content":"<p>Note that this text is a demonstration example of a response you would add to answer a relevant question.<\/p><p><strong>Tip:<\/strong> Increase trust by being <em>clear<\/em>, <em>informative<\/em> and <em>transparent<\/em> with your customers.<\/p><p>Have further questions? <a href=\"\/pages\/contact\" title=\"Contact\">Contact us<\/a><\/p>","button_url":"","button_text":"","style_button":"primary","display_imagery":"bottom","url_video":"","video_autoplay":false,"video_loop":false,"video_mute":true}},"accordion_support_orders_row_03":{"type":"row","settings":{"display_open":false,"article":"","page":"","title":"How do I cancel my order?","content":"<p>Note that this text is a demonstration example of a response you would add to answer a relevant question.<\/p><p><strong>Tip:<\/strong> Increase trust by being <em>clear<\/em>, <em>informative<\/em> and <em>transparent<\/em> with your customers.<\/p><p>Have further questions? <a href=\"\/pages\/contact\" title=\"Contact\">Contact us<\/a><\/p>","button_url":"","button_text":"","style_button":"primary","display_imagery":"bottom","url_video":"","video_autoplay":false,"video_loop":false,"video_mute":true}},"accordion_support_orders_row_04":{"type":"row","settings":{"display_open":false,"article":"","page":"","title":"How do I know if my order is confirmed?","content":"<p>Note that this text is a demonstration example of a response you would add to answer a relevant question.<\/p><p><strong>Tip:<\/strong> Increase trust by being <em>clear<\/em>, <em>informative<\/em> and <em>transparent<\/em> with your customers.<\/p><p>Have further questions? <a href=\"\/pages\/contact\" title=\"Contact\">Contact us<\/a><\/p>","button_url":"","button_text":"","style_button":"primary","display_imagery":"bottom","url_video":"","video_autoplay":false,"video_loop":false,"video_mute":true}},"accordion_support_orders_row_05":{"type":"row","settings":{"display_open":true,"article":"","page":"","title":"What payment methods do you accept?","content":"<p>Note that this text is a demonstration example of a response you would add to answer a relevant question.<strong>Tip:<\/strong> Increase trust by being <em>clear<\/em>, <em>informative<\/em> and <em>transparent<\/em> with your customers.<\/p><p>Have further questions? <a href=\"\/pages\/contact\" title=\"Contact\">Contact us<\/a><\/p><p><em>You can start any accordion row open by default — check out the \"show open by default\" block settings.<\/em><\/p>","button_url":"","button_text":"","style_button":"primary","display_imagery":"bottom","url_video":"","video_autoplay":false,"video_loop":false,"video_mute":true}}},"block_order":["accordion_support_orders_row_01","accordion_support_orders_row_02","accordion_support_orders_row_03","accordion_support_orders_row_04","accordion_support_orders_row_05"],"settings":{"blog":"","tag":"","count_items":0,"display_sort_by":"title","display_sort_order":"ascending","display_full_width":false,"sticky_header":true,"icon":"","caption":"We have answers!","heading":"Orders & support","heading_type":"h2","subheading":"<p><strong>You can create full Accordion sections automatically by using dynamic content <\/strong>(i.e. you can automatically use the title and content from articles within a blog or blog tag, or from specific articles or pages).<br\/><br\/>Check out the \"blog\" setting at the top of the section settings to learn more; or you can add a Row block and check out the block settings for Blog posts and\/or Pages.<\/p><p>This can be a powerful way to build a library of FAQs or related content, and can be great for SEO.<\/p>","button_url":"https:\/\/companyxyz.io\/blogs\/sections\/accordion","button_text":"Learn more →","style_button":"plain","color_icon":"","color_text":"","color_subheading":"","color_background":"rgba(0,0,0,0)","color_background_gradient":"","padding_top_desktop":32,"padding_bottom_desktop":32,"padding_top_mobile":16,"padding_bottom_mobile":16,"style_line_top":"none","style_line_bottom":"none","color_line":"","display_visibility":"hide-no"}}},"order":["hero_search","main","featured_collection","collection_list","slideshow_featured_content","featured_blog","rich_text_questions","multicolumn_nav_faqs","accordion_support_orders"]}