{"sections":{"main":{"type":"main-page","disabled":true,"settings":{"display_title":false,"color_text":"","color_background":"","color_background_gradient":"","padding_top_desktop":64,"padding_bottom_desktop":32,"padding_top_mobile":32,"padding_bottom_mobile":32,"style_line_top":"none","style_line_bottom":"none","color_line":""}},"na_page_template_FgJ4bz":{"type":"naPageTemplate","blocks":{"richtext_6G6aUw":{"type":"richtext","settings":{"checkbox":false,"title":"Redness-Prone","sub-heading":"","desc":"<p>L'ATHENE offers a nutrient-rich skincare regimen... to help calm and not further irritate redness-prone skin.  Redness of the skin, often known as rosacea, can be on the nose, cheeks, chin or forehead. This uncomfortable, chronic condition should be diagnosed by a doctor.<\/p>","image_pos":"none"}},"products_BtNrHD":{"type":"products","settings":{"title":"Reduce the Look of Redness and Irritation, and Calm the Skin","desc":"<h4>Before and After Photo<\/h4><p>Redness can be accompanied with extremely sensitive skin, blushing, flushing, a burning sensation, stinging, swelling, pustules, and broken veins. L'ATHENE products can be helpful for people with redness prone skin. These nutrient products are formulated with high quality nutrients that are nourishing, mild and non-irritating.<\/p><p>The <a href=\"\/products\/sr-3-daily-skin-rejuvenation-starter-kit-ultra\" title=\"SR-3 Daily Skin Rejuvenation Starter Kit - ULTRA\">SR-3 Skin Rejuvenation Starter Kit<\/a> contains a mild non-detergent cleanser, an antioxidant serum and a quick-absorbing moisturizer to help restore, rejuvenate and rebalance skin. To help with the excess oil and bumps on the skin, use <a href=\"\/products\/clarifique-purifying-clay-mask\" title=\"CLARIFIQUE Purifying Clay Mask\">CLARIFIQUE Purifying Clay Mask<\/a> for 2-3 minutes every other day to absorb oil and help reduce breakouts. As the skin tolerates the mask, you may leave the mask on the skin longer - up to 20 minutes 2-3 times a week. <a href=\"\/products\/nutriage-total-eye-repair-creme\" title=\"NUTRIAGE Total Eye Repair Creme\">NUTRIAGE Total Eye Repair Creme<\/a> may be helpful to apply twice daily to eye area to help reduce puffiness and irritation.<\/p>","after_img":"shopify:\/\/shop_images\/Redness.jpg","pro":"sr-3-daily-skin-rejuvenation-starter-kit-ultra","pro1":"clarifique-purifying-clay-mask","pro2":"nutriage-total-eye-repair-creme"}},"image_text_3NwYkX":{"type":"imageText","settings":{"title":"Use Only Non-Detergent Cleansers","desc":"<p>Redness prone skin can be very sensitive to harsh chemicals. Almost all cleansers and soaps are made with detergents which can be very harsh and irritating to skin.<\/p><p>For gentle yet effective facial cleansing, use <a href=\"\/products\/primesse-essential-facial-cleanser\" title=\"PRIMESSE Essential Facial Cleanser\">PRIMESSE Essential Facial Cleanser<\/a>, which is a mild, non-detergent facial cleanser that will not strip the skin of its essential moisture balance or further irritate the skin. It keeps the skin balanced and healthier.<\/p><p>Make sure to use a natural non-detergent shampoo too on your hair to avoid exposure on your face to potentially irritating ingredients.<\/p>","product":"primesse-essential-facial-cleanser"}},"richtext_HcFdQ9":{"type":"richtext","settings":{"checkbox":false,"title":"Additional Information","sub-heading":"","desc":"<h4>Avoid Skincare with Harsh Cosmetic Chemicals... which can Further Irritate Skin<\/h4><p>Almost all skincare, including medical skincare brands, can contain harsh alcohols, petroleum-derivatives, detergents, and many other skin irritating ingredients, that can potentially cause further redness, inflammation or discomfort. This also includes many products that claim they are good for sensitive skin. Become a label reader. <a href=\"\/pages\/why-choose-lathene\" title=\"Why Choose L'ATHENE\">Read more about the ingredients in L'ATHENE products.<\/a><\/p>","image_pos":"none"}}},"block_order":["richtext_6G6aUw","products_BtNrHD","image_text_3NwYkX","richtext_HcFdQ9"],"settings":{"bgClr":"#ffffff","tclr":"#3347aa","descClr":"#000000","text1":"","text2":"","title-l":"L'ATHENE's Skin Education Hub","menuList":"new-menu"}}},"order":["main","na_page_template_FgJ4bz"]}