{"sections":{"main":{"type":"main-page","disabled":true,"settings":{"display_title":false,"color_text":"","color_background":"","color_background_gradient":"","padding_top_desktop":64,"padding_bottom_desktop":32,"padding_top_mobile":32,"padding_bottom_mobile":32,"style_line_top":"none","style_line_bottom":"none","color_line":""}},"rich_text_nN8KYz":{"type":"rich-text","disabled":true,"settings":{"icon":"","position_icon":"top","caption":"","heading":"Pretty Feet Comfort Foot Care (See Products Below)","heading_type":"h2","content":"<p>Are your feet suffering from dry, rough, or calloused skin? Proper foot care is essential for maintaining our overall health and well-being. It not only helps to prevent discomfort and pain, but it also promotes improved circulation in your feet and throughout your body.<\/p>","alignment_text":"left","size_text":"md","color_icon":"","color_border_icon":"","color_text":"","color_border":"","color_background":"","color_background_gradient":"","padding_top_desktop":32,"padding_bottom_desktop":32,"padding_top_mobile":16,"padding_bottom_mobile":16,"style_line_top":"none","style_line_bottom":"none","color_line":"","display_visibility":"hide-no"}},"image_text_rRzExm":{"type":"image-text","blocks":{"rich_text_dTCjek":{"type":"rich_text","settings":{"position_icon":"top","alignment_text":"left","size_text":"md","icon":"","caption":"","heading":"","heading_type":"h2","content":"<h3>Comfort Foot Care:<\/h3><ul><li>Helps to improve circulation from the gentle massage<\/li><li>Helps identify potential problem areas early so attention can be given<\/li><li>Targets dry callused skin<\/li><li>Helps avoid friction in shoes from dead \/ cracked skin<\/li><li>Helps feet feel and look better<\/li><li>Intensely hydrates<\/li><\/ul><p><strong>\"<\/strong><em><strong>I take care of my feet by exfoliating the skin and moisturizing the skin with NEROLI Lotion and by doing a gentle massage and it is amazing how great they look and feel.<\/strong><\/em><strong>\" Nan Brown, Owner<\/strong><\/p>","button_url":"","button_text":"","style_button":"primary","color_border":"","color_icon":"","color_border_icon":"","color_text":"","color_background":"","color_background_gradient":""}},"image_BC8U9f":{"type":"image","settings":{"image":"shopify:\/\/shop_images\/foot_care_cropped.jpg","width_image":448,"style_image":"default","ratio_block":"default","alignment_horizontal":"center","link":"","caption":"","alignment_text":"left","position_caption":"top","size_text":"md","color_text":""}}},"block_order":["rich_text_dTCjek","image_BC8U9f"],"disabled":true,"settings":{"custom_class":"","content_alignment":"top","icon":"","caption":"","heading":"","heading_type":"h2","subheading":"","button_url":"","button_text":"","style_button":"primary","color_icon":"","color_text":"","color_subheading":"","color_background":"","color_background_gradient":"","padding_top_desktop":32,"padding_bottom_desktop":32,"padding_top_mobile":16,"padding_bottom_mobile":16,"style_line_top":"none","style_line_bottom":"none","color_line":"","display_visibility":"hide-no"}},"image_text_ChNAPN":{"type":"image-text","blocks":{"rich_text_R4CVMM":{"type":"rich_text","settings":{"position_icon":"top","alignment_text":"left","size_text":"md","icon":"","caption":"","heading":"","heading_type":"h2","content":"<h3>Simple To Do (before bedtime once a week)<\/h3><ul><li><strong>Soak<\/strong> your feet in either a tub\/basin or after a bath or shower. This helps to soften the skin prior to exfoliation. You can also add a little Epsom Salts to the water. Then towel dry. Sit in a comfortable chair or side of the bed.<\/li><li><strong>Examine<\/strong> your feet and lower legs to see if you notice anything different.<\/li><li><strong>Exfoliate<\/strong> with a foot file using the coarse side first. In a circular motion and with very gentle pressure, file the dead skin areas on your heels and sides of your toes. Be careful to go slowly and easily so you don’t overdo it.<\/li><li><strong>Smooth<\/strong> the skin with the sandpaper side of the file so there is no dead skin hanging that could catch in your socks or shoes.<\/li><li><strong>Hydrate and Massage<\/strong> your feet with <a href=\"\/products\/neroli-hand-and-body-nutrient-creme\" title=\"NEROLI Hand and Body Nutrient Creme\">NEROLI Body Silkening Nutrient Crème<\/a>, especially the soles of your feet and lower legs.  Apply one or two drops of <a href=\"\/products\/extract-dry-skin-hydrating-plant-oil\" title=\"EXTRACT Dry Skin Hydrating Plant Oil\">EXTRACT Dry Skin Hydrating Plant Oil<\/a> if you have some very dry areas. Great for cuticles too. This will replace the moisture loss to your skin<\/li><\/ul><p><strong>By following this simple and effective guide… you can say goodbye to dry, rough feet and hello to beautifully soft and smooth skin. So why wait? Start pampering your feet today and step into a world of ultimate foot care.<\/strong><\/p>","button_url":"","button_text":"","style_button":"primary","color_border":"","color_icon":"","color_border_icon":"","color_text":"","color_background":"","color_background_gradient":""}},"image_4k3xmM":{"type":"image","settings":{"image":"shopify:\/\/shop_images\/foot_massage_cropped.jpg","width_image":304,"style_image":"default","ratio_block":"default","alignment_horizontal":"center","link":"","caption":"","alignment_text":"left","position_caption":"top","size_text":"md","color_text":""}}},"block_order":["rich_text_R4CVMM","image_4k3xmM"],"disabled":true,"settings":{"custom_class":"","content_alignment":"top","icon":"","caption":"","heading":"","heading_type":"h2","subheading":"","button_url":"","button_text":"","style_button":"primary","color_icon":"","color_text":"","color_subheading":"","color_background":"","color_background_gradient":"","padding_top_desktop":32,"padding_bottom_desktop":32,"padding_top_mobile":16,"padding_bottom_mobile":16,"style_line_top":"none","style_line_bottom":"none","color_line":"","display_visibility":"hide-no"}},"rich_text_hbU4Rj":{"type":"rich-text","disabled":true,"settings":{"icon":"","position_icon":"top","caption":"","heading":"","heading_type":"h2","content":"<p><strong>CARE FOR YOUR FEET, SO THEY TAKE CARE OF YOU... CHOOSE BOTH PRODUCTS or START WITH ONE.<\/strong><\/p>","alignment_text":"left","size_text":"md","color_icon":"","color_border_icon":"","color_text":"","color_border":"","color_background":"","color_background_gradient":"","padding_top_desktop":32,"padding_bottom_desktop":32,"padding_top_mobile":16,"padding_bottom_mobile":16,"style_line_top":"none","style_line_bottom":"none","color_line":"","display_visibility":"hide-no"}},"linkable_image_with_button_BBrFCi":{"type":"linkable-image-with-button","blocks":{"image_KBBWa9":{"type":"image","settings":{"image":"shopify:\/\/shop_images\/Neroli_side_of_cartonA.jpg","link":"shopify:\/\/products\/neroli-hand-and-body-nutrient-creme","text-box-title":"Neroli Hand and Body Nutrient Creme"}},"image_bja4gd":{"type":"image","settings":{"image":"shopify:\/\/shop_images\/extract_with_carton_cropped_f1e6ad8b-d534-49ce-be5d-1045ec4eec2b.jpg","link":"shopify:\/\/products\/extract-dry-skin-hydrating-plant-oil","text-box-title":"Extract Hydrating Oil"}}},"block_order":["image_KBBWa9","image_bja4gd"],"disabled":true,"settings":{"text-box":""}},"na_page_template_CnGea4":{"type":"naPageTemplate","blocks":{"richtext_7gLMRA":{"type":"richtext","settings":{"checkbox":false,"title":"Pretty Feet Comfort Foot Care (See Products Below)","sub-heading":"","desc":"<p>Are your feet suffering from dry, rough, or calloused skin? Proper foot care is essential for maintaining our overall health and well-being. It not only helps to prevent discomfort and pain, but it also promotes improved circulation in your feet and throughout your body.<\/p>","image_pos":"none"}},"richtext_gnhzfp":{"type":"richtext","settings":{"checkbox":false,"title":"","sub-heading":"<h3>Comfort Foot Care:<\/h3>","desc":"<ul><li>Helps to improve circulation from the gentle massage<\/li><li>Helps identify potential problem areas early so attention can be given<\/li><li>Targets dry callused skin<\/li><li>Helps avoid friction in shoes from dead \/ cracked skin<\/li><li>Helps feet feel and look better<\/li><li>Intensely hydrates<\/li><\/ul><p><strong>\"<\/strong><em><strong>I take care of my feet by exfoliating the skin and moisturizing the skin with NEROLI Lotion and by doing a gentle massage and it is amazing how great they look and feel.<\/strong><\/em><strong>\" Lil Bogdan, RN, Co-Founder<\/strong><\/p>","image_pos":"right","custom_img":"shopify:\/\/shop_images\/foot_care_cropped.jpg"}},"richtext_bMDWka":{"type":"richtext","settings":{"checkbox":true,"title":"","sub-heading":"<h3>Simple To Do (before bedtime once a week)<\/h3>","desc":"<ul><li><strong>Soak<\/strong> your feet in either a tub\/basin or after a bath or shower. This helps to soften the skin prior to exfoliation. You can also add a little Epsom Salts to the water. Then towel dry. Sit in a comfortable chair or side of the bed.<\/li><li><strong>Examine<\/strong> your feet and lower legs to see if you notice anything different.<\/li><li><strong>Exfoliate<\/strong> with a foot file using the coarse side first. In a circular motion and with very gentle pressure, file the dead skin areas on your heels and sides of your toes. Be careful to go slowly and easily so you don’t overdo it.<\/li><li><strong>Smooth<\/strong> the skin with the sandpaper side of the file so there is no dead skin hanging that could catch in your socks or shoes.<\/li><li><strong>Hydrate and Massage<\/strong> your feet with <a href=\"https:\/\/lathene.com\/products\/neroli-hand-and-body-nutrient-creme\" title=\"NEROLI Hand and Body Nutrient Creme\">NEROLI Body Silkening Nutrient Crème<\/a>, especially the soles of your feet and lower legs.  Apply one or two drops of <a href=\"https:\/\/lathene.com\/products\/extract-dry-skin-hydrating-plant-oil\" title=\"EXTRACT Dry Skin Hydrating Plant Oil\">EXTRACT Dry Skin Hydrating Plant Oil<\/a> if you have some very dry areas. Great for cuticles too. This will replace the moisture loss to your skin<\/li><\/ul><p><strong>By following this simple and effective guide… you can say goodbye to dry, rough feet and hello to beautifully soft and smooth skin. So why wait? Start pampering your feet today and step into a world of ultimate foot care.<\/strong><\/p>","image_pos":"right","custom_img":"shopify:\/\/shop_images\/foot_massage_cropped.jpg"}},"products_UJyxti":{"type":"products","settings":{"title":"CARE FOR YOUR FEET, SO THEY TAKE CARE OF YOU... CHOOSE BOTH PRODUCTS or START WITH ONE.","desc":"","pro":"neroli-hand-and-body-nutrient-creme","pro1":"extract-dry-skin-hydrating-plant-oil","pro2":""}}},"block_order":["richtext_7gLMRA","richtext_gnhzfp","richtext_bMDWka","products_UJyxti"],"custom_css":[],"settings":{"bgClr":"#ffffff","tclr":"#3347aa","descClr":"#000000","text1":"","text2":"","title-l":"L'ATHENE's Skin Education Hub","menuList":"new-menu"}}},"order":["main","rich_text_nN8KYz","image_text_rRzExm","image_text_ChNAPN","rich_text_hbU4Rj","linkable_image_with_button_BBrFCi","na_page_template_CnGea4"]}