{"sections":{"main":{"type":"main-page","disabled":true,"settings":{"display_title":true,"color_text":"","color_background":"","color_background_gradient":"","padding_top_desktop":64,"padding_bottom_desktop":32,"padding_top_mobile":32,"padding_bottom_mobile":32,"style_line_top":"none","style_line_bottom":"none","color_line":""}},"multicolumn_8P99cQ":{"type":"multicolumn","blocks":{"image_ngVhPd":{"type":"image","settings":{"display_fill_available":false,"image":"shopify:\/\/shop_images\/Finals_4.jpg","ratio_block":"default","width_image":400,"style_image":"default","alignment_horizontal":"right","link":"","caption":"","alignment_text":"left","position_caption":"top","size_text":"md","color_text":""}},"rich_text_A7NMVi":{"type":"rich_text","settings":{"display_fill_available":false,"position_icon":"top","alignment_text":"left","size_text":"md","icon":"","caption":"","heading":"","heading_type":"h2","content":"<p>L’ATHENE was founded by Lil Bogdan, RN and Nan Brown, RN nurses and friends who worked together in burn units and oncology wings. When Nan began struggling with a host of skin issues, the colleagues worked with scientists to develop formulations that used natural ingredients to preserve the skin’s barrier while treating the root cause of the problems.<\/p><p>The result? Natural, clinical results that have lasted 25 years, making generations of women fall back in love with their skin. No scalpels or needles required.<\/p><p><\/p><p><\/p>","button_url":"shopify:\/\/collections\/popular-products","button_text":"Shop Best Sellers","style_button":"primary","color_border":"","color_icon":"","color_border_icon":"","color_text":"","color_background":"","color_background_gradient":""}}},"block_order":["image_ngVhPd","rich_text_A7NMVi"],"custom_css":["@media screen and (min-width: 800px) {.rich-text__content {max-width: 80%; }}"],"settings":{"column_count_desktop":2,"column_count_tablet":2,"column_count_mobile":1,"content_alignment":"center","stretch_content":true,"layout_mobile_swipe":false,"icon":"","caption":"","heading":"The L'ATHENE Story","heading_type":"h2","subheading":"","button_url":"","button_text":"","style_button":"primary","color_icon":"","color_text":"","color_subheading":"","color_background":"","color_background_gradient":"","padding_top_desktop":32,"padding_bottom_desktop":32,"padding_top_mobile":16,"padding_bottom_mobile":16,"style_line_top":"none","style_line_bottom":"none","color_line":"","display_visibility":"hide-no"}},"custom_tab_section_GHQQhb":{"type":"custom-tab-section","blocks":{"tab_pVwdwF":{"type":"tab","settings":{"tab-title":"The L'ATHENE Difference","page-content":"<div class=\"section-header\">\n    <h1>The L'ATHENE Difference<\/h1>\n<\/div>\n<div class=\"sect-caption\">\n    <p>For L’ATHENE, natural skincare has a whole new meaning because at L’ATHENE, natural is not just nature-made, but alive, powerful, active and vital - resulting in healthy, beautiful skin for you... QUICKLY!<\/p>\n    <p>L'ATHENE products are found in spas, in medical offices, hospitals, medi-spas, as well as online.  L'ATHENE also offers luxurious, highly therapeutic facials with skin transforming benefits of luminous, healthy-looking skin quickly.  These facials can be found at select L'ATHENE locations.<\/p>\n<\/div>\n \n<div class=\"cat-special sect-caption\">\n    <div class=\"cat-left\">\n        <p>What Stands Out about L'ATHENE Products<\/p>\n        <ul class=\"lathene-difference\">\n            <li>Natural - Nourishing Pure Nutrients<\/li>\n            <li>Holistic - Wellness-based<\/li>\n            <li>Medical-grade - for Age Repair and Prevention<\/li>\n            <li>Luxurious to Experience<\/li>\n            <li>Creates Quick Noticeable Results<\/li>\n            <li>2X Concentrated - <em>Lasts Twice as Long<\/em><\/li>\n            <li>For all Skin Types... including sensitive<\/li>\n            <li>Simple to Use<\/li>\n        <\/ul>\n    <\/div>\n    <div class=\"cat-right\"><img alt=\"Nan & Lil\" src=\"https:\/\/cdn.shopify.com\/s\/files\/1\/0585\/9727\/7801\/files\/VITAPURE_Ultra_Antioxidant_Nutrient_Serum.jpg?v=1729185072\" border=\"0\" class=\"loaded\"><\/div>\n\n<\/div>\n\n\n<h3>What We Are<\/h3>\n<p>Our formulas are composed of antioxidants, micronutrients, vitamins, fatty acids and proteins designed by nature to support, repair, detox and renew skin.<\/p>\n<div class=\"cat-special sect-caption\">\n<div class=\"cat-right\"><img alt=\"Nan & Lil\" src=\"https:\/\/cdn.shopify.com\/s\/files\/1\/0585\/9727\/7801\/files\/Finals_1-1.jpg?v=1729175144\" border=\"0\" class=\"loaded\"><i>Lil Bogdan, RN with daughter Claire<\/i><\/div>\n    <div class=\"cat-left\">\n        <p>\nWe respect these powerful actives and bring them to you through processes and formulas that ensure the highest degree of ingredient integrity, maximum bioavailability and the highest potencies possible.<\/p>\n       <p>Your skin is alive. As such it requires elements that are also alive and bioavailable in order to truly experience real support, powerful nourishment and authentic rejuvenation. Lively actives are what will bring your skin back to life.!<\/p>\n    <p>How do we do this? First, we select nutrients scientifically proven to work best for skin health. Second, our nutrients are bioavailable and easily utilized by the body, making that an efficient delivery system.  Third, we protect these actives by avoiding many standard cosmetic chemicals - that can potentially neutralize, impede, dilute or destroy the fragile vital plant agents - therefore maintaining the plant's natural intelligence and strength.  Some of the chemicals we avoid that are not in our formulations are: parabens, phthalates, sulfates, dyes, silicones, propylene glycol, PEG, DEA, TEA, MEA, mineral oil, DMDM hydantoin and animal ingredients.  For product safety, we use the minimal required amount of our preservative for a 2-year shelf life.<\/p>\n    <\/div>\n    \n\n<\/div>\n\n<h3>How It Works<\/h3>\n<p>Your skin is your body’s largest organ. Like all biological organs, it cycles through many critical metabolic processes from digesting nutrients, to replacing dead skin cells with new ones, to detoxifying and repairing its protective barrier.<\/p>\n<div class=\"cat-special sect-caption\">\n<div class=\"cat-right\"><img alt=\"Nan & Lil\" src=\"https:\/\/cdn.shopify.com\/s\/files\/1\/0585\/9727\/7801\/files\/VITAPURE_Ultra_Antioxidant_Nutrient_Serum_993ab18c-f3d8-4202-be1d-8855bf26043a.jpg?v=1729194860\" border=\"0\" class=\"loaded\"><\/div>\n    <div class=\"cat-left\">\n        <p>\nNot only can standard cosmetic chemicals like propylene glycol or sodium laryl sulfate irritate the skin, they can potentially occlude the skin’s ability to function optimally which introduces new stressors to an already challenged system.<\/p>\n       <p>Just as your body struggles to breakdown and make use of heavily processed, chemically-laden foods, your skin has to work harder when you apply products loaded with standard cosmetic chemicals. They can potentially cause clogged pores, redness, dryness, oil imbalances, dullness and buildup.<\/p>\n    <p>Now your skin has to recover from these additional symptoms as well as address sun damage and environmental challenges.<\/p>\n <p>Many cosmetic chemicals are used to imitate natural elements. They are inexpensive, readily available and easier to produce.<\/p>\n<p>Wouldn’t it make sense to spare your skin the grind of many unnatural ingredients and instead provide your skin with elements that truly assist?<\/p>\n    <\/div>\n    \n\n<\/div>\n<p>Vital plant substances work naturally to resurface the skin, dissolve cellular debris, and impart intense nourishment to help the skin repair itself. They intelligently balance, correct and protect skin moisture levels for maximum hydration without clogging or greasiness. They repair and renew skin through continual gentle exfoliation and a high nutrient load. Powerful antioxidants help protect against cell damage and naturally resurface skin texture for maximum smoothness and luminosity.<\/p>\n<p>MORE NUTRIENTS = MORE POWER = REAL RESULTS<\/p>\n<p>We at L’ATHENE work with the body not against it for maximum results of beautiful luminous skin.<\/p>\n<h3 class=\"what-we\">The L'ATHENE Experience<\/h3>\n<p>L’ATHENE is as luxurious and pleasing to the user, as it is nourishing and healing to the skin. Lush. Exquisite to the touch. Elegantly aromatic. A symphony of nature for your skin and spirit.<\/p>\n<div class=\"cat-special sect-caption\">\n<div class=\"cat-right\"><img alt=\"Nan & Lil\" src=\"https:\/\/cdn.shopify.com\/s\/files\/1\/0585\/9727\/7801\/files\/Finals_18.jpg?v=1729175143\" border=\"0\" class=\"loaded\"><\/div>\n    <div class=\"cat-left\">\n        <p>\nL’ATHENE brings forth your beauty from within. You light up from the power of these natural elements, each with its own special purpose. L’ATHENE stirs special feelings of beauty in a harmonious tapestry of luxury and wellness. You feel confident, lovely and radiantly alive. Enriched by powerful treasures from Earth.<\/p>\n       <p>You know you have been L’ATHENED when you look good and feel good about YOU! You have made a wonderful choice for yourself. Look out world… here you come!<\/p>\n    <p>Now your skin has to recover from these additional symptoms as well as address sun damage and environmental challenges.<\/p>\n <p>Many cosmetic chemicals are used to imitate natural elements. They are inexpensive, readily available and easier to produce.<\/p>\n<p><i>That’s the beauty of L’ATHENE and you DESERVE it!<\/i><\/p>\n<div class=\"\"><a class=\"button--secondary\" href=\"https:\/\/lathene.com\/collections\/all\">shop our products<\/a><\/div>\n    <\/div>\n    \n\n<\/div>"}},"tab_hfwj8U":{"type":"tab","settings":{"tab-title":"The L'ATHENE Process","page-content":"<div class=\"section-header\">\n    <h1>\nThe L'ATHENE Process<\/h1>\n<\/div>\n<div class=\"sect-caption\">\n    <p>L’ATHENE pure nutrient skincare creates quick, noticeable results for a healthy, younger-looking you.<\/p>\n<h3 class=\"cat-subtiltle\">Nutrient Formulas... Powerful Results<\/h3>\n    <p>Our scientifically proven ingredients cultivated from nature, actively repair, nourish, support and replenish the skin. Our processing helps maintain the strength of the proven naturals... without disruptive processing and by avoiding many standard skincare chemicals.  By using only the highest quality ingredients, this gives the very best to your skin for powerful, noticeable results for all skin types and genders.<\/p>\n<\/div>\n \n<div class=\"cat-special sect-caption\">\n <div class=\"cat-right\"><img alt=\"Nan & Lil\" src=\"https:\/\/cdn.shopify.com\/s\/files\/1\/0585\/9727\/7801\/files\/orchid300_1.jpg?v=1714759743\" border=\"0\" class=\"loaded\"><\/div>\n    <div class=\"cat-left\">\n<h3 class=\"cat-subtiltle\">What Makes L'ATHENE So Special?<\/h3>\n        <p>\n<span style=\"color: #346495; font-weight:bold;\">The Value of Nutrients.<\/span>The Value of Nutrients<\/strong>. Skin is alive and so are nutrients. L'ATHENE is bioactive and absorbed effortlessly and more readily by the body. When skin experiences this high level of nutrients, an amazing transition takes place. Skin absolutely glows with optimum health, vitality and … a special kind of radiant beauty.<\/p>\n    <\/div>\n   \n\n<\/div>\n<p><span style=\"color: #346495; font-weight:bold;\">Handcrafted in Small Batches by Scientists.<\/span>. L'ATHENE's elegant, smooth texture formulas are power-packed with vitamins, minerals, antioxidants, fatty acids, proteins, fruit acids and phytonutrients. These scientifically proven ingredients target wrinkles, collagen loss, sun damage, redness, dryness, excess oil and breakouts. They actively work to repair, correct, exfoliate, detoxify and hydrate your skin.<\/p>\n<p><span style=\"color: #346495; font-weight:bold;\">The Value of Nutrients.<\/span>. L’ATHENE treatments are handcrafted into small, nutrient-rich batches in an FDA-approved lab. We have the best quality control... anywhere.<\/p>\n<p><span style=\"color: #346495; font-weight:bold;font-style:italic;\">L'ATHENE. Beautiful healthy skin from potent elements of nature.<\/span><\/p>"}},"tab_nUpPUb":{"type":"tab","disabled":true,"settings":{"tab-title":"The L'ATHENE Value","page-content":"<div class=\"section-header\">\n    <h1>The L'ATHENE Value<\/h1>\n<\/div>\n<div class=\"sect-caption\">\n    <p>No one delivers more value per skin care treatment than L'ATHENE.<\/p>\n<h3>A Smart Choice For You<\/h3>\n    <p>L'ATHENE products are the BEST investment for your skin:<\/p>\n<\/div>\n \n<div class=\"cat-special sect-caption\">\n    <div class=\"cat-left\">\n        <p>What Stands Out about L'ATHENE Products<\/p>\n        <ul class=\"lathene-difference\">\n            <li>2X concentrated so they last 2X longer<\/li>\n            <li>More applications per ounce than other skincare<\/li>\n            <li>A little goes a LONG way<\/li>\n            <li>Dollar-for-dollar you get more for your money<\/li>\n            \n        <\/ul>\n<p><i>And a good VALUE makes a HAPPY you!<\/i><\/p>\n<div>\n<a class=\"button--secondary\" href=\"https:\/\/lathene.com\/collections\/all\">Shop Our Product<\/a>\n<\/div>\n    <\/div>\n    <div class=\"cat-right&quot;\"><img alt=\"Nan &amp; Lil\" src=\"https:\/\/cdn.shopify.com\/s\/files\/1\/0585\/9727\/7801\/files\/thelathenevalue_1.jpg?v=1714760728\" border=\"0\" class=\"loaded\"><\/div>\n            <\/div>"}},"tab_cTFbt6":{"type":"tab","settings":{"tab-title":"Our Commitment","page-content":"<div class=\"section-header\">\n    <h1> Our Commitment<\/h1>\n<\/div>\n<div class=\"sect-caption\">\n<p>Our mission is to improve the health and wellbeing of consumers and to provide them with solutions they can understand and trust.  As nurses, we care. We are dedicated to truly helping others with their skin challenges.<\/p>\n<\/div>\n<div class=\"cat-special sect-caption\">\n <div class=cat-right\"><img alt=\"Nan &amp; Lil\" src=\"https:\/\/cdn.shopify.com\/s\/files\/1\/0585\/9727\/7801\/files\/lowres_cropped.jpg?v=1714748748\" border=\"0\"><\/div>\n        <div class=\" cat-left\">\n    \n    <p>We are proud of L’ATHENE powerful nutrient treatments and their effectiveness for skin health. These products are truly good for the skin. Scientifically based in nature, the rich, wholesome nutrients are restorative and supportive to the body.<\/p>\n <p>Naturals work in harmony with your body.  What you put on your body should be as natural and healthy as what you put into it.  We know, when the skin is fed the right nutrients, the skin can become radiant, smooth and healthy.<\/p>\n  <\/div>\n   \n    <\/div>\n\n<p>Our products are easy to use, made in the USA, vegan and not tested on animals. Our packaging is environmentally friendly with recyclability as the goal. We want the best for our customers in every way and this is reflected in everything we do.<\/p>\n<p>We deliver products without compromising the integrity of the natural ingredients or the enjoyment of the experience.<\/p>\n<p>\n<i>These nutrient concentrates are as luxurious and pleasing to the user, as they are nourishing and effective for skin.<\/i><\/p>\n    <\/div>"}},"tab_4KnCLe":{"type":"tab","settings":{"tab-title":"All About Ingredients","page-content":"<div class=\"section-header\">\n    <h1>All About Ingredients<\/h1>\n<\/div>\n<div class=\"sect-caption\">\n    <p>Our products are developed by Registered Nurses and are formulated with the best, most effective nutrient ingredients for healthier, more youthful skin..<\/p>\n  \n<\/div>\n \n<div class=\"cat-special sect-caption\">\n    <div class=\"cat-left\">\n<h3>What We Do and Don't Use<\/h3>\n        <p>You won't find the usual list of ingredients in our skincare. What you put on your body should be as natural and healthy as what you put in it. We have ingredients with a purpose that are truly effective. When the skin is fed the right potent nutrients, the skin becomes radiant, smooth and healthy. Each product works synergistically with the other. L’ATHENE products reflect our strong commitment to beautiful skin and wellness.<\/p>\n       \n<\/div>\n <div class=\"cat-right&quot;\"><img alt=\"Nan &amp; Lil\" src=\"https:\/\/cdn.shopify.com\/s\/files\/1\/0585\/9727\/7801\/files\/allaboutingredients_250_1.jpg?v=1714761529\" border=\"0\" class=\"loaded\"><\/div>\n    <\/div>\n   <div class=\"cat-special sect-caption\">\n    <div class=\"cat-left\">\n<h3>What We Do and Do Use<\/h3>\n      <p>Vitamins<br><br>Minerals<br><br>Fatty acids<br><br>Antioxidants<br><br>Proteins<br><br>Natural fruit acids<br><br>Peptides<br><br>Essential oils<br><br>Phytonutrients<\/p>\n       \n<\/div>\n <div class=\"cat-right&quot;\">\n<h3>What We Do and Don't Use<\/h3><p>Sodium lauryl sulfate (SLS)<br><br>Parabens<br><br>Phthalates<br><br>Propylene Glycol<br><br>Dyes and artificial colors<br><br>Silicones (dimethicone, cyclomethicone)<br><br>Animal ingredients<br><br>Mineral Oil and Petroleum<br><br>PEG (polyethylene glycol)<br><br>DMDM Hydantoin<br><br>DEA, MEA, TEA<\/p><\/div>\n    <\/div>\n  <\/div>\n     <\/div>"}}},"block_order":["tab_pVwdwF","tab_hfwj8U","tab_nUpPUb","tab_cTFbt6","tab_4KnCLe"],"settings":{"device-title":"Why Choose L'ATHENE"}}},"order":["main","multicolumn_8P99cQ","custom_tab_section_GHQQhb"]}