{"sections":{"main":{"type":"main-page","disabled":true,"settings":{"display_title":false,"color_text":"","color_background":"","color_background_gradient":"","padding_top_desktop":64,"padding_bottom_desktop":32,"padding_top_mobile":32,"padding_bottom_mobile":32,"style_line_top":"none","style_line_bottom":"none","color_line":""}},"rich_text_3FFq9G":{"type":"rich-text","settings":{"icon":"","position_icon":"top","caption":"","heading":"Enlarged Pores","heading_type":"h2","content":"<p>L'ATHENE treatments help to... diminish the look of enlarged pores and improve skin texture.<\/p><p>Pore size can be affected by a build-up of dirt, dead skin cells and oil. Combination and oily skin types are especially affected. Petroleum-based skin products can worsen this concern.<\/p>","alignment_text":"left","size_text":"md","color_icon":"","color_border_icon":"","color_text":"","color_border":"","color_background":"","color_background_gradient":"","padding_top_desktop":32,"padding_bottom_desktop":32,"padding_top_mobile":16,"padding_bottom_mobile":16,"style_line_top":"none","style_line_bottom":"none","color_line":"","display_visibility":"hide-no"}},"image_with_text_bock_JKgaCp":{"type":"image-with-text-bock","blocks":{"image_bhYWFc":{"type":"image","settings":{"image":"shopify:\/\/shop_images\/Clarifique_with_carton_cropped_74b972ab-0ea7-4329-b451-47057889c808.jpg","link":"shopify:\/\/products\/clarifique-purifying-clay-mask","text-box-title":"CLARIFIQUE<br>Purifying Clay Mask","text-box-content":"<p>Dirt, oil and dead cells can cause the pores to appear more open and noticeable. Also, blackheads and whiteheads can make the pores appear more noticeable. <a href=\"\/products\/clarifique-purifying-clay-mask\" title=\"CLARIFIQUE Purifying Clay Mask\">CLARIFIQUE Purifying Clay Mask<\/a> filters and lifts impurities and oil that are trapped deep within the pores. This mask is also great for softening and preventing blackheads and whiteheads.<\/p>"}}},"block_order":["image_bhYWFc"],"settings":{"text-box":"Lessen the Pore Size Look"}},"linkable_image_with_button_j8UtTK":{"type":"linkable-image-with-button","blocks":{"image_ikMWQf":{"type":"image","settings":{"image":"shopify:\/\/shop_images\/DermaScrub_with_carton_cropped.jpg","link":"shopify:\/\/products\/mineral-derma-scrub","text-box-title":"MINERAL DERMA-SCRUB<br>Microdermabrasion At-Home"}},"image_NTFnHX":{"type":"image","settings":{"image":"shopify:\/\/shop_images\/citrusfoam5oz_with_carton_cropped_1.jpg","link":"shopify:\/\/products\/citrus-foam-exfoliating-cleanser","text-box-title":"CITRUS FOAM<br>Exfoliating Cleanser"}}},"block_order":["image_ikMWQf","image_NTFnHX"],"settings":{"text-box":""}}},"order":["main","rich_text_3FFq9G","image_with_text_bock_JKgaCp","linkable_image_with_button_j8UtTK"]}