{"sections":{"image_logo":{"type":"image","settings":{"width_image":128,"ratio_block":"default","style_image":"default","alignment_horizontal":"center","link":"","padding_top_desktop":80,"padding_bottom_desktop":0,"padding_top_mobile":40,"padding_bottom_mobile":0,"style_line_top":"none","style_line_bottom":"none","color_line":"","display_visibility":"hide-no","caption":"","alignment_text":"left","position_caption":"top","size_text":"md","color_text":""}},"main":{"type":"main-password","settings":{"heading":"We’re building a new site!","padding_top_desktop":32,"padding_bottom_desktop":32,"padding_top_mobile":16,"padding_bottom_mobile":16,"style_line_top":"none","style_line_bottom":"none","color_line":""}},"featured_collection_z9Hhkb":{"type":"featured-collection","settings":{"collection":"","count_items":0,"column_count_desktop":3,"column_count_mobile":1,"layout_desktop":"grid","layout_mobile":"grid","display_navigation":true,"display_pagination":false,"icon":"","caption":"","heading":"Featured collection","heading_type":"h2","subheading":"","button_url":"","button_text":"","style_button":"primary","ratio_image":"default","style_card":"default","display_text_card":"default","color_icon":"","color_text":"","color_subheading":"","color_background":"","color_background_gradient":"","padding_top_desktop":32,"padding_bottom_desktop":32,"padding_top_mobile":16,"padding_bottom_mobile":16,"style_line_top":"none","style_line_bottom":"none","color_line":"","display_visibility":"hide-no"}},"slideshow_hFhExq":{"type":"slideshow","blocks":{"banner_XDzYhf":{"type":"banner","settings":{"ratio_block":"default","ratio_block_mobile":"default","alignment_vertical":"bottom","alignment_horizontal":"left","icon":"","caption":"","heading":"Banner heading","heading_type":"h2","subheading":"","button_url":"","button_text":"Button text","style_button":"primary","style_link":"link-button","width_image":400,"fit_object":"cover","color_background":"","color_background_gradient":"","color_icon":"","color_text":"","color_subheading":"","color_overlay":"","color_overlay_gradient":"","opacity_overlay":48,"title":""}},"blog_post_a4ExGx":{"type":"blog_post","settings":{"article":"","ratio_image":"default","style_card":"default","settings_style_cta_card":"default","display_text_card":"default","card_caption_article":"default"}},"image_9CgFnR":{"type":"image","settings":{"width_image":400,"style_image":"default","ratio_block":"default","alignment_horizontal":"left","link":"","caption":"","alignment_text":"left","position_caption":"top","size_text":"md","color_text":""}},"product_BbTpTY":{"type":"product","settings":{"product":"","ratio_image":"default","style_card":"default","display_text_card":"default"}},"rich_text_36GtTG":{"type":"rich_text","settings":{"position_icon":"top","alignment_text":"left","size_text":"md","icon":"mood","caption":"","heading":"Rich text","heading_type":"h2","content":"<p>Add relevant text content with the richtext editor. Note that you can also include <a href=”#”>links<\/a> and basic formatting in this content, e.g. <b>bold<\/b> and <em>italic<\/em>.<\/p>","button_url":"","button_text":"","style_button":"primary","color_border":"","color_icon":"","color_border_icon":"","color_text":"","color_background":"","color_background_gradient":""}},"testimonial_k3NPDw":{"type":"testimonial","settings":{"rating":5,"content":"<p>Provide a featured customer quote explaining more about the quality of your product or service.<\/p><p><em>Try to keep this quote short and sweet!<\/em><\/p>","source":"— Testimonial source","product":"","style_image":"default"}},"video_9M9HMD":{"type":"video","settings":{"ratio_block":"default","video_autoplay":false,"video_loop":false,"video_mute":true,"display_controls":true,"url_video":"https:\/\/www.youtube.com\/watch?v=_9VUPq3SxOc","alignment_text":"left","caption":"","position_caption":"top","size_text":"md","color_text":""}}},"block_order":["banner_XDzYhf","blog_post_a4ExGx","image_9CgFnR","product_BbTpTY","rich_text_36GtTG","testimonial_k3NPDw","video_9M9HMD"],"settings":{"display_navigation":true,"display_pagination":false,"column_count_desktop":3,"column_count_tablet":0,"column_count_mobile":1,"layout_mobile_stack":false,"stretch_content":true,"icon":"","caption":"","heading":"Slideshow","heading_type":"h2","subheading":"","button_url":"","button_text":"","style_button":"primary","color_icon":"","color_text":"","color_subheading":"","color_background":"","color_background_gradient":"","padding_top_desktop":32,"padding_bottom_desktop":32,"padding_top_mobile":16,"padding_bottom_mobile":16,"style_line_top":"none","style_line_bottom":"none","color_line":"","display_visibility":"hide-no"}},"multicolumn_Uy3kXH":{"type":"multicolumn","blocks":{"banner_RfWGRC":{"type":"banner","settings":{"display_fill_available":false,"ratio_block":"default","ratio_block_mobile":"default","alignment_vertical":"bottom","alignment_horizontal":"left","icon":"","caption":"","heading":"Banner heading","heading_type":"h2","subheading":"","button_url":"","button_text":"Button text","style_button":"primary","style_link":"link-button","width_image":400,"fit_object":"cover","color_background":"","color_background_gradient":"","color_icon":"","color_text":"","color_subheading":"","color_overlay":"","color_overlay_gradient":"","opacity_overlay":48}},"image_N8Tiwr":{"type":"image","settings":{"display_fill_available":false,"ratio_block":"default","width_image":400,"style_image":"default","alignment_horizontal":"left","link":"","caption":"","alignment_text":"left","position_caption":"top","size_text":"md","color_text":""}},"video_A6WBBr":{"type":"video","settings":{"display_fill_available":false,"ratio_block":"default","video_autoplay":false,"video_loop":false,"video_mute":true,"display_controls":true,"url_video":"https:\/\/www.youtube.com\/watch?v=_9VUPq3SxOc","caption":"","alignment_text":"left","position_caption":"top","size_text":"md","color_text":""}}},"block_order":["banner_RfWGRC","image_N8Tiwr","video_A6WBBr"],"settings":{"column_count_desktop":3,"column_count_tablet":0,"column_count_mobile":1,"content_alignment":"top","stretch_content":true,"layout_mobile_swipe":false,"icon":"","caption":"","heading":"Multicolumn","heading_type":"h2","subheading":"","button_url":"","button_text":"","style_button":"primary","color_icon":"","color_text":"","color_subheading":"","color_background":"","color_background_gradient":"","padding_top_desktop":32,"padding_bottom_desktop":32,"padding_top_mobile":16,"padding_bottom_mobile":16,"style_line_top":"none","style_line_bottom":"none","color_line":"","display_visibility":"hide-no"}}},"order":["image_logo","main","featured_collection_z9Hhkb","slideshow_hFhExq","multicolumn_Uy3kXH"]}