{"sections":{"breadcrumbs":{"type":"breadcrumbs","settings":{"icon_home":"home","icon_arrow":"chevron_right","color_icon":"","color_text":"","color_background":"","color_background_gradient":"","padding_top_desktop":16,"padding_bottom_desktop":16,"padding_top_mobile":16,"padding_bottom_mobile":16,"style_line_top":"none","style_line_bottom":"none","color_line":"","display_visibility":"hide-no"}},"main":{"type":"main-product","blocks":{"klaviyo_reviews_average_rating_VFKLQx":{"type":"shopify:\/\/apps\/klaviyo-reviews\/blocks\/average-rating\/db20e365-d984-4ac4-9655-e1588d951ca9","settings":{"product":"{{product}}"}},"title":{"type":"title","settings":{"size_text":"md","color_text":"","display_ui_share":false,"display_ui_print":false}},"rich_text_basic_6iFXKj":{"type":"rich_text_basic","settings":{"alignment_horizontal":"left","display_fill_available":false,"display_column":false,"display_row":false,"content":"<p>By {{ product.vendor }}<\/p>","size_text":"md","color_text":""}},"benefits":{"type":"benefits","settings":{"icon_1":"shopify:\/\/shop_images\/LATHENE_2024-full-frost-small.png","heading_1":"Smooth","subheading_1":"","icon_2":"shopify:\/\/shop_images\/web-benefits-icons-brightens.svg","heading_2":"Brighten","subheading_2":"","icon_3":"shopify:\/\/shop_images\/web-benefits-icons-allskin.svg","heading_3":"All Skin Types","subheading_3":""}},"tabs_studio_product_tabs_block_HQr7Y3":{"type":"shopify:\/\/apps\/tabs-studio\/blocks\/product_tabs_block\/19980fb9-f2ca-4ada-ad36-c0364c3318b8","settings":{"start_tab_element":"h3","default_tab":"tab","default_tab_title":"Description","pro_tabs":true,"layout":"breakpoint","layout_breakpoint":750,"open_first_tab":true,"allow_multiple_open":false,"initialize_tabs":"immediate","custom_scripts":""}},"price":{"type":"price","settings":{"display_policy_shipping":true,"display_availability":true,"size_text":"md","color_text":"","color_sale":"#000000"}},"smile_io_smile_points_on_product_page_McTdwi":{"type":"shopify:\/\/apps\/smile-io\/blocks\/smile-points-on-product-page\/2fae4e25-1841-4ea2-bc02-bd548478c4f6","settings":{"primary_colour":"#121212","secondary_colour":"#f8f8f8","preview_scenario":"customer_can_earn_points","should_show_icon":true,"should_show_points_label":true,"points_text_logged_in":"<p>Earn [points_amount] when you buy this item.<\/p>","points_text_logged_out":"<p>Members earn [points_amount] when they buy this item. <a href=\"\/account\/register\/\">Sign up<\/a> or <a href=\"\/account\/login\/\">log in<\/a>.<\/p>"}},"variant_selector":{"type":"variant_selector","settings":{}},"quantity_selector":{"type":"quantity_selector","settings":{}},"seal_subscriptions_subscription_widget_C7aJeQ":{"type":"shopify:\/\/apps\/seal-subscriptions\/blocks\/subscription-widget\/13b25004-a140-4ab7-b5fe-29918f759699","settings":{"product":"{{product}}"}},"add_to_cart_button":{"type":"add_to_cart_button","settings":{"icon_button":"shopping cart","display_additional_buttons":true,"display_free_shipping":true,"display_gift_card_recipient":false,"display_local_pickup":true,"display_payment_icons":true,"display_sticky_cart":false}},"icon_with_text_ydk8mC":{"type":"icon_with_text","disabled":true,"settings":{"icon":"Coronavirus","text":"Feature or unique selling point","link":"","color_text":"","color_icon":""}}},"block_order":["klaviyo_reviews_average_rating_VFKLQx","title","rich_text_basic_6iFXKj","benefits","tabs_studio_product_tabs_block_HQr7Y3","price","smile_io_smile_points_on_product_page_McTdwi","variant_selector","quantity_selector","seal_subscriptions_subscription_widget_C7aJeQ","add_to_cart_button","icon_with_text_ydk8mC"],"custom_css":[],"settings":{"display_width_columns":"equal","ratio_image":"default","style_gallery":"slider","position_gallery":"left","ratio_image_mobile":"default","style_gallery_mobile":"slider","display_controls":true,"padding_top_desktop":0,"padding_bottom_desktop":0,"padding_top_mobile":0,"padding_bottom_mobile":0,"style_line_top":"none","style_line_bottom":"none","color_line":"","giftcard-checkbox":false,"giftcard-desc":""}},"accordion_support_orders":{"type":"accordion","blocks":{"accordion_support_orders_row_01":{"type":"row","settings":{"display_open":false,"article":"","page":"","icon":"","title":"How do I make a purchase?","content":"","button_url":"","button_text":"","style_button":"primary","display_imagery":"bottom","url_video":"","video_autoplay":false,"video_loop":false,"video_mute":true}},"accordion_support_orders_row_02":{"type":"row","settings":{"display_open":false,"article":"","page":"","icon":"","title":"How can I check my order status?","content":"<p>Note that this text is a demonstration example of a response you would add to answer a relevant question.<\/p><p><strong>Tip:<\/strong> Increase trust by being <em>clear<\/em>, <em>informative<\/em> and <em>transparent<\/em> with your customers.<\/p><p>Have further questions? <a href=\"\/pages\/contact\" title=\"Contact\">Contact us<\/a><\/p>","button_url":"","button_text":"","style_button":"primary","display_imagery":"bottom","url_video":"","video_autoplay":false,"video_loop":false,"video_mute":true}},"accordion_support_orders_row_03":{"type":"row","settings":{"display_open":false,"article":"","page":"","icon":"","title":"How do I cancel my order?","content":"<p>Note that this text is a demonstration example of a response you would add to answer a relevant question.<\/p><p><strong>Tip:<\/strong> Increase trust by being <em>clear<\/em>, <em>informative<\/em> and <em>transparent<\/em> with your customers.<\/p><p>Have further questions? <a href=\"\/pages\/contact\" title=\"Contact\">Contact us<\/a><\/p>","button_url":"","button_text":"","style_button":"primary","display_imagery":"bottom","url_video":"","video_autoplay":false,"video_loop":false,"video_mute":true}},"accordion_support_orders_row_04":{"type":"row","settings":{"display_open":false,"article":"","page":"","icon":"","title":"How do I know if my order is confirmed?","content":"<p>Note that this text is a demonstration example of a response you would add to answer a relevant question.<\/p><p><strong>Tip:<\/strong> Increase trust by being <em>clear<\/em>, <em>informative<\/em> and <em>transparent<\/em> with your customers.<\/p><p>Have further questions? <a href=\"\/pages\/contact\" title=\"Contact\">Contact us<\/a><\/p>","button_url":"","button_text":"","style_button":"primary","display_imagery":"bottom","url_video":"","video_autoplay":false,"video_loop":false,"video_mute":true}},"accordion_support_orders_row_05":{"type":"row","settings":{"display_open":true,"article":"","page":"","icon":"","title":"What payment methods do you accept?","content":"<p><em>You can start any accordion row open by default — check out the \"show open by default\" block settings. <\/em><\/p><p>Note that this text is a demonstration example of a response you would add to answer a relevant question.<strong>Tip:<\/strong> Increase trust by being <em>clear<\/em>, <em>informative<\/em> and <em>transparent<\/em> with your customers.<\/p><p>Have further questions? <a href=\"\/pages\/contact\" title=\"Contact\">Contact us<\/a><\/p>","button_url":"","button_text":"","style_button":"primary","display_imagery":"bottom","url_video":"","video_autoplay":false,"video_loop":false,"video_mute":true}}},"block_order":["accordion_support_orders_row_01","accordion_support_orders_row_02","accordion_support_orders_row_03","accordion_support_orders_row_04","accordion_support_orders_row_05"],"disabled":true,"settings":{"blog":"","tag":"","count_items":0,"display_sort_by":"title","display_sort_order":"ascending","display_full_width":false,"sticky_header":true,"icon":"","caption":"We have answers!","heading":"Orders & support","heading_type":"h2","subheading":"<p><strong>You can create full Accordion sections automatically by using dynamic content <\/strong>(i.e. you can automatically use the title and content from articles within a blog or blog tag, or from specific articles or pages).<br\/><br\/>Check out the \"blog\" setting at the top of the section settings to learn more; or you can add a Row block and check out the block settings for Blog posts and\/or Pages.<\/p><p>This can be a powerful way to build a library of FAQs or related content, and can be great for SEO.<\/p>","button_url":"https:\/\/companyxyz.io\/blogs\/sections\/accordion","button_text":"Learn more →","style_button":"plain","color_icon":"","color_text":"","color_subheading":"","color_background":"rgba(0,0,0,0)","color_background_gradient":"","padding_top_desktop":32,"padding_bottom_desktop":32,"padding_top_mobile":16,"padding_bottom_mobile":16,"style_line_top":"none","style_line_bottom":"none","color_line":"","display_visibility":"hide-no"}},"1737554027b45ef54a":{"type":"apps","blocks":{"klaviyo_reviews_product_reviews_TNRxiU":{"type":"shopify:\/\/apps\/klaviyo-reviews\/blocks\/product-reviews\/db20e365-d984-4ac4-9655-e1588d951ca9","settings":{}}},"block_order":["klaviyo_reviews_product_reviews_TNRxiU"],"settings":{}},"product_recommendations":{"type":"product-recommendations","settings":{"count_items":12,"column_count_desktop":4,"column_count_mobile":1,"layout_desktop":"slider","layout_mobile":"slider","display_navigation":true,"display_pagination":false,"ratio_image":"default","style_card":"default","display_text_card":"default","icon":"","caption":"","heading":"Customers Also Purchased","heading_type":"h2","subheading":"","color_icon":"","color_text":"","color_subheading":"","color_background_gradient":"","color_background":"","padding_top_desktop":32,"padding_bottom_desktop":32,"padding_top_mobile":16,"padding_bottom_mobile":16,"style_line_top":"none","style_line_bottom":"none","color_line":"","display_visibility":"hide-no"}}},"order":["breadcrumbs","main","accordion_support_orders","1737554027b45ef54a","product_recommendations"]}