{"sections":{"breadcrumbs":{"type":"breadcrumbs","settings":{"icon_home":"home","icon_arrow":"chevron_right","color_icon":"","color_text":"","color_background":"","color_background_gradient":"","padding_top_desktop":16,"padding_bottom_desktop":16,"padding_top_mobile":16,"padding_bottom_mobile":16,"style_line_top":"none","style_line_bottom":"none","color_line":"","display_visibility":"hide-no"}},"main":{"type":"main-product","blocks":{"title":{"type":"title","settings":{"size_text":"md","color_text":"","display_ui_share":true,"display_ui_print":false}},"price":{"type":"price","settings":{"size_text":"md","color_text":"","color_sale":"rgba(0,0,0,0)"}},"description":{"type":"description","settings":{"size_text":"md","color_text":"","ux_expandable":true}},"benefits":{"type":"benefits","settings":{"icon_1":"Check circle","heading_1":"Benefit","subheading_1":"Subheading","icon_2":"Check circle","heading_2":"Benefit","subheading_2":"Subheading","icon_3":"Check circle","heading_3":"Benefit","subheading_3":"Subheading"}},"variant_selector":{"type":"variant_selector","settings":{}},"quantity_selector":{"type":"quantity_selector","settings":{"display_availability":true}},"add_to_cart_button":{"type":"add_to_cart_button","settings":{"icon_button":"shopping cart","display_additional_buttons":true,"display_free_shipping":true,"display_gift_card_recipient":false,"display_local_pickup":true,"display_payment_icons":true,"display_sticky_cart":true}},"accordion-01":{"type":"accordion","settings":{"display_open":false,"article":"","page":"","heading":"Key highlights","content":"<p>Add relevant text content with the richtext editor. Note that you can also include <a href=\"#\">links<\/a> and basic formatting in this content, e.g. <b>bold<\/b> and <em>italic<\/em>.<\/p>","button_url":"","button_text":"","style_button":"primary","display_imagery":"bottom","url_video":"","video_autoplay":false,"video_loop":false,"video_mute":true}},"accordion-02":{"type":"accordion","settings":{"display_open":false,"article":"","page":"","heading":"How to use","content":"<p>Add relevant text content with the richtext editor. Note that you can also include <a href=\"#\">links<\/a> and basic formatting in this content, e.g. <b>bold<\/b> and <em>italic<\/em>.<\/p>","button_url":"","button_text":"","style_button":"primary","display_imagery":"bottom","url_video":"","video_autoplay":false,"video_loop":false,"video_mute":true}},"accordion-03":{"type":"accordion","settings":{"display_open":true,"article":"","page":"","heading":"Shipping & returns","content":"<p>Add relevant text content with the richtext editor. Note that you can also include <a href=\"#\">links<\/a> and basic formatting in this content, e.g. <b>bold<\/b> and <em>italic<\/em>.<\/p>","button_url":"","button_text":"","style_button":"primary","display_imagery":"bottom","url_video":"","video_autoplay":false,"video_loop":false,"video_mute":true}}},"block_order":["title","price","description","benefits","variant_selector","quantity_selector","add_to_cart_button","accordion-01","accordion-02","accordion-03"],"settings":{"display_width_columns":"right","ratio_image":"square","style_gallery":"one-column-first","position_gallery":"right","padding_top_desktop":0,"padding_bottom_desktop":32,"padding_top_mobile":0,"padding_bottom_mobile":16,"style_line_top":"none","style_line_bottom":"none","color_line":""}},"slideshow_text_controls":{"type":"slideshow-text-controls","blocks":{"slideshow_text_controls_slide_01":{"type":"slide","settings":{"icon":"campaign","heading":"Tell your story","content":"<p>Good storytelling is an important part of selling products. Tell your story with high-impact images or videos.<\/p>","color_overlay_inactive":"#000000","opacity_overlay":40}},"slideshow_text_controls_slide_02":{"type":"slide","settings":{"icon":"auto_awesome","heading":"Show results","content":"<p>Increase trust by being <em>clear, informative,<\/em> and, <em>transparent<\/em> with your customers. Show proof if you have it!<\/p>","color_overlay_inactive":"#000000","opacity_overlay":40}},"slideshow_text_controls_slide_03":{"type":"slide","settings":{"icon":"favorite","heading":"Be unforgettable","content":"<p>Make yourself impossible to forget. Offer great support and guarantees, and leave them wanting more!<\/p>","color_overlay_inactive":"#000000","opacity_overlay":40}}},"block_order":["slideshow_text_controls_slide_01","slideshow_text_controls_slide_02","slideshow_text_controls_slide_03"],"settings":{"position_controls":"left","display_navigation":true,"display_pagination":false,"icon":"","caption":"","heading":"Why you'll love it","heading_type":"h2","subheading":"","button_url":"","button_text":"","style_button":"primary","color_icon":"","color_text":"","color_subheading":"","color_background":"rgba(0,0,0,0)","color_background_gradient":"","padding_top_desktop":32,"padding_bottom_desktop":32,"padding_top_mobile":16,"padding_bottom_mobile":16,"style_line_top":"none","style_line_bottom":"none","color_line":"","display_visibility":"hide-no"}},"accordion_support_orders":{"type":"accordion","blocks":{"accordion_support_orders_row_01":{"type":"row","settings":{"display_open":false,"article":"","page":"","title":"How do I make a purchase?","content":"<p>Note that this text is a demonstration example of a response you would add to answer a relevant question.<\/p><p><strong>Tip:<\/strong> Increase trust by being <em>clear<\/em>, <em>informative<\/em> and <em>transparent<\/em> with your customers.<\/p><p>Have further questions? <a href=\"\/pages\/contact\" title=\"Contact\">Contact us<\/a><\/p>","button_url":"","button_text":"","style_button":"primary","display_imagery":"bottom","url_video":"","video_autoplay":false,"video_loop":false,"video_mute":true}},"accordion_support_orders_row_02":{"type":"row","settings":{"display_open":false,"article":"","page":"","title":"How can I check my order status?","content":"<p>Note that this text is a demonstration example of a response you would add to answer a relevant question.<\/p><p><strong>Tip:<\/strong> Increase trust by being <em>clear<\/em>, <em>informative<\/em> and <em>transparent<\/em> with your customers.<\/p><p>Have further questions? <a href=\"\/pages\/contact\" title=\"Contact\">Contact us<\/a><\/p>","button_url":"","button_text":"","style_button":"primary","display_imagery":"bottom","url_video":"","video_autoplay":false,"video_loop":false,"video_mute":true}},"accordion_support_orders_row_03":{"type":"row","settings":{"display_open":false,"article":"","page":"","title":"How do I cancel my order?","content":"<p>Note that this text is a demonstration example of a response you would add to answer a relevant question.<\/p><p><strong>Tip:<\/strong> Increase trust by being <em>clear<\/em>, <em>informative<\/em> and <em>transparent<\/em> with your customers.<\/p><p>Have further questions? <a href=\"\/pages\/contact\" title=\"Contact\">Contact us<\/a><\/p>","button_url":"","button_text":"","style_button":"primary","display_imagery":"bottom","url_video":"","video_autoplay":false,"video_loop":false,"video_mute":true}},"accordion_support_orders_row_04":{"type":"row","settings":{"display_open":false,"article":"","page":"","title":"How do I know if my order is confirmed?","content":"<p>Note that this text is a demonstration example of a response you would add to answer a relevant question.<\/p><p><strong>Tip:<\/strong> Increase trust by being <em>clear<\/em>, <em>informative<\/em> and <em>transparent<\/em> with your customers.<\/p><p>Have further questions? <a href=\"\/pages\/contact\" title=\"Contact\">Contact us<\/a><\/p>","button_url":"","button_text":"","style_button":"primary","display_imagery":"bottom","url_video":"","video_autoplay":false,"video_loop":false,"video_mute":true}},"accordion_support_orders_row_05":{"type":"row","settings":{"display_open":true,"article":"","page":"","title":"What payment methods do you accept?","content":"<p><em>You can start any accordion row open by default — check out the \"show open by default\" block settings. <\/em><\/p><p>Note that this text is a demonstration example of a response you would add to answer a relevant question.<strong>Tip:<\/strong> Increase trust by being <em>clear<\/em>, <em>informative<\/em> and <em>transparent<\/em> with your customers.<\/p><p>Have further questions? <a href=\"\/pages\/contact\" title=\"Contact\">Contact us<\/a><\/p>","button_url":"","button_text":"","style_button":"primary","display_imagery":"bottom","url_video":"","video_autoplay":false,"video_loop":false,"video_mute":true}}},"block_order":["accordion_support_orders_row_01","accordion_support_orders_row_02","accordion_support_orders_row_03","accordion_support_orders_row_04","accordion_support_orders_row_05"],"settings":{"blog":"","tag":"","count_items":0,"display_sort_by":"title","display_sort_order":"ascending","display_full_width":false,"sticky_header":true,"icon":"","caption":"We have answers!","heading":"Orders & support","heading_type":"h2","subheading":"<p><strong>You can create full Accordion sections automatically by using dynamic content <\/strong>(i.e. you can automatically use the title and content from articles within a blog or blog tag, or from specific articles or pages).<br\/><br\/>Check out the \"blog\" setting at the top of the section settings to learn more; or you can add a Row block and check out the block settings for Blog posts and\/or Pages.<\/p><p>This can be a powerful way to build a library of FAQs or related content, and can be great for SEO.<\/p>","button_url":"https:\/\/companyxyz.io\/blogs\/sections\/accordion","button_text":"Learn more →","style_button":"plain","color_icon":"","color_text":"","color_subheading":"","color_background":"rgba(0,0,0,0)","color_background_gradient":"","padding_top_desktop":32,"padding_bottom_desktop":32,"padding_top_mobile":16,"padding_bottom_mobile":16,"style_line_top":"none","style_line_bottom":"none","color_line":"","display_visibility":"hide-no"}},"product_recommendations":{"type":"product-recommendations","settings":{"count_items":12,"column_count_desktop":3,"column_count_mobile":1,"layout_desktop":"slider","layout_mobile":"slider","display_navigation":true,"display_pagination":false,"ratio_image":"default","style_card":"default","display_text_card":"default","icon":"","caption":"","heading":"You might also like","heading_type":"h2","subheading":"","color_icon":"","color_text":"","color_subheading":"","color_background_gradient":"","color_background":"","padding_top_desktop":32,"padding_bottom_desktop":32,"padding_top_mobile":16,"padding_bottom_mobile":16,"style_line_top":"none","style_line_bottom":"none","color_line":"","display_visibility":"hide-no"}}},"order":["breadcrumbs","main","slideshow_text_controls","accordion_support_orders","product_recommendations"]}